NSONE	GOOGLE (AS15169)	6
tld-ns.com	DIAMATRIX (AS327979)	2
xc-ns.de	Wurth IT GmbH (AS207481)	1
CLOUDFLARENET	AMAZON-02 (AS16509)	15
CLOUDFLARENET	CLOUDFLARENET (AS13335)	91
Paratus	Wix.com Ltd. (AS58182)	1
SECURITYSERVICES	NAMECHEAP-NET (AS22612)	9
LIQUIDWEB	LIQUIDWEB (AS32244)	8
com.na	xneelo (AS37153)	9
namhost.com	xneelo (AS37153)	46
com.na	Paratus (AS33763)	12
com.na	SALT-ASN (AS37026)	4
supremepanel.com	UK Dedicated Servers Limited (AS42831)	1
second-ns.com	Hetzner Online GmbH (AS24940)	9
namhost.com	LIQUIDWEB (AS32244)	10
SECURITYSERVICES	CSC (AS19574)	15
xneelo	xneelo (AS37153)	56
com.na	AMAZON-02 (AS16509)	2
CLOUDFLARENET	HOSTROUND-LLC (AS397666)	4
TELECOM-NAMIBIA	TELECOM-NAMIBIA (AS36996)	15
nvme-servers.com	Hetzner Online GmbH (AS24940)	1
AMAZON-02	A2HOSTING (AS55293)	9
MICROSOFT-CORP-MSN-AS-BLOCK	20i Limited (AS48254)	1
MICROSOFT-CORP-MSN-AS-BLOCK	AMAZON-AES (AS14618)	1
Rackspace Ltd.	TELECOM-NAMIBIA (AS36996)	1
Paratus	xneelo (AS37153)	5
Host Europe GmbH	Host Europe GmbH (AS21501)	1
Paratus	Paratus (AS33763)	14
NSONE	AMAZON-02 (AS16509)	3
d9hosting.com	UK Dedicated Servers Limited (AS42831)	1
dns-ns.host	DIAMATRIX (AS327979)	9
IS-AS-1	IS-AS-1 (AS19318)	6
GOOGLE	Wix.com Ltd. (AS58182)	6
co.za	ZA-1-Grid (AS36943)	3
co.za	AMAZON-02 (AS16509)	3
host-ww.net	Host-Africa-AS (AS328364)	1
Click	Click (AS329067)	5
thundercloud.uk	Awareness Software Limited (AS34931)	9
co.za	MICROSOFT-CORP-MSN-AS-BLOCK (AS8075)	3
HURRICANE	TELECOM-NAMIBIA (AS36996)	8
awsdns-07.com	GOOGLE-CLOUD-PLATFORM (AS396982)	1
Host Europe GmbH	AMAZON-02 (AS16509)	3
awsdns-15.org	AMAZON-02 (AS16509)	1
AMAZON-02	WHG Hosting Services Ltd (AS209341)	7
CLOUDFLARENET	xneelo (AS37153)	9
ultradns.biz	Melbikomas UAB (AS56630)	2
Paratus	Host-Africa-AS2 (AS329184)	1
netim.net	Eurofiber France SAS (AS24935)	1
awsdns-25.net	AMAZON-02 (AS16509)	6
NSONE	Cloudflare London, LLC (AS209242)	1
ipb.na	IMH-IAD (AS54641)	1
MICROSOFT-CORP-MSN-AS-BLOCK	Paratus (AS33763)	3
MICROSOFT-CORP-MSN-AS-BLOCK	Akamai Connected Cloud (AS63949)	1
CLOUDFLARENET	LIQUIDWEB (AS32244)	2
markmonitor.com	AMAZON-02 (AS16509)	10
CLOUDFLARENET	Hetzner Online GmbH (AS24940)	3
MICROSOFT-CORP-MSN-AS-BLOCK	UNIFIEDLAYER-AS-1 (AS46606)	1
servconfig.com	INMOTION (AS22611)	2
Paratus	GOOGLE-CLOUD-PLATFORM (AS396982)	1
Rackspace Ltd.	Akamai Connected Cloud (AS63949)	5
CLOUDFLARENET	Hostinger International Limited (AS47583)	18
CLOUDFLARENET	WHG Hosting Services Ltd (AS209341)	1
MICROSOFT-CORP-MSN-AS-BLOCK	MICROSOFT-CORP-MSN-AS-BLOCK (AS8075)	3
shell.com	MICROSOFT-CORP-MSN-AS-BLOCK (AS8075)	1
MTN Business Solutions	xneelo (AS37153)	4
hostpapa.com	HOSTP-LA (AS23273)	2
SECURITYSERVICES	SECURITYSERVICES (AS12008)	1
durabledns.com	Afrihost (AS37611)	2
MICROSOFT-CORP-MSN-AS-BLOCK	LIQUIDWEB (AS32244)	1
morganstanley.net	CSC (AS19574)	1
CLOUDFLARENET	DIAMATRIX (AS327979)	3
namhost.com	Hivelocity LLC (AS61317)	16
inmotionhosting.com	INMOTION (AS22611)	3
inmotionhosting.com	IMH-IAD (AS54641)	3
eurodns.com	Datacenter Luxembourg S.A. (AS24611)	2
lemarit.de	23M GmbH (AS47447)	1
co.za	HomeFind24 (AS328174)	1
CLOUDFLARENET	Network-Platforms (AS37497)	3
radonit.info	UK Dedicated Servers Limited (AS42831)	1
Paratus	MTN Business Solutions (AS16637)	2
CLOUDFLARENET	TELECOM-NAMIBIA (AS36996)	2
com.na	SQUARESPACE (AS53831)	1
dotwebdesigns.net	Iomart Managed Services Limited (AS35425)	1
Akamai International B.V.	Marubeni OKI Network Solutions Inc. (AS4677)	1
audi.de	Audi AG (AS12331)	1
awsdns-05.org	WBD-AS40703 (AS40703)	1
digitalocean.com	AMAZON-02 (AS16509)	1
co.za	IS (AS3741)	1
SECURITYSERVICES	COGECO-PEER1 (AS13768)	1
phoenix-tech.net	IONOS SE (AS8560)	2
Rackspace Ltd.	CLOUDFLARENET (AS13335)	1
Akamai International B.V.	Akamai International B.V. (AS20940)	2
com.na	HOSTROUND-LLC (AS397666)	4
winville.biz	WHG Hosting Services Ltd (AS14670)	1
Paratus	FASTLY (AS54113)	1
co.za	Host-Africa-AS2 (AS329184)	2
CLOUDFLARENET	Contabo GmbH (AS51167)	2
nameshield.net	Nameshield SAS (AS20756)	2
CLOUDFLARENET	Mobile Telecommunications (AS37009)	1
safebrands.com	AMAZON-02 (AS16509)	2
r4l.com	GOOGLE-CLOUD-PLATFORM (AS396982)	1
chilliserv.net	NETWORK-SOLUTIONS-HOSTING (AS19871)	1
dns-ns.host	DIGITALOCEAN-ASN (AS14061)	1
xneelo	Wix.com Ltd. (AS58182)	3
MICROSOFT-CORP-MSN-AS-BLOCK	Click (AS329067)	1
namhost.com	Wix.com Ltd. (AS58182)	2
safenames.com	Safenames Ltd. (AS60819)	2
lemarit.de	Liebherr-IT Services GmbH (AS30915)	1
AMAZON-02	WHG Hosting Services Ltd (AS51713)	4
awsdns-27.org	AMAZON-02 (AS16509)	1
digitalocean.com	IS-AS-1 (AS19318)	2
CLOUDFLARENET	Afrihost (AS37611)	2
MICROSOFT-CORP-MSN-AS-BLOCK	NAMECHEAP-NET (AS22612)	4
teruza.com	xneelo (AS37153)	1
HOSTROUND-LLC	HOSTROUND-LLC (AS397666)	14
awsdns-41.net	AMAZON-02 (AS16509)	1
GOOGLE-CLOUD-PLATFORM	ZA-1-Grid (AS36943)	1
Click	20i Limited (AS48254)	1
CLOUDFLARENET	FASTLY (AS54113)	1
servconfig.com	IMH-IAD (AS54641)	1
xneelo	GOOGLE-CLOUD-PLATFORM (AS396982)	2
com.na	GOOGLE-CLOUD-PLATFORM (AS396982)	1
CLOUDFLARENET	MICROSOFT-CORP-MSN-AS-BLOCK (AS8075)	1
co.za	xneelo (AS37153)	3
trouble-free.net	IS-AS-1 (AS19318)	1
awsdns-11.org	Wix.com Ltd. (AS58182)	1
Safenames Ltd.	Safenames Ltd. (AS60819)	4
bluehost.com	LIQUIDWEB (AS32244)	1
noc40.com	IOFLOOD (AS53755)	1
namgeeks.com	NAMECHEAP-NET (AS22612)	1
MICROSOFT-CORP-MSN-AS-BLOCK	FASTLY (AS54113)	1
com.na	FASTLY (AS54113)	1
com.na	IWAY_AFRICA (AS36877)	7
awsdns-24.org	SQUARESPACE (AS53831)	1
Click	Paratus (AS33763)	2
awsdns-13.com	Afrihost (AS37611)	1
namhost.com	AMAZON-AES (AS14618)	1
dotwebdesigns.net	WEEBLY (AS27647)	1
MICROSOFT-CORP-MSN-AS-BLOCK	Hostinger International Limited (AS47583)	1
ericsson.se	MICROSOFT-CORP-MSN-AS-BLOCK (AS8075)	1
CLOUDFLARENET	Equinix (EMEA) Acquisition Enterprises B.V. (AS15830)	1
co.zw	Paratus (AS33763)	1
co.za	FNBCONNECT (AS37028)	1
Akamai International B.V.	Cloudflare London, LLC (AS209242)	1
CLOUDFLARENET	Paratus (AS33763)	5
Host Europe GmbH	Paratus (AS33763)	2
instradns.com	OVH SAS (AS16276)	3
hostingnamibia.com	INMOTION (AS22611)	2
IS-AS-1	GOOGLE-CLOUD-PLATFORM (AS396982)	1
supremedns.com	Ficolo Oy (AS49282)	1
globvill.de	Global Village GmbH (AS13039)	1
CLOUDFLARENET	Wix.com Ltd. (AS58182)	5
CLOUDFLARENET	Iway-Network-AS (AS30896)	1
Host Europe GmbH	DIGITALOCEAN-ASN (AS14061)	1
vtech.biz	HOST4GEEKS-LLC (AS393960)	3
co.za	Hetzner Online GmbH (AS24940)	1
xneelo	Hetzner Online GmbH (AS24940)	3
register.it	Register S.p.A. (AS39729)	3
CLOUDFLARENET	INFOTECHSYS (AS6943)	1
webhostbox.net	UNIFIEDLAYER-AS-1 (AS46606)	1
google.com	GOOGLE (AS15169)	1
com.na	POWER LINE DATACENTER (AS132839)	1
ui-dns.biz	IONOS SE (AS8560)	1
dreamhost.com	DREAMHOST-AS (AS26347)	2
co.za	Afrihost (AS37611)	2
MICROSOFT-CORP-MSN-AS-BLOCK	Wix.com Ltd. (AS58182)	2
trivenempire.com	xneelo (AS37153)	1
namhost.com	GOOGLE-CLOUD-PLATFORM (AS396982)	1
Paratus	MICROSOFT-CORP-MSN-AS-BLOCK (AS8075)	1
SECURITYSERVICES	NINTENDO (AS11278)	2
MICROSOFT-CORP-MSN-AS-BLOCK	DIGITALOCEAN-ASN (AS14061)	1
com.na	UNIFIEDLAYER-AS-1 (AS46606)	1
awsdns-20.org	AMAZON-02 (AS16509)	1
markmonitor.com	ATT-INTERNET4 (AS7018)	1
DataKeepers	DataKeepers (AS328170)	3
awsdns-17.org	Wix.com Ltd. (AS58182)	1
verpex.com	WHG Hosting Services Ltd (AS51713)	1
brandshelter.com	AMAZON-02 (AS16509)	1
awsdns-06.net	AMAZON-02 (AS16509)	1
Host Europe GmbH	GO-DADDY-COM-LLC (AS398101)	2
scania.com	Scania CV AB (AS202116)	1
hkdns.host	Hetzner Online GmbH (AS24940)	1
MICROSOFT-CORP-MSN-AS-BLOCK	DIAMATRIX (AS327979)	3
awsdns-30.com	AMAZON-02 (AS16509)	1
Akamai International B.V.	MASTER-7-AS (AS26380)	1
awsdns-29.org	GO-DADDY-COM-LLC (AS398101)	1
com.na	Afrihost (AS37611)	1
statezero001.com	Contabo GmbH (AS51167)	1
CLOUDFLARENET	GOOGLE (AS15169)	1
SECURITYSERVICES	CSC Administrative Services Limited (AS34922)	1
ns14.net	AMAZON-02 (AS16509)	1
ns26.de	Pixel X e.K. (AS60380)	1
designsolutionnam.com	LIQUIDNETLTD1 (AS14555)	1
Paratus	DIGITALOCEAN-ASN (AS14061)	2
Paratus	NAMECHEAP-NET (AS22612)	1
AMAZON-02	WHG Hosting Services Ltd (AS204800)	1
awsdns-01.com	AMAZON-02 (AS16509)	1
namhost.com	Coleso (AS328841)	1
ultradns.biz	SECURITYSERVICES (AS12008)	1
SECURITYSERVICES	MICROSOFT-CORP-MSN-AS-BLOCK (AS8075)	1
jcwdns.com	ZA-1-Grid (AS36943)	1
CLOUDFLARENET	Infocomunicacoes, S.A. (AS9186)	1
dhl.com	DHLNET (AS2571)	1
siteground.net	GOOGLE-CLOUD-PLATFORM (AS396982)	1
CLOUDFLARENET	IQ PL Sp. z o.o. (AS47544)	1
CLOUDFLARENET	SQUARESPACE (AS53831)	1
bluehost.com	UNIFIEDLAYER-AS-1 (AS46606)	1
MICROSOFT-CORP-MSN-AS-BLOCK	Akenes SA (AS61098)	1
CLOUDFLARENET	INCAPSULA (AS19551)	1
awsdns-17.com	AMAZON-02 (AS16509)	1
MICROSOFT-CORP-MSN-AS-BLOCK	xneelo (AS37153)	1
namhost.com	AMAZON-02 (AS16509)	2
LIQUIDWEB	GOOGLE-CLOUD-PLATFORM (AS396982)	1
justhost.com	UNIFIEDLAYER-AS-1 (AS46606)	1
namhost.com	Cloudflare London, LLC (AS209242)	1
CLOUDFLARENET	OVH SAS (AS16276)	1
GOOGLE-CLOUD-PLATFORM	20i Limited (AS48254)	3
co.za	Wix.com Ltd. (AS58182)	1
gransnamibia.com	LIQUIDWEB (AS32244)	1
CLOUDFLARENET	CLOUDACCESS-NETWORK (AS54456)	1
prominent.de	TWL-Kom GmbH (AS9022)	1
mrcelleb.com	IONOS SE (AS8560)	1
CLOUDFLARENET	UNIFIEDLAYER-AS-1 (AS46606)	1
CLOUDFLARENET	IWAY_AFRICA (AS36877)	1
bosch.de	Robert Bosch Gesellschaft mit Beschraenkter Haftung (AS9183)	1
dns-ns.host	MICROSOFT-CORP-MSN-AS-BLOCK (AS8075)	1
holcim.com	AMAZON-02 (AS16509)	1
tyrmida.com	xneelo (AS37153)	1
awsdns-05.org	Hostinger International Limited (AS47583)	1
CLOUDFLARENET	Iomart Cloud Services Limited (AS20860)	1
CLOUDFLARENET	AMAZON-AES (AS14618)	1
namhost.com	DIAMATRIX (AS327979)	1
CLOUDFLARENET	GOOGLE-CLOUD-PLATFORM (AS396982)	1
supremedns.com	UK Dedicated Servers Limited (AS42831)	1
awsdns-11.net	CLOUDFLARENET (AS13335)	1
siteground.net	GOOGLE (AS15169)	1
nanodog.net	NAMECHEAP-NET (AS22612)	1
emirates.com	AMAZON-02 (AS16509)	1
AMAZON-02	Wix.com Ltd. (AS58182)	1
ipb.na	TELECOM-NAMIBIA (AS36996)	1
digicertdns.com	DIGICERT (AS16552)	1
rhostbh.com	UNIFIEDLAYER-AS-1 (AS46606)	1
ckinam.com	UNIFIEDLAYER-AS-1 (AS46606)	1
kongamo.com	AMAZON-02 (AS16509)	1
Safenames Ltd.	MICROSOFT-CORP-MSN-AS-BLOCK (AS8075)	1
awsdns-12.net	GOOGLE-CLOUD-PLATFORM (AS396982)	1
apptocloud.net	DIGITALOCEAN-ASN (AS14061)	1
Paratus	AMAZON-02 (AS16509)	1
MTN Business Solutions	AMAZON-02 (AS16509)	1
awsdns-02.org	GOOGLE-CLOUD-PLATFORM (AS396982)	1
awsdns-08.com	AMAZON-02 (AS16509)	1
host-ww.net	Host-Africa-AS2 (AS329184)	1
xneelo	DIGITALOCEAN-ASN (AS14061)	1
fatcow.com	BIZLAND-SD (AS29873)	1
nanodog.net	xneelo (AS37153)	1
Akamai International B.V.	Rackspace Ltd. (AS15395)	1
greengeeks.net	SINGLEHOP-LLC (AS32475)	1
awsdns-02.org	AMAZON-02 (AS16509)	1
namxserver.com	20i Limited (AS48254)	1
awsdns-13.com	AMAZON-02 (AS16509)	1
awsdns-26.net	CLOUDFLARENET (AS13335)	1
hpdns.net	Enix Ltd (AS52148)	1
co.uk	AMAZON-02 (AS16509)	1
CLOUDFLARENET	Neue Medien Muennich GmbH (AS34788)	1
CLOUDFLARENET	DIGITALOCEAN-ASN (AS14061)	1
DataKeepers	IS-AS-1 (AS19318)	1
