CLOUDFLARENET	AzFiberNet Ltd. (AS203971)	8
CLOUDFLARENET	DIGITALOCEAN-ASN (AS14061)	207
CLOUDFLARENET	A2HOSTING (AS55293)	45
CLOUDFLARENET	CLOUDFLARENET (AS13335)	5772
Safenames Ltd.	Safenames Ltd. (AS60819)	31
CLOUDFLARENET	Hostinger International Limited (AS47583)	1534
hostinq1.com	LIQUIDNETLTD1 (AS14555)	23
AUTOMATTIC	AUTOMATTIC (AS2635)	25
Delta Telecom Ltd	Delta Telecom Ltd (AS29049)	566
smart Sistemz Technoloji Mmm	smart Sistemz Technoloji Mmm (AS34876)	7
domishko.ru	e-Style ISP LLC (AS20655)	3
datacentre.az	Baku Telephone Communication LLC (AS28787)	1
OVH SAS	OVH SAS (AS16276)	122
OUR Technology LLC	OUR Technology LLC (AS213881)	233
twinservers.net	PE Skurykhin Mukola Volodumurovuch (AS56851)	9
AMAZON-02	GOOGLE (AS15169)	18
SECURITYSERVICES	CSC (AS19574)	153
reg.ru	Domain names registrar REG.RU, Ltd (AS197695)	118
Hetzner Online GmbH	Hetzner Online GmbH (AS24940)	812
Beget LLC	Beget LLC (AS198610)	444
host.az	INTRA Network Systems Ltd (AS15815)	191
nic.ru	Servicepipe LLC (AS201706)	1
OVH SAS	P.a.g.m. Ou (AS198068)	38
NAMECHEAP-NET	NAMECHEAP-NET (AS22612)	167
Arvid Logicum OU	Arvid Logicum OU (AS202376)	68
fornex.com	Fornex Hosting S.L. (AS44051)	149
timeweb.org	TimeWeb LLC (AS9123)	146
CLOUDFLARENET	GOOGLE-CLOUD-PLATFORM (AS396982)	123
CLOUDFLARENET	LIQUIDWEB (AS32244)	15
Akamai Connected Cloud	Akamai Connected Cloud (AS63949)	27
AMAZON-02	A2HOSTING (AS55293)	86
YANDEX LLC	Hetzner Online GmbH (AS24940)	18
CLOUDFLARENET	Ddos-guard Ltd (AS57724)	85
Netbudur Telekomunikasyon Limited Sirketi	Netbudur Telekomunikasyon Limited Sirketi (AS202505)	51
AzInTelecom LLC	AzInTelecom LLC (AS200729)	19
IS-AS-1	IS-AS-1 (AS19318)	38
BurtiNET Internet Hizmetleri	BurtiNET Internet Hizmetleri (AS203248)	6
Hydra Communications Ltd	Enix Ltd (AS52148)	157
CLOUDFLARENET	AMAZON-02 (AS16509)	181
GOOGLE	Wix.com Ltd. (AS58182)	213
SECURITYSERVICES	NAMECHEAP-NET (AS22612)	280
veridyen.com	Veridyen Bilisim Teknolojileri Sanayi ve Ticaret Limited Sirketi (AS209853)	54
GOOGLE	FASTLY (AS54113)	2
alotvshop.com	AG Telekom MMC. (AS57293)	1
Contabo GmbH	Contabo GmbH (AS51167)	71
linode.com	Akamai Connected Cloud (AS63949)	9
EuroByte LLC	EuroByte LLC (AS210079)	6
Hostinger International Limited	Hostinger International Limited (AS47583)	18
unknown	NETWORK-SOLUTIONS-HOSTING (AS19871)	18
NETWORK-SOLUTIONS-HOSTING	NETWORK-SOLUTIONS-HOSTING (AS19871)	67
Delta Telecom Ltd	FASTLY (AS54113)	6
GHOSTnet GmbH	GHOSTnet GmbH (AS12586)	51
UNIFIEDLAYER-AS-1	UNIFIEDLAYER-AS-1 (AS46606)	29
gorenje.si	PERFTECH, podjetje za proizvodnjo in uvajanje novih tehnologij, d.o.o. (AS6764)	1
CLOUDFLARENET	Hetzner Online GmbH (AS24940)	153
alfanet.az	Alfanet LLC (AS50274)	189
CLOUDFLARENET	Baku Telephone Communication LLC (AS28787)	11
liquidweb.com	LIQUIDWEB (AS32244)	2
domainhizmetleri.net	DH Bulut Bilisim Anonim Sirketi (AS34828)	15
Hosting Ukraine LTD	Tilda Publishing Ltd. (AS205282)	2
hostsila.com	Hostpro Lab LLC (AS196645)	13
CLOUDFLARENET	Iomart Cloud Services Limited (AS20860)	1
hostinq1.com	Belcloud LTD (AS44901)	2
Hosting Dunyam Bilisim Teknolojileri Ticaret Limited Sirketi	Hosting Dunyam Bilisim Teknolojileri Ticaret Limited Sirketi (AS212219)	13
burtinet.com	BurtiNET Internet Hizmetleri (AS203248)	2
managed-ip.info	Buhler AG (AS34261)	2
MICROSOFT-CORP-MSN-AS-BLOCK	LIQUIDWEB (AS32244)	33
awsdns-36.net	AMAZON-02 (AS16509)	1
Hostart LLC	Hostart LLC (AS207619)	32
bind.az	GSP LLC (AS203622)	33
Mustafa cakir	Mustafa cakir (AS213795)	72
AMAZON-02	GOOGLE-CLOUD-PLATFORM (AS396982)	4
MICROSOFT-CORP-MSN-AS-BLOCK	MICROSOFT-CORP-MSN-AS-BLOCK (AS8075)	30
AMAZON-02	SINGLEHOP-LLC (AS32475)	38
domserver.de	InterNetX GmbH (AS15456)	1
Telehouse EAD	Telehouse EAD (AS57344)	11
smtp.az	Hetzner Online GmbH (AS24940)	19
CLOUDFLARENET	Delta Telecom Ltd (AS29049)	87
provisov.net	OVH SAS (AS16276)	2
CLOUDFLARENET	INCAPSULA (AS19551)	40
AS-VULTR	AS-VULTR (AS20473)	11
Host Europe GmbH	GOOGLE-CLOUD-PLATFORM (AS396982)	2
hostland.ru	Hostland LTD (AS62082)	28
Sinam LLC	Sinam LLC (AS44725)	16
Delta Telecom Ltd	Wix.com Ltd. (AS58182)	7
zeplingo.com	LeaseWeb Netherlands B.V. (AS60781)	1
rash.az	SpaceWeb Ltd (AS44112)	4
YANDEX LLC	Ddos-guard Ltd (AS57724)	5
Webhost LLC	Webhost LLC (AS44094)	37
awsdns-15.org	AMAZON-02 (AS16509)	1
cloudns.net	Delta Telecom Ltd (AS29049)	2
CLOUDFLARENET	AS-VULTR (AS20473)	65
natrohost.com	Cizgi Telekomunikasyon Anonim Sirketi (AS34619)	18
AMAZON-02	WHG Hosting Services Ltd (AS209341)	55
Iksir Internet Hizmetleri A.S.	Iksir Internet Hizmetleri A.S. (AS206991)	19
shneider-host.ru	Serverius Holding B.V. (AS50673)	40
NSONE	AMAZON-02 (AS16509)	198
markmonitor.com	AMAZON-02 (AS16509)	71
CLOUDFLARENET	Enix Ltd (AS52148)	12
contabo.net	Contabo GmbH (AS51167)	117
accountservergroup.com	UNIFIEDLAYER-AS-1 (AS46606)	1
mehrhost.com	Hetzner Online GmbH (AS24940)	2
Akamai International B.V.	NCUBE-OREGON-AS (AS1219)	1
com.tr	Niobe Telekomunikasyon Bilisim Teknolojileri Yazilim Danismanlik Sanayi ve Ticaret Ltd. Sti. (AS42868)	43
awsdns-16.com	Delta Telecom Ltd (AS29049)	1
AMAZON-02	WHG Hosting Services Ltd (AS51713)	14
hostsila.com	Atman Sp. z o.o. (AS24723)	19
PONYNET	Wildcard UK Limited (AS34119)	8
Host Europe GmbH	AS-26496-GO-DADDY-COM-LLC (AS26496)	18
Hetzner Online GmbH	Contabo GmbH (AS51167)	2
tobiz.net	JSC Selectel (AS49505)	9
host.az	MICROSOFT-CORP-MSN-AS-BLOCK (AS8075)	1
SECURITYSERVICES	COLT Technology Services Group Limited (AS8220)	1
quick-hosts.com	AMAZON-02 (AS16509)	1
managed-ip.com	MICROSOFT-CORP-MSN-AS-BLOCK (AS8075)	1
CLOUDFLARENET	Arvid Logicum OU (AS202376)	3
CLOUDFLARENET	Beget LLC (AS198610)	20
AMAZON-02	WHG Hosting Services Ltd (AS14670)	53
YANDEX LLC	Delta Telecom Ltd (AS29049)	11
CLOUDFLARENET	AzInTelecom LLC (AS200729)	31
CLOUDFLARENET	Cloudflare London, LLC (AS209242)	11
SECURITYSERVICES	CHEVRON (AS7862)	3
com.ua	TheHost LLC (AS56485)	1
Host Europe GmbH	Host Europe GmbH (AS21499)	49
hostgator.com	NETWORK-SOLUTIONS-HOSTING (AS19871)	88
firstbytedns.net	ORACLE-BMC-31898 (AS31898)	1
serverhostgroup.com	OVH SAS (AS16276)	38
register.it	Register S.p.A. (AS39729)	41
Hostixo Internet Bilisim Yazilim Hizmetleri Tic. ve San. Ltd. Sti.	Hostixo Internet Bilisim Yazilim Hizmetleri Tic. ve San. Ltd. Sti. (AS212069)	11
A2HOSTING	A2HOSTING (AS55293)	7
unknown	Enix Ltd (AS52148)	22
site4now.net	SHARKTECH (AS46844)	68
nexloc.ro	Exim Host SRL (AS211611)	10
YANDEX LLC	AMAZON-02 (AS16509)	4
LLC VK	Hostinger International Limited (AS47583)	3
nroute.de	TelemaxX Telekommunikation GmbH (AS12843)	1
awsdns-00.net	Delta Telecom Ltd (AS29049)	1
CLOUDFLARENET	AS40676 (AS40676)	5
Akamai International B.V.	AMAZON-02 (AS16509)	2
awardspace.com	Zetta Hosting Solutions LLC. (AS44476)	8
Cenuta Telekomunikasyon Anonim Sirketi	Cenuta Telekomunikasyon Anonim Sirketi (AS213252)	51
CLOUDFLARENET	BIZLAND-SD (AS29873)	24
EDNS	Ddos-guard Ltd (AS57724)	1
MICROSOFT-CORP-MSN-AS-BLOCK	DIGITALOCEAN-ASN (AS14061)	6
guzelhosting.com	OVH SAS (AS16276)	21
Hydra Communications Ltd	Hetzner Online GmbH (AS24940)	5
Beget LLC	AMAZON-02 (AS16509)	4
Host Europe GmbH	GO-DADDY-COM-LLC (AS398101)	47
net.tr	Teletek Bulut Bilisim ve Iletisim Hizmetleri A.S. (AS43352)	13
LLC Baxet	LLC Baxet (AS51659)	47
JSC Selectel	JSC Selectel (AS49505)	10
cloudns.net	Hostinger International Limited (AS47583)	7
Azertelecom LLC	Azerfon LLC (AS42779)	1
layerip.com	Freethought Internet Limited (AS41000)	6
Cizgi Telekomunikasyon Anonim Sirketi	Cizgi Telekomunikasyon Anonim Sirketi (AS42807)	39
nsresponse.com	WHG Hosting Services Ltd (AS14670)	20
CLOUDFLARENET	UNIFIEDLAYER-AS-1 (AS46606)	171
autofusion.az	Hostart LLC (AS207619)	1
fornex.com	firstcolo GmbH (AS44066)	5
Akamai Connected Cloud	WHG Hosting Services Ltd (AS209341)	4
OWEB Bilisim Teknolojileri A.S.	OWEB Bilisim Teknolojileri A.S. (AS211871)	49
CLOUDFLARENET	Leaseweb Deutschland GmbH (AS28753)	1
CLOUDFLARENET	Contabo GmbH (AS51167)	67
CLOUDFLARENET	NAMECHEAP-NET (AS22612)	25
surat.az	Hetzner Online GmbH (AS24940)	1
alastyr.com	Alastyr Telekomunikasyon A.S. (AS3188)	10
studio.az	Hetzner Online GmbH (AS24940)	33
hostarex.net	Hetzner Online GmbH (AS24940)	4
ipcom GmbH	CLOUDFLARENET (AS13335)	1
sprinthost.net	Sprinthost.ru LLC (AS35278)	6
SECURITYSERVICES	Hostart LLC (AS207619)	1
zomro.com	Zomro B.V. (AS204601)	5
Host Europe GmbH	AMAZON-02 (AS16509)	50
name-services.com	AMAZON-02 (AS16509)	7
GANDI SAS	MICROSOFT-CORP-MSN-AS-BLOCK (AS8069)	5
helphosting.net	TheHost LLC (AS56485)	15
ANEXIA Internetdienstleistungs GmbH	Tele2 SWIPnet (AS1257)	6
NETWORK-SOLUTIONS-HOSTING	Hostinger International Limited (AS47583)	3
a-z.az	Hetzner Online GmbH (AS24940)	20
CLOUDFLARENET	Veridyen Bilisim Teknolojileri Sanayi ve Ticaret Limited Sirketi (AS209853)	10
hostsila.com	Serverius Holding B.V. (AS50673)	19
hostgator.com	UNIFIEDLAYER-AS-1 (AS46606)	139
markmonitor.com	CISCOSYSTEMS (AS109)	1
Azertelecom LLC	Azertelecom LLC (AS196925)	16
Ultel LLC	Ultel LLC (AS39280)	2
cloudns.net	NForce Entertainment B.V. (AS43350)	3
pomidor.az	SELNET LLC (AS200446)	1
az-evro Tel LLC	az-evro Tel LLC (AS13099)	2
CLOUDFLARENET	Caspian Telecom LLC (AS201167)	2
MICROSOFT-CORP-MSN-AS-BLOCK	AMAZON-02 (AS16509)	18
CLOUDFLARENET	Hosting Dunyam Bilisim Teknolojileri Ticaret Limited Sirketi (AS212219)	16
co.uk	Web Wiz Ltd (AS203315)	5
holcim.com	DIGITALOCEAN-ASN (AS14061)	1
hizhosting.com	Cnc Bilisim Hizmetleri Insaat Sanayi Ve Ticaret Limited Sirketi (AS207709)	1
vizyon.az	Delta Telecom Ltd (AS29049)	2
Freethought Internet Limited	NAMECHEAP-NET (AS22612)	5
Wildcard UK Limited	Wildcard UK Limited (AS34119)	25
CLOUDFLARENET	Serverius Holding B.V. (AS50673)	4
csa.az	Baku Telephone Communication LLC (AS28787)	1
SECURITYSERVICES	AMAZON-02 (AS16509)	13
CLOUDFLARENET	AUTOMATTIC (AS2635)	1
Hydra Communications Ltd	Hydra Communications Ltd (AS25369)	120
az-host.ws	Hostinger International Limited (AS47583)	12
IONOS SE	united-domains GmbH (AS202108)	17
Delta Telecom Ltd	AMAZON-02 (AS16509)	6
ix.ru	PS Internet Company LLP (AS48716)	1
SHOCK-1	SHOCK-1 (AS395092)	67
GANDI SAS	GANDI SAS (AS29169)	28
selnet.az	Delta Telecom Ltd (AS29049)	1
datanet.az	OVH SAS (AS16276)	7
fuldata.az	GHOSTnet GmbH (AS12586)	1
reg.ru	Ddos-guard Ltd (AS57724)	1
Beget LLC	P.a.g.m. Ou (AS198068)	2
AMAZON-02	TimeWeb LLC (AS9123)	1
infobox.ru	LLC astra Cloud (AS41535)	1
NSONE	MICROSOFT-CORP-MSN-AS-BLOCK (AS8069)	1
AMAZON-02	OVH SAS (AS16276)	37
managed-ip.com	novomind AG (AS206775)	2
perf1.com	Nameshield SAS (AS20756)	7
CLOUDFLARENET	Wix.com Ltd. (AS58182)	15
lite-host.in	OVH SAS (AS16276)	2
SECURITYSERVICES	PPCO (AS18701)	1
sherlockhost.ru	JSC IOT (AS29182)	2
Azertelecom LLC	Hetzner Online GmbH (AS24940)	8
iptwins.com	OVH SAS (AS16276)	8
guzelhosting.com	GNET Internet Telekomunikasyon A.S. (AS42846)	54
Domain names registrar REG.RU, Ltd	Domain names registrar REG.RU, Ltd (AS197695)	3
Markahost Telekomunikasyon Ve Ticaret Limited Sirketi	Markahost Telekomunikasyon Ve Ticaret Limited Sirketi (AS207279)	12
YANDEX LLC	Contabo GmbH (AS51167)	2
swiftydns.com	HZ Hosting Ltd (AS59711)	1
Akamai Connected Cloud	INTRA Network Systems Ltd (AS15815)	1
unknown	AG Telekom MMC. (AS57293)	7
awsdns-03.com	CSC (AS19574)	1
Azedunet LLC	Fornex Hosting S.L. (AS44051)	1
LLC Smart Ape	LLC Smart Ape (AS56694)	18
hostns.io	Enix Ltd (AS52148)	24
f5clouddns.com	DHLNET (AS2571)	1
ofisimo.net	Ozkula Internet Hizmetleri Tic. LTD. STI. (AS211859)	2
supremedns.com	LIQUIDNETLTD1 (AS14555)	15
adminvps.net	AdminVPS OOO (AS211642)	11
hostforweb.net	WHG Hosting Services Ltd (AS14670)	2
fms.az	GSP LLC (AS203622)	1
LLC VK	Dgn Teknoloji A.s. (AS43260)	1
com.tr	Cizgi Telekomunikasyon Anonim Sirketi (AS42807)	2
online.az	INTRA Network Systems Ltd (AS15815)	6
LLC VK	Innet.az Ltd (AS211790)	2
host.az	NAMECHEAP-NET (AS22612)	1
YANDEX LLC	PE Skurykhin Mukola Volodumurovuch (AS56851)	3
stmdata.az	Flexnet LLC (AS205547)	1
unknown	Metronet LLC (AS39397)	22
netflix.net	AMAZON-02 (AS16509)	1
bulutistan.com	Ict Bulut Bilisim A.s. (AS47952)	1
krystal.uk	Krystal Hosting Ltd (AS12488)	3
CLOUDFLARENET	FASTLY (AS54113)	17
nsdata.ru	I-servers Ltd (AS209641)	2
atakdomain.com	Hetzner Online GmbH (AS24940)	1
Beget LLC	JSC IOT (AS29182)	3
supremepanel.com	LIQUIDNETLTD1 (AS14555)	10
inmotionhosting.com	INMOTION (AS22611)	32
Akamai International B.V.	Akamai International B.V. (AS20940)	15
EDNS	Hetzner Online GmbH (AS24940)	4
nic.ru	JSC Selectel (AS49505)	2
temok.com	NOCIX (AS33387)	1
ruweb.net	EuroByte LLC (AS210079)	33
123ns.de	'ingenit GmbH & Co. KG' (AS57376)	7
Internet-Pro LLC	Internet-Pro LLC (AS44128)	3
expressbank.az	Caspian Telecom LLC (AS201167)	7
CLOUDFLARENET	DREAMHOST-AS (AS26347)	37
medyaweb.net	Ozkula Internet Hizmetleri Tic. LTD. STI. (AS211859)	2
kamar-halal.az	Hetzner Online GmbH (AS24940)	1
Hetzner Online GmbH	AMAZON-02 (AS16509)	1
twincloudhost.com	UK Dedicated Servers Limited (AS42831)	13
azdomen.az	OVH SAS (AS16276)	1
AZETEL LLC	Metronet LLC (AS39397)	2
EuroByte LLC	Iron Hosting Centre LTD (AS216139)	10
MICROSOFT-CORP-MSN-AS-BLOCK	Azersun Holding LLC (AS211937)	5
smtp.az	Delta Telecom Ltd (AS29049)	2
hostgator.com	CLOUDFLARENET (AS13335)	9
CLOUDFLARENET	Uninet LLC (AS39232)	10
gotelecom.az	IZONE LLC (AS200154)	1
tamsigorta.az	Sunucun Bilgi Iletisim Teknolojileri Ve Ticaret Limited Sirketi (AS197450)	1
co.uk	AMAZON-02 (AS16509)	21
Sinam LLC	Aztelekom LLC (AS34170)	1
ultahost.com	firstcolo GmbH (AS44066)	4
dtech.ovh	Hetzner Online GmbH (AS24940)	6
pointhq.com	AMAZON-AES (AS14618)	1
Hosting Ukraine LTD	Hosting Ukraine LTD (AS200000)	21
excel.az	Delta Telecom Ltd (AS29049)	1
hostiq.ua	PE Skurykhin Mukola Volodumurovuch (AS56851)	13
searchword.ru	Rostelecom (AS42610)	1
host.az	Heart Internet limited (AS20738)	1
bosch.de	Robert Bosch Gesellschaft mit Beschraenkter Haftung (AS9183)	3
SBAEDGE-603	SBAEDGE-603 (AS53264)	13
afraid.org	SOFTLAYER (AS36351)	5
smtp.az	Yandex.Cloud LLC (AS200350)	1
LLC VK	A2HOSTING (AS55293)	6
hostgator.com	ORACLE-BMC-31898 (AS31898)	3
hostgator.com	LIQUIDWEB (AS32244)	1
nic.ru	Sprinthost.ru LLC (AS35278)	1
PONYNET	PONYNET (AS53667)	12
CLOUDFLARENET	Radore Veri Merkezi Hizmetleri A.S. (AS42926)	3
MICROSOFT-CORP-MSN-AS-BLOCK	Superonline Iletisim Hizmetleri A.S. (AS34984)	1
ORANGE BUSINESS SERVICES U.S. Inc.	AMAZON-02 (AS16509)	6
CLOUDFLARENET	Evolus IT Solutions GmbH (AS215120)	1
dns-lowhost.com	Internet-Cosmos LLC (AS34300)	2
dinlet.az	SELNET LLC (AS200446)	1
IONOS SE	Hotel Reservation Service Robert Ragge GmbH (AS28801)	1
LDSCHURCH1	LDSCHURCH1 (AS19648)	9
Host Europe GmbH	GO-DADDY-COM-LLC (AS398787)	2
alfanet.az	GOOGLE (AS15169)	1
CLOUDFLARENET	LLC Baxet (AS51659)	6
CLOUDFLARENET	ORACLE-BMC-31898 (AS31898)	12
kandar.az	Hetzner Online GmbH (AS24940)	1
SECURITYSERVICES	BAYER-ARCH (AS23167)	2
spaceweb.pro	SpaceWeb Ltd (AS44112)	16
awsdns-01.org	AMAZON-02 (AS16509)	1
gov.az	State Service Of Special Communication And Information Security Of The Republic Of Azerbaij (AS206977)	39
lallemand.com	Delta Telecom Ltd (AS29049)	1
lemarit.de	LEMARIT GmbH (AS204135)	3
monotech.az	Hetzner Online GmbH (AS24940)	1
raminserver.com	WHG Hosting Services Ltd (AS14670)	8
CLOUDFLARENET	Hostart LLC (AS207619)	12
SECURITYSERVICES	MICROSOFT-CORP-MSN-AS-BLOCK (AS8069)	1
net.tr	Doruk Iletisim ve Otomasyon Sanayi ve Ticaret A.S. (AS8685)	6
turkticaret.net	TURKTICARET.NET YAZILIM HIZMETLERI SAN. ve TIC. A.S. (AS197720)	3
CLOUDFLARENET	WHG Hosting Services Ltd (AS14670)	9
name-services.com	Wix.com Ltd. (AS58182)	1
telman.az	Hetzner Online GmbH (AS24940)	4
fornex.com	Datasource AG (AS51395)	10
UNIFIEDLAYER-AS-1	HLL LLC (AS51115)	1
Cizgi Telekomunikasyon Anonim Sirketi	A2HOSTING (AS55293)	2
activeby.net	Ddos-guard Ltd (AS57724)	1
arbinex.az	Hetzner Online GmbH (AS24940)	3
YANDEX LLC	Onur Ekren (AS203576)	1
hostiman.ru	JSC Selectel (AS50340)	5
CLOUDFLARENET	Telekom Slovenije, d.d. (AS5603)	1
CLOUDFLARENET	Teleport LLC (AS196961)	3
Host Europe GmbH	GO-DADDY-COM-LLC (AS400754)	4
nameshield.net	Nameshield SAS (AS20756)	8
awsdns-10.org	AMAZON-AES (AS14618)	1
Hetzner Online GmbH	Caspian Telecom LLC (AS201167)	2
hostgator.com	DIGITALOCEAN-ASN (AS14061)	4
dell.com	Akamai International B.V. (AS33905)	1
SECURITYSERVICES	SECURITYSERVICES (AS12008)	24
ratsiya.az	Hostart LLC (AS207619)	1
alfanet.az	Ddos-guard Ltd (AS57724)	2
creativedesign.az	WHG Hosting Services Ltd (AS14670)	2
LIQUIDNETLTD1	LIQUIDNETLTD1 (AS14555)	7
CLOUDFLARENET	Azertelecom LLC (AS196925)	16
ixlas.az	OVH SAS (AS16276)	1
MICROSOFT-CORP-MSN-AS-BLOCK	Liquid Web B.V. (AS201682)	2
fastcpanelserver.com	OVH SAS (AS16276)	4
IONOS SE	23M GmbH (AS47447)	1
performance.az	Delta Telecom Ltd (AS29049)	1
mcqs.az	GOOGLE (AS15169)	1
Netinternet Bilisim Teknolojileri AS	Nova Hosting Ve Bilisim Teknolojileri A.s. (AS214823)	7
hoster.az	Alfanet LLC (AS50274)	6
alfanet.az	Beget LLC (AS198610)	2
GANDI SAS	Delta Telecom Ltd (AS29049)	1
abushov.az	Sunucun Bilgi Iletisim Teknolojileri Ve Ticaret Limited Sirketi (AS197450)	1
GOOGLE-CLOUD-PLATFORM	20i Limited (AS48254)	18
CLOUDFLARENET	OVH SAS (AS16276)	32
internetbilisim.net	Onur Ekren (AS203576)	4
clausweb.ro	CLAUS WEB srl (AS203053)	1
dyn.com	Azertelecom LLC (AS196925)	2
ramazan.az	Delta Telecom Ltd (AS29049)	1
dts-online.net	Claas KGaA mbH (AS208868)	1
penetron.az	Hetzner Online GmbH (AS24940)	1
AMAZON-02	Hostinger International Limited (AS47583)	1
kebirhost.com	Hetzner Online GmbH (AS24940)	4
exclusivehosting.net	Baku Telephone Communication LLC (AS28787)	1
gransy.com	CASABLANCA INT a.s. (AS15685)	2
SECURITYSERVICES	Serverius Holding B.V. (AS50673)	1
cloudns.net	DIGITALOCEAN-ASN (AS14061)	2
Baku Telephone Communication LLC	Baku Telephone Communication LLC (AS28787)	8
Hostpoint AG	Hostpoint AG (AS29097)	4
netim.net	Eurofiber France SAS (AS24935)	9
azerfood.az	AG Telekom MMC. (AS57293)	1
domeny.tv	Dataspace P.s.a. (AS50599)	4
CLOUDFLARENET	OWEB Bilisim Teknolojileri A.S. (AS211871)	2
CLOUDFLARENET	Teknosos Bilisim Hizmetleri Ve Tic. Ltd. Sti. (AS207459)	1
awsdns-13.org	AMAZON-02 (AS16509)	1
bravehost.com	COGENT-174 (AS174)	2
richeza.az	Hetzner Online GmbH (AS24940)	1
freehosting.com	Hetzner Online GmbH (AS24940)	18
relevate.ru	EuroByte LLC (AS210079)	1
AZETEL LLC	DIGITALOCEAN-ASN (AS14061)	4
AMAZON-02	PS Internet Company LLP (AS48716)	1
hostingdunyam.net	Hosting Dunyam Bilisim Teknolojileri Ticaret Limited Sirketi (AS212219)	4
MICROSOFT-CORP-MSN-AS-BLOCK	CENTURYLINK-LEGACY-SAVVIS (AS3561)	3
YANDEX LLC	AG Telekom MMC. (AS57293)	3
AMAZON-02	DIGITALOCEAN-ASN (AS14061)	1
castel.az	Caspian Telecom LLC (AS201167)	4
LLC VK	NAMECHEAP-NET (AS22612)	2
WHG Hosting Services Ltd	WHG Hosting Services Ltd (AS14670)	5
hey.az	Hetzner Online GmbH (AS24940)	7
vipdata.az	GHOSTnet GmbH (AS12586)	22
mybizcloud.at	Infotech EDV-Systeme GmbH (AS28760)	1
Host Europe GmbH	KKM IT Limited (AS60922)	1
siict.net	TheHost LLC (AS56485)	10
com.tr	Aysima Bilisim Teknolojileri (AS59674)	1
Host Europe GmbH	UNIFIEDLAYER-AS-1 (AS46606)	11
iiko-systems.com	Ddos-guard Ltd (AS57724)	1
awsdns-21.com	RACKSPACE (AS27357)	1
whirlpool.com	LIQUIDWEB (AS32244)	3
JSC Selectel	Ddos-guard Ltd (AS57724)	2
DIGICERT	KKM IT Limited (AS60922)	1
inmotionhosting.com	IMH-IAD (AS54641)	19
CLOUDFLARENET	SOFTLAYER (AS36351)	2
fornex.com	Fornex Hosting S.L. (AS16003)	6
LLC VK	Azedunet LLC (AS29584)	1
kayizer.com	Kayizer Teknoloji Ltd. Sti. (AS215645)	4
Start LLC	Start LLC (AS61400)	8
cloudns.net	Connect CJSC (AS61304)	1
MICROSOFT-CORP-MSN-AS-BLOCK	NL-811-40021 (AS40021)	4
widhost.net	Aruba S.p.A. (AS31034)	1
awsdns-04.org	AMAZON-02 (AS16509)	2
digitalrepublic.az	Host Europe GmbH (AS21499)	3
CLOUDFLARENET	UAB Interneto vizija (AS212531)	8
CLOUDFLARENET	az-evro Tel LLC (AS13099)	15
gulfstream.az	UZSCINET (AS31492)	1
CLOUDFLARENET	System Service Ltd. (AS50448)	1
MICROSOFT-CORP-MSN-AS-BLOCK	UNIFIEDLAYER-AS-1 (AS46606)	4
awsdns-25.org	Cloudflare London, LLC (AS209242)	1
ukit.com	Ddos-guard Ltd (AS57724)	7
banahosting.com	SERVERCENTRAL (AS23352)	1
awsdns-30.org	FASTLY (AS54113)	1
ifastnet5.org	Wildcard UK Limited (AS34119)	3
houstonians.com	OVH SAS (AS16276)	2
awsdns-03.org	AMAZON-02 (AS16509)	1
LLC VK	ActiveHost RU LLC (AS51698)	1
controlpanel.host	Hetzner Online GmbH (AS24940)	6
Hetzner Online GmbH	CLOUDFLARENET (AS13335)	3
araz-net.az	Araz Tech LLC (AS203680)	2
DIGICERT	Ddos-guard Ltd (AS57724)	5
CLOUDFLARENET	Akamai Connected Cloud (AS63949)	4
cscudns.com	Austrian Airlines AG (AS44594)	2
Delta Telecom Ltd	GOOGLE-CLOUD-PLATFORM (AS396982)	4
724-group.com	UNIFIEDLAYER-AS-1 (AS46606)	4
owlhost.net	WIBO Baltic UAB (AS59939)	2
atakdomain.com	PremierDC Veri Merkezi Anonim Sirketi (AS42910)	1
CLOUDFLARENET	Fornex Hosting S.L. (AS44051)	11
DIMENOC	DIMENOC (AS33182)	4
vergi.az	Delta Telecom Ltd (AS29049)	1
Azertelecom LLC	Contabo GmbH (AS51167)	2
webhostingbuzz.com	WHG Hosting Services Ltd (AS14670)	1
IS-AS-1	Ddos-guard Ltd (AS57724)	4
fornex.com	Data Storage Center JSC (AS49063)	15
hostpapa.com	ONIAAS (AS40092)	1
avia-tour.az	AzInTelecom LLC (AS200729)	1
CLOUDFLARENET	Eclit Bilisim Hizmetleri A.S (AS50941)	1
awsdns-13.net	COMCAST-7922 (AS7922)	1
inmotionhosting.com	MICROSOFT-CORP-MSN-AS-BLOCK (AS8075)	1
eolas.fr	FASTLY (AS54113)	1
awsdns-32.com	AMAZON-02 (AS16509)	1
Metronet LLC	Metronet LLC (AS39397)	4
is-fun.net	Westwing GmbH (AS198996)	1
net.tr	Vodafone Net Iletisim Hizmetler AS (AS15924)	1
mcafee.com	AMAZON-02 (AS16509)	1
CLOUDFLARENET	Netinternet Bilisim Teknolojileri AS (AS51559)	1
CLOUDFLARENET	Host Europe GmbH (AS21499)	6
CLOUDFLARENET	Enterprise Cloud Ltd. (AS48096)	3
ovh.net	OVH SAS (AS16276)	20
matba.az	Hetzner Online GmbH (AS24940)	1
Akamai International B.V.	MICROSOFT-CORP-MSN-AS-BLOCK (AS8075)	4
unknown	Hetzner Online GmbH (AS24940)	18
mytickets.az	Hostart LLC (AS207619)	1
ipcom GmbH	AMAZON-02 (AS16509)	22
natrohost.com	Enix Ltd (AS52148)	1
softtelecom.az	IZONE LLC (AS200154)	1
bog.ge	JSCB Bank of Georgia (AS48393)	1
megagroup.ru	Megagroup.ru LLC (AS60357)	8
CLOUDFLARENET	SERVERCENTRAL (AS23352)	1
registrar-servers.com	Hostinger International Limited (AS47583)	1
CLOUDFLARENET	Hydra Communications Ltd (AS25369)	1
AMAZON-02	CLOUDFLARENET (AS13335)	4
shockhosting.net	SHOCK-1 (AS395092)	2
hostgator.com	CONFLUENCE-NETWORK-INC (AS40034)	6
awsdns-07.com	AzInTelecom LLC (AS200729)	1
CLOUDFLARENET	NETWORK-SOLUTIONS-HOSTING (AS19871)	14
vps-dns.info	Arvid Logicum OU (AS202376)	12
alfanet.az	Netbudur Telekomunikasyon Limited Sirketi (AS202505)	1
maintech.az	AzInTelecom LLC (AS200729)	1
SECURITYSERVICES	OVH SAS (AS16276)	3
awsdns-26.org	AMAZON-02 (AS16509)	1
intel.com	INTEL-SC-AS (AS4983)	1
neohost.biz	UK Dedicated Servers Limited (AS42831)	7
adminvps.net	Hetzner Online GmbH (AS24940)	7
fozzy.com	WZ-US-40824 (AS40824)	6
AMAZON-02	Hetzner Online GmbH (AS24940)	1
CLOUDFLARENET	LLC astra Cloud (AS41535)	1
law.az	Hetzner Online GmbH (AS24940)	2
register.it	INCAPSULA (AS19551)	1
nic.ru	Beget LLC (AS198610)	1
intrans.az	INTRA Network Systems Ltd (AS15815)	1
CLOUDFLARENET	AMAZON-AES (AS14618)	1
awsdns-26.net	AMAZON-AES (AS14618)	1
Hetzner Online GmbH	Veridyen Bilisim Teknolojileri Sanayi ve Ticaret Limited Sirketi (AS209853)	1
fozzy.com	Ddos-guard Ltd (AS57724)	1
myideasoft.com	CLOUDFLARENET (AS13335)	3
CLOUDFLARENET	Podaon SIA (AS211381)	1
Hosting Ukraine LTD	OVH SAS (AS16276)	5
sarimakina.az	Hetzner Online GmbH (AS24940)	1
azx.az	Uninet LLC (AS39232)	1
kaba.com	AMAZON-02 (AS16509)	2
SECURITYSERVICES	MICROSOFT-CORP-MSN-AS-BLOCK (AS8075)	8
kasperskylabs.net	Kaspersky Lab Switzerland GmbH (AS200107)	1
bakiniti.az	Baku Telephone Communication LLC (AS28787)	1
NSONE	CLOUDFLARENET (AS13335)	2
Hydra Communications Ltd	AMAZON-02 (AS16509)	1
YANDEX LLC	Zen Internet Ltd (AS13037)	1
Hetzner Online GmbH	KKM IT Limited (AS60922)	1
helpwebhost.com	Ava Host Srl (AS48753)	1
gs-host.com	Hetzner Online GmbH (AS24940)	8
ucoz.net	SERVERS-COM (AS7979)	1
smtpaz.com	Hetzner Online GmbH (AS24940)	17
globalsunucum.com	PENTECH BILISIM TEKNOLOJILERI SANAYI VE TICARET LIMITED SIRKETi (AS48678)	1
Delta Telecom Ltd	Hetzner Online GmbH (AS24940)	9
DIGICERT	pasha Technology LLC (AS209700)	2
ports.se	Hetzner Online GmbH (AS24940)	1
ucoz.net	Webhost LLC (AS44094)	22
linode.com	Delta Telecom Ltd (AS29049)	4
ifastnet11.org	Wildcard UK Limited (AS34119)	3
CLOUDFLARENET	HostLAB Bilisim Teknolojileri A.S. (AS207326)	19
mmc.com	AMAZON-02 (AS16509)	1
net.tr	Hetzner Online GmbH (AS24940)	4
abiyev.net	Akamai Connected Cloud (AS63949)	1
ORANGEHOST	ORANGEHOST (AS19853)	6
sima.az	AzInTelecom LLC (AS200729)	1
host.az	Contabo GmbH (AS51167)	2
awsdns-14.org	AMAZON-02 (AS16509)	2
Hydra Communications Ltd	A2HOSTING (AS55293)	2
CLOUDFLARENET	MICROSOFT-CORP-MSN-AS-BLOCK (AS8075)	10
serverhostgroup.com	KKM IT Limited (AS60922)	1
azlink.az	The Educational Center for Internet and New Technologies of the Nakhchivan Autonomous Repub (AS199731)	1
Hetzner Online GmbH	Wix.com Ltd. (AS58182)	1
servconfig.com	INMOTION (AS22611)	1
web.tr	Hostinger International Limited (AS47583)	1
tetrapak.com	AMAZON-02 (AS16509)	1
sedoparking.com	SEDO GmbH (AS47846)	7
CLOUDFLARENET	Enflow B.V. (AS209626)	1
GOOGLE	GOOGLE-CLOUD-PLATFORM (AS396982)	4
CLOUDFLARENET	M247 Europe SRL (AS9009)	2
SECURITYSERVICES	Hetzner Online GmbH (AS24940)	2
cloudns.net	SELNET LLC (AS200446)	4
hostns.io	Hydra Communications Ltd (AS25369)	12
co.uk	Hetzner Online GmbH (AS24940)	6
fazlanet.com	Inetmar Internet Hizmetleri Bilism Teknolojileri Sanayi Ve Ticaret Limited (AS49467)	4
supremedns.com	Belcloud LTD (AS44901)	1
DIGICERT	DIGITALOCEAN-ASN (AS14061)	3
fozzy.com	Webzilla B.V. (AS35415)	7
CLOUDFLARENET	pasha Technology LLC (AS209700)	3
Hetzner Online GmbH	Ddos-guard Ltd (AS57724)	6
GOOGLE	Delta Telecom Ltd (AS29049)	2
wfolio.com	Haicom Limited (AS48988)	4
EDNS	AMAZON-02 (AS16509)	1
krka.si	KRKA, d.d.Novo mesto (AS29015)	1
SECURITYSERVICES	FASTLY (AS54113)	1
awsdns-29.net	Delta Telecom Ltd (AS29049)	1
efoism.com	Hetzner Online GmbH (AS24940)	1
dynu.com	AS-VULTR (AS20473)	1
vap.az	OVH SAS (AS16276)	2
CLOUDFLARENET	RACKMONK DATACENTERS PRIVATE LIMITED (AS152491)	1
LLC VK	Beget LLC (AS198610)	2
LLC VK	Serverius Holding B.V. (AS50673)	1
nichosting.info	Webglobe, s.r.o. (AS29134)	1
HURRICANE	The Educational Center for Internet and New Technologies of the Nakhchivan Autonomous Repub (AS199731)	1
maxonline.de	AzInTelecom LLC (AS200729)	1
Hosting Ukraine LTD	Hetzner Online GmbH (AS24940)	2
grundfos.com	Grundfos Holding A/s (AS31131)	1
Delta Telecom Ltd	CLOUDFLARENET (AS13335)	5
CLOUDFLARENET	Sinam LLC (AS44725)	6
hpe.com	HPINC (AS2165)	1
CLOUDFLARENET	RAILWAY (AS400940)	5
Host Europe GmbH	Host Europe GmbH (AS21501)	11
holcim.com	AMAZON-02 (AS16509)	2
ihsdnsx48.com	IHS Kurumsal Teknoloji Hizmetleri A.S (AS49126)	1
smartbox.az	Akamai Connected Cloud (AS63949)	1
DIGICERT	GOOGLE-CLOUD-PLATFORM (AS396982)	1
bnamed.eu	Opera Norway AS (AS39832)	1
zetnet.az	A2Z Technologies CJSC (AS211995)	2
nic.ru	Yandex.Cloud LLC (AS200350)	2
Akamai International B.V.	Turkish Airlines Inc. (AS51625)	2
roxtec.com	Roxtec International AB (AS207538)	1
bravoonline.az	CASPEL LLC (AS207251)	1
caphosting.com	Hetzner Online GmbH (AS24940)	1
ipcom GmbH	Deutsche Telekom AG (AS3320)	1
hostsila.com	OUR Technology LLC (AS213881)	1
quicns.com	AS-VULTR (AS20473)	3
nic.ru	PS Internet Company LLP (AS48716)	1
AMAZON-02	AMAZON-02 (AS16509)	18
BIZLAND-SD	BIZLAND-SD (AS29873)	16
selfi.az	Hetzner Online GmbH (AS24940)	1
co.uk	OVH SAS (AS16276)	6
PH Bilisim Teknolojileri Limited Sirketi	PH Bilisim Teknolojileri Limited Sirketi (AS210574)	14
CLOUDFLARENET	Domain names registrar REG.RU, Ltd (AS197695)	5
name-services.com	NETWORK-SOLUTIONS-HOSTING (AS19871)	10
allns.net	Innovative IT Solutions LLC (AS215601)	12
disneyinternational.net	DISNEYONLINE-AS (AS8137)	2
YANDEX LLC	Uninet LLC (AS39232)	2
CLOUDFLARENET	PH Bilisim Teknolojileri Limited Sirketi (AS210574)	4
ihsdnsx29.com	IHS Kurumsal Teknoloji Hizmetleri A.S (AS49126)	1
servercount.com	Hetzner Online GmbH (AS24940)	2
rehau.com	REHAU Industries SE & Co. KG (AS204138)	1
CLOUDFLARENET	De-Host Bilisim ve Yazilim Hizmetleri (AS47516)	2
melomaniya.az	CLOUDFLARENET (AS13335)	1
LLC VK	TimeWeb LLC (AS9123)	3
ascio.com	EPAG Domainservices GmbH (AS12915)	1
kurbaga.net	Hetzner Online GmbH (AS24940)	2
boxsecured.com	Hostinger International Limited (AS47583)	4
buludhost.az	Hetzner Online GmbH (AS24940)	2
atakdomain.com	Atak Domain Bilgi Teknolojileri A.S. (AS211401)	15
DIGITALOCEAN-ASN	M247 Europe SRL (AS9009)	3
serverhostgroup.com	Ddos-guard Ltd (AS57724)	4
CLOUDFLARENET	Sysclay Sp. z o. o. (AS15391)	1
myjsdns.com	Belcloud LTD (AS44901)	3
sabahost.net	Saba Abr Mizban LLC (AS34412)	1
mttcon.az	Hetzner Online GmbH (AS24940)	1
CLOUDFLARENET	SQUARESPACE (AS53831)	3
dpn.de	OVH SAS (AS16276)	1
DIGICERT	DIGICERT (AS16552)	6
MICROSOFT-CORP-MSN-AS-BLOCK	Moka United Odeme Hizmetleri Ve Elektronik Para Kurulusu A.s (AS43677)	1
edu.az	Azedunet LLC (AS29584)	1
science.az	State Service Of Special Communication And Information Security Of The Republic Of Azerbaij (AS206977)	1
ipcom GmbH	DXC-AS3360 (AS3360)	1
link-host.net	Hetzner Online GmbH (AS24940)	1
LLC VK	OVH SAS (AS16276)	3
e-gov.az	AzInTelecom LLC (AS200729)	1
dnsenable.com	Isimtescil Bilisim A.S. (AS51557)	2
data-center.com	Hetzner Online GmbH (AS24940)	1
okservis.az	GSP LLC (AS203622)	1
Beget LLC	Hetzner Online GmbH (AS24940)	3
1945.az	AzInTelecom LLC (AS200729)	1
LIQUIDNETLTD1	UNIFIEDLAYER-AS-1 (AS46606)	1
litres.ru	LLC LitRes (AS61306)	1
vhostingadmin.net	Compic OU (AS39823)	1
iqlime.az	SELNET LLC (AS200446)	1
neytech.online	Uninet LLC (AS39232)	1
CLOUDFLARENET	Belcloud LTD (AS44901)	5
shebeke.az	AzInTelecom LLC (AS200729)	1
CLOUDFLARENET	GNET Internet Telekomunikasyon A.S. (AS42846)	1
awsdns-29.com	Hetzner Online GmbH (AS24940)	1
cosyhosting.com	NETWORK-SOLUTIONS-HOSTING (AS19871)	2
Hetzner Online GmbH	Hostinger International Limited (AS47583)	2
nominus.com	A2HOSTING (AS55293)	1
a1.net	Nessus GmbH (AS47692)	1
Cloud DNS Ltd	GOOGLE-CLOUD-PLATFORM (AS396982)	5
bynet.az	GNET Internet Telekomunikasyon A.S. (AS42846)	1
com.tr	T.C. Ziraat Bankasi A.S. (AS29549)	2
YANDEX LLC	Scalaxy B.V. (AS58061)	1
frienddns.info	Green Floid LLC (AS50979)	4
CLOUDFLARENET	netcup GmbH (AS197540)	6
ns14.net	Neue Medien Muennich GmbH (AS34788)	1
euronet.az	Hetzner Online GmbH (AS24940)	1
hostmetro.com	SERVERCENTRAL (AS23352)	1
domainoo.fr	Planet Service SARL (AS61168)	5
Azedunet LLC	TheHost LLC (AS56485)	1
ancara.net	Planetel SPA (AS47217)	1
JSC RTComm.RU	Ddos-guard Ltd (AS57724)	1
azlike.info	Hetzner Online GmbH (AS24940)	1
NETWORK-SOLUTIONS-HOSTING	Wix.com Ltd. (AS58182)	1
yourwebhosting.com	BIZLAND-SD (AS29873)	1
CLOUDFLARENET	Nls Astana Llp (AS205516)	1
registrar-servers.com	NAMECHEAP-NET (AS22612)	17
acilucakkargo.com	Onur Ekren (AS203576)	1
rebusta.az	Ddos-guard Ltd (AS57724)	1
lemarit.de	Liebherr-IT Services GmbH (AS30915)	1
gov.az	AzInTelecom LLC (AS200729)	5
awsdns-08.com	AMAZON-02 (AS16509)	1
hostenko.net	AS-GLOBALTELEHOST (AS63023)	3
abdns.biz	Aruba S.p.A. (AS31034)	1
CLOUDFLARENET	OMNIS (AS19237)	2
ui-dns.biz	IONOS SE (AS8560)	4
lxcluster.at	T-Mobile Austria GmbH (AS8412)	1
State Service Of Special Communication And Information Security Of The Republic Of Azerbaij	State Service Of Special Communication And Information Security Of The Republic Of Azerbaij (AS206977)	5
pq.hosting	Pq Hosting Plus S.r.l. (AS44477)	1
xit.az	OVH SAS (AS16276)	2
co.uk	AMAZON-AES (AS14618)	2
cloudns.net	AS-COLOCROSSING (AS36352)	1
yolumuzqarabaga.az	Electronic Government Development Center Public Legal Entity (AS210665)	1
reg.ru	NAMECHEAP-NET (AS22612)	1
mirohost.net	Internet Invest, Ltd. (AS25393)	4
CLOUDFLARENET	NL-811-40021 (AS40021)	3
CLOUDFLARENET	Webhost LLC (AS44094)	1
com.br	ORACLE-BMC-31898 (AS31898)	1
register.it	SEEWEB s.r.l. (AS12637)	1
detalium.az	CLOUDFLARENET (AS13335)	1
dn-s.nl	Signet B.V. (AS20857)	1
fulserver.az	OVH SAS (AS16276)	2
vitrum.az	Hetzner Online GmbH (AS24940)	1
JSC RTComm.RU	JSC RTComm.RU (AS8342)	4
CLOUDFLARENET	GO-DADDY-COM-LLC (AS398787)	1
adminvps.net	AdminVPS OOO (AS211183)	2
nztravelclub.az	NETWORK-SOLUTIONS-HOSTING (AS19871)	2
ugfischer.com	fischerwerke GmbH & Co. KG (AS207404)	1
timeweb.org	Leaseweb Deutschland GmbH (AS28753)	2
Akamai Connected Cloud	UNIFIEDLAYER-AS-1 (AS46606)	2
YANDEX LLC	DIGITALOCEAN-ASN (AS14061)	2
awsdns-13.net	AMAZON-02 (AS16509)	1
YANDEX LLC	Beget LLC (AS198610)	3
aifdigital.az	TURKTICARET.NET YAZILIM HIZMETLERI SAN. ve TIC. A.S. (AS197720)	1
arvixe.com	UNIFIEDLAYER-AS-1 (AS46606)	2
vps.net	UK-2 Limited (AS13213)	1
talahost.com	Hetzner Online GmbH (AS24940)	1
garmtech.com	Garmtech Lp (AS43108)	2
epos.az	Scalaxy B.V. (AS58061)	3
CLOUDFLARENET	WHG Hosting Services Ltd (AS51713)	1
CLOUDFLARENET	Metronet LLC (AS39397)	3
awsdns-19.com	AMAZON-02 (AS16509)	2
profiwh.com	ZONER a.s. (AS34222)	1
afraid.org	AS-26496-GO-DADDY-COM-LLC (AS26496)	1
CLOUDFLARENET	ZOHO-AS (AS2639)	1
hostlar.az	PH Bilisim Teknolojileri Limited Sirketi (AS210574)	1
cityline.az	GSP LLC (AS203622)	1
fornex.com	OVH SAS (AS16276)	1
awsdns-12.org	AMAZON-02 (AS16509)	1
CLOUDFLARENET	GO-DADDY-COM-LLC (AS398101)	1
LLC VK	Azertelecom LLC (AS196925)	2
fin.az	Delta Telecom Ltd (AS29049)	1
CLOUDFLARENET	Onur Ekren (AS203576)	1
nic.ru	Limited Liability Company HeadHunter (AS47724)	2
byethost19.org	Wildcard UK Limited (AS34119)	1
ANEXIA Internetdienstleistungs GmbH	FASTLY (AS54113)	1
reg.ru	DIGITALOCEAN-ASN (AS14061)	1
cloudns.net	Sparktel LLC (AS204986)	1
YANDEX LLC	Enterprise Cloud Ltd. (AS48096)	1
hostwindsdns.com	HOSTWINDS (AS54290)	4
EDNS	LIQUIDNETLTD1 (AS14555)	1
OVH SAS	Hetzner Online GmbH (AS24940)	4
Hydra Communications Ltd	P.a.g.m. Ou (AS198068)	1
custom-dns.info	LOGICWEB (AS64286)	3
Safenames Ltd.	COGECO-PEER1 (AS13768)	1
mhm.az	AzInTelecom LLC (AS200729)	1
GOOGLE	DXC-AS3360 (AS3360)	1
CLOUDFLARENET	RS-Media LLC (AS197309)	1
penki.lt	Penkiu kontinentu komunikaciju centras, Ltd. (AS21211)	1
trn.az	Uninet LLC (AS39232)	1
bakcell.com	Ultel LLC (AS39280)	1
host.az	Hetzner Online GmbH (AS24940)	3
firstvds.ru	JSC IOT (AS29182)	2
CLOUDFLARENET	Bakcell LLC (AS197830)	1
Host Europe GmbH	SUCURI-SEC (AS30148)	1
dominiando.asia	Aruba S.p.A. (AS31034)	1
Azertelecom LLC	Enix Ltd (AS52148)	1
science.az	Institute of Information Technologies of National Academy of Science Azerbaijan (AS202993)	1
vdsguru.cc	GOOGLE (AS15169)	1
CLOUDFLARENET	OUR Technology LLC (AS213881)	4
messefrankfurt.com	Messe Frankfurt GmbH (AS20740)	1
da.direct	Hetzner Online GmbH (AS24940)	2
domain-hosting.name	InterNetX GmbH (AS15456)	1
cloudns.net	Hetzner Online GmbH (AS24940)	14
rapidswitch.com	AMAZON-02 (AS16509)	1
CLOUDFLARENET	GHOSTnet GmbH (AS12586)	1
denizcloud.com	Pembe Gul Isguzar Karagoz (AS205463)	4
seohost.pl	Dataspace P.s.a. (AS50599)	1
registrar-servers.com	Florian Kolb (AS58087)	1
inwx.de	InterNetworX Management GmbH (AS48596)	1
vas.az	SELNET LLC (AS200446)	1
nic.ru	Ddos-guard Ltd (AS57724)	2
premium.az	Hetzner Online GmbH (AS24940)	1
EDNS	NETWORK-SOLUTIONS-HOSTING (AS19871)	1
hostgator.com	Ddos-guard Ltd (AS57724)	4
Host Europe GmbH	Wix.com Ltd. (AS58182)	1
prebrand.az	Hetzner Online GmbH (AS24940)	1
kuklam.az	Hetzner Online GmbH (AS24940)	1
JSC Selectel	Reliable Software, Ltd. (AS35594)	1
NUCDN	Datacenter Luxembourg S.A. (AS24611)	6
vps-ag.com	Belcloud LTD (AS44901)	1
swit.az	Delta Telecom Ltd (AS29049)	4
bitmex.network	AMAZON-02 (AS16509)	1
CLOUDFLARENET	LIQUIDNETLTD1 (AS14555)	2
indomco.com	CSC (AS19574)	7
az-evro Tel LLC	Enix Ltd (AS52148)	1
hostlife.net	WIBO Baltic UAB (AS59939)	4
zoneedit.com	AMAZON-02 (AS16509)	1
Delta Telecom Ltd	DIGITALOCEAN-ASN (AS14061)	7
lemarit.de	AS-VULTR (AS20473)	7
hostgator.com	AzInTelecom LLC (AS200729)	1
helpdesk.by	Republican Unitary Telecommunication Enterprise Beltelecom (AS6697)	7
dig.com	DISNEYONLINE-AS (AS8137)	4
dream-host2.com	Freethought Internet Limited (AS41000)	1
Hosting Ukraine LTD	AMAZON-02 (AS16509)	1
safenames.net	SECURITYSERVICES (AS12008)	2
ultraserver1.com	Wildcard UK Limited (AS34119)	1
unknown	Hostinger International Limited (AS47583)	1
awsdns-22.com	AMAZON-02 (AS16509)	1
philips.com	AMAZON-02 (AS16509)	1
interserver.net	IS-AS-1 (AS19318)	1
host.az	Ddos-guard Ltd (AS57724)	2
CLOUDFLARENET	CASPEL LLC (AS207251)	4
hoster.kz	LLP Kompaniya Hoster.KZ (AS207333)	3
realtelecom.az	IZONE LLC (AS200154)	1
Netbudur Telekomunikasyon Limited Sirketi	Hetzner Online GmbH (AS24940)	1
epro.io	Delta Telecom Ltd (AS29049)	10
datacloud.az	azeronline Ltd Joint Enterprise (AS15723)	1
TransEuroCom LLC	UNIFIEDLAYER-AS-1 (AS46606)	1
CLOUDFLARENET	Scaleway S.a.s. (AS12876)	1
awsdns-36.net	DIGITALOCEAN-ASN (AS14061)	1
booss.az	IZONE LLC (AS200154)	1
NSONE	GOOGLE (AS15169)	3
yutex.ru	JSC IOT (AS29182)	3
cloudns.net	MICROSOFT-CORP-MSN-AS-BLOCK (AS8075)	2
Host Europe GmbH	AS-VULTR (AS20473)	1
CLOUDFLARENET	Tilda Publishing Ltd. (AS205282)	4
combell.net	Combell NV (AS34762)	6
hoster.by	Republican Unitary Telecommunication Enterprise Beltelecom (AS6697)	1
sprint.az	IZONE LLC (AS200154)	1
depothost.com	Contabo GmbH (AS51167)	3
SECURITYSERVICES	Safenames Ltd. (AS60819)	2
Akamai International B.V.	Karbil Yazilim Ve Bilisim Teknolojileri Tic. A.s. (AS43231)	1
artkom.az	IZONE LLC (AS200154)	1
CLOUDFLARENET	Alastyr Telekomunikasyon A.S. (AS3188)	1
brandsbox.az	Hetzner Online GmbH (AS24940)	1
edns.de	PlusServer GmbH (AS61157)	1
markmonitor.com	HILTON-E (AS26529)	3
name-services.com	TUCOWS-3 (AS32491)	3
trio.az	Delta Telecom Ltd (AS29049)	1
CLOUDFLARENET	ML-1432-54994 (AS54994)	1
DIGICERT	Azertelecom LLC (AS196925)	3
owexxhosting.com	UAB Interneto vizija (AS212531)	1
MICROSOFT-CORP-MSN-AS-BLOCK	Delta Telecom Ltd (AS29049)	3
sensible.az	WHG Hosting Services Ltd (AS14670)	1
YANDEX LLC	Sprinthost.ru LLC (AS35278)	2
hostingww.com	AMAZON-02 (AS16509)	1
awsdns-28.com	AzInTelecom LLC (AS200729)	1
SECURITYSERVICES	COGECO-PEER1 (AS13768)	4
AS-VULTR	SINGLEHOP-LLC (AS32475)	2
intour.az	Hostart LLC (AS207619)	1
is-fun.net	TelemaxX Telekommunikation GmbH (AS12843)	5
awsdns-00.net	AMAZON-02 (AS16509)	1
istanbulhospital.az	Hetzner Online GmbH (AS24940)	1
diasporafoundation.az	Hostart LLC (AS207619)	1
digimate.az	Electronic Government Development Center Public Legal Entity (AS210665)	1
fornex.com	TechnoKom Ltd (AS202800)	1
MICROSOFT-CORP-MSN-AS-BLOCK	pasha Technology LLC (AS209700)	1
atm72.ru	Teleseti Ltd (AS49551)	1
e-portal.az	Delta Telecom Ltd (AS29049)	1
Hetzner Online GmbH	Delta Telecom Ltd (AS29049)	1
setnet.az	Delta Telecom Ltd (AS29049)	1
farsaj.az	Delta Telecom Ltd (AS29049)	1
betonline.az	CLOUDFLARENET (AS13335)	1
AMAZON-02	WHG Hosting Services Ltd (AS204800)	3
SkyExchange Internet Access	Alibaba US Technology Co., Ltd. (AS45102)	1
CLOUDFLARENET	Cizgi Telekomunikasyon Anonim Sirketi (AS34619)	2
omedia.az	OVH SAS (AS16276)	3
MICROSOFT-CORP-MSN-AS-BLOCK	Hetzner Online GmbH (AS24940)	6
awsdns-33.org	AMAZON-02 (AS16509)	1
spectrumbrands.eu	Ans Academy Limited (AS61323)	1
vakant.az	Hetzner Online GmbH (AS24940)	1
CLOUDFLARENET	JSC Selectel (AS49505)	2
managed-ip.com	InterNetX GmbH (AS15456)	3
LLC VK	UNIFIEDLAYER-AS-1 (AS46606)	3
fctg.cloud	AMAZON-02 (AS16509)	1
nina.az	netcup GmbH (AS197540)	1
CASPEL LLC	Wix.com Ltd. (AS58182)	4
routing.net	IONOS SE (AS8560)	1
webhostingpad.com	ASN-GIGENET (AS32181)	3
ascio.com	INCAPSULA (AS19551)	1
softlayer.com	SOFTLAYER (AS36351)	1
Beget LLC	GOOGLE-CLOUD-PLATFORM (AS396982)	1
cyberweek.az	AzInTelecom LLC (AS200729)	1
edrive-hosting.cz	LiveSport s.r.o. (AS52130)	2
GOOGLE	GOOGLE (AS15169)	2
jasperazerbaijan.com	GHOSTnet GmbH (AS12586)	1
timeweb.org	M247 Europe SRL (AS9009)	1
reserver.ru	OVH SAS (AS16276)	2
SECURITYSERVICES	Silverhill Group Holding Ltd (AS202492)	2
LLC VK	INTRA Network Systems Ltd (AS15815)	2
moes.az	GSP LLC (AS203622)	1
bosch.de	MICROSOFT-CORP-MSN-AS-BLOCK (AS8075)	2
MICROSOFT-CORP-MSN-AS-BLOCK	Domain names registrar REG.RU, Ltd (AS197695)	1
plusserver.com	PlusServer GmbH (AS61157)	1
SECURITYSERVICES	CENTURYLINK-LEGACY-SAVVIS (AS3561)	1
emirates.com	AMAZON-02 (AS16509)	2
1984.is	FASTLY (AS54113)	1
LLC VK	Fornex Hosting S.L. (AS44051)	1
gdp.az	Andishe Sabz Khazar Co. P.j.s. (AS39308)	1
ihsdnsx9.com	IHS Kurumsal Teknoloji Hizmetleri A.S (AS49126)	2
gantek.com	Cizgi Telekomunikasyon Anonim Sirketi (AS42807)	1
OVH SAS	OOO VPS (AS200487)	5
NUCDN	Julius Blum GmbH (AS197964)	1
SECURITYSERVICES	AMAZON-AES (AS14618)	6
AS-VULTR	HAWKHOST (AS20068)	5
com.tr	Teknet Yazlim Ve Bilgisayar Teknolojileri (AS57152)	1
awsdns-25.net	AMAZON-02 (AS16509)	5
carrier.com	CLOUDFLARENET (AS13335)	2
Hetzner Online GmbH	GOOGLE-CLOUD-PLATFORM (AS396982)	2
Hosting Ukraine LTD	NETH LLC (AS202302)	1
handyhost.ru	Hetzner Online GmbH (AS24940)	1
temok.com	LeaseWeb Netherlands B.V. (AS60781)	1
markmonitor.zone	AMAZON-02 (AS16509)	3
megatrhost.com	Onur Ekren (AS203576)	2
smtpaz.com	TimeWeb LLC (AS9123)	1
LLC masterhost	LLC masterhost (AS25532)	4
dnspod.net	Tencent Building, Kejizhongyi Avenue (AS132203)	1
jigsy.com	COGENT-174 (AS174)	1
publicisgroupe.com	AMAZON-02 (AS16509)	1
azintech.az	GSP LLC (AS203622)	1
contabo.net	NL-811-40021 (AS40021)	4
rustamli.az	Delta Telecom Ltd (AS29049)	1
firstvds.ru	Clodo Cloud Service Co. L.L.C (AS216154)	1
MICROSOFT-CORP-MSN-AS-BLOCK	INCAPSULA (AS19551)	1
Internet-Pro LLC	TimeWeb LLC (AS9123)	3
NETWORK-SOLUTIONS-HOSTING	SHOCK-1 (AS395092)	1
Host Europe GmbH	PlusServer GmbH (AS61157)	1
frekansweb.com	LIQUIDWEB (AS32244)	1
abasoft.az	NAMECHEAP-NET (AS22612)	1
gamemods-aze.com	BurtiNET Internet Hizmetleri (AS203248)	1
cloudns.net	OVH SAS (AS16276)	1
dtech.skin	Hetzner Online GmbH (AS24940)	1
awsdns-05.org	Zepter IT Sp. z o.o. (AS35785)	1
MICROSOFT-CORP-MSN-AS-BLOCK	Ict Bulut Bilisim A.s. (AS47952)	1
royalhunting.az	Hetzner Online GmbH (AS24940)	1
cop29.az	CLOUDFLARENET (AS13335)	1
LLC Baxet	BAXET-GROUP (AS398343)	1
ionline.az	AMAZON-02 (AS16509)	1
smilemedia.az	Hetzner Online GmbH (AS24940)	1
GANDI SAS	Akamai International B.V. (AS20940)	1
bossnet.az	IZONE LLC (AS200154)	1
hypegroup.org	Contabo GmbH (AS51167)	3
CLOUDFLARENET	GOOGLE (AS15169)	9
nominalia.com	Register S.p.A. (AS39729)	1
OVH SAS	Infopact Netwerkdiensten B.V. (AS21221)	1
awsdns-01.org	SERVERCENTRAL (AS23352)	1
Akamai International B.V.	CRIF S.p.A. (AS8884)	1
net.tr	Yapi Ve Kredi Bankasi A.s. (AS25323)	1
cronon.de	Strato GmbH (AS6724)	1
AZETEL LLC	AZETEL LLC (AS207922)	6
awsdns-20.com	AMAZON-02 (AS16509)	1
SHOCK-1	OUR Technology LLC (AS213881)	1
Host Europe GmbH	Hetzner Online GmbH (AS24940)	3
inmotionhosting.com	Contabo Asia Private Limited (AS141995)	1
brandygo.com	CLOUDFLARENET (AS13335)	1
melhemhospital.com	G-Core Labs S.A. (AS199524)	2
YANDEX LLC	NForce Entertainment B.V. (AS43350)	2
LLC VK	AMAZON-02 (AS16509)	2
justhost.com	UNIFIEDLAYER-AS-1 (AS46606)	4
ashrafli.az	LLC Baxet (AS51659)	1
IS-AS-1	Rosbusinessconsulting Jsc (AS20848)	1
Hydra Communications Ltd	Hostart LLC (AS207619)	1
kteis.az	The Educational Center for Internet and New Technologies of the Nakhchivan Autonomous Repub (AS199731)	1
entorno.com	Adam EcoTech, S.A (AS15699)	1
supremedns.com	UK Dedicated Servers Limited (AS42831)	1
iokio.az	AMAZON-02 (AS16509)	1
MICROSOFT-CORP-MSN-AS-BLOCK	Hostinger International Limited (AS47583)	6
novex-group.az	Azertelecom LLC (AS196925)	1
CLOUDFLARENET	AdminVPS OOO (AS211183)	1
SECURITYSERVICES	Enix Ltd (AS52148)	1
nic.ru	Jsc ru-center (AS48287)	4
ps.kz	LLP Kompaniya Hoster.KZ (AS202958)	2
EDNS	EDNS (AS16686)	5
unknown	SHARKTECH (AS46844)	1
amazonaws.com	AMAZON-02 (AS16509)	1
alfanet.az	ORACLE-BMC-31898 (AS31898)	1
omnis.com	OMNIS (AS19237)	6
doorhan.com	Torgovyj Dom LLC (AS211000)	1
lahno-web4.de	Keyweb AG (AS31103)	1
swisscenter.com	Openbusiness S.A. (AS49457)	1
GANDI SAS	Foxcloud Llp (AS200904)	1
123ns.de	Cronon GmbH (AS6786)	3
awsdns-28.net	AMAZON-02 (AS16509)	1
Beget LLC	ADCIL-ASN-01 (AS401152)	2
bazarcom.az	Hostart LLC (AS207619)	1
MICROSOFT-CORP-MSN-AS-BLOCK	KEYUBU Internet ve Bilisim Tic. Ltd. Sti. (AS210538)	1
CLOUDFLARENET	P.a.g.m. Ou (AS198068)	1
massolutions.az	Hostart LLC (AS207619)	1
Host Europe GmbH	Host Europe GmbH (AS20773)	1
nic.ru	JSC Selectel (AS50340)	1
ascio.com	Euskaltel S.A. (AS12338)	1
NSONE	The Hut.com Limited (AS197651)	1
Sinam LLC	AzInTelecom LLC (AS200729)	2
com.ua	PE Freehost (AS42331)	1
co.uk	GOOGLE-CLOUD-PLATFORM (AS396982)	2
atakdomain.com	Superonline Iletisim Hizmetleri A.S. (AS34984)	3
Delta Telecom Ltd	Hostinger International Limited (AS47583)	1
Azertelecom LLC	Webhost LLC (AS44094)	1
natrohost.com	Layer Sistem tic. ltd. sti. (AS59886)	1
dobrohost.net	JSC IOT (AS29182)	1
YANDEX LLC	Hostinger International Limited (AS47583)	3
box.az	Delta Telecom Ltd (AS29049)	1
ifastnet15.org	Wildcard UK Limited (AS34119)	2
asphostserver.org	Leaseweb Deutschland GmbH (AS28753)	1
MICROSOFT-CORP-MSN-AS-BLOCK	AS-26496-GO-DADDY-COM-LLC (AS26496)	8
CLOUDFLARENET	INTRA Network Systems Ltd (AS15815)	2
alfanet.az	Contabo GmbH (AS51167)	2
server277.com	ICDSoft Ltd. (AS8739)	1
awsdns-11.org	AMAZON-AES (AS14618)	1
caberinformatica.com	Hetzner Online GmbH (AS24940)	1
rbacademy.az	Cizgi Telekomunikasyon Anonim Sirketi (AS34619)	1
CLOUDFLARENET	SELNET LLC (AS200446)	6
guzelhosting.com	KKM IT Limited (AS60922)	1
alfanet.az	AMAZON-02 (AS16509)	2
ns14.net	InterNetX GmbH (AS15456)	2
hostnet.nl	One.com A/S (AS51468)	2
Delta Telecom Ltd	RENDER (AS397273)	1
DIGICERT	Alfanet LLC (AS50274)	5
DIGITALOCEAN-ASN	OVH SAS (AS16276)	5
LLC VK	Delta Telecom Ltd (AS29049)	1
AS-VULTR	Beget LLC (AS198610)	1
saldo.az	Delta Telecom Ltd (AS29049)	1
creativedesign.az	GOOGLE-CLOUD-PLATFORM (AS396982)	2
mepservice.az	Hetzner Online GmbH (AS24940)	1
awsdns-26.net	AMAZON-02 (AS16509)	1
smtpaz.com	Delta Telecom Ltd (AS29049)	2
net.az	GHOSTnet GmbH (AS12586)	1
Delta Telecom Ltd	Contabo GmbH (AS51167)	2
awsdns-14.org	MICROSOFT-CORP-MSN-AS-BLOCK (AS8075)	1
ereey.net	Ereey Grup Bilisim Teknolojileri Tic. Ltd. Sti. (AS205961)	2
awsdns-07.com	SECURITYSERVICES (AS12008)	1
Host Europe GmbH	Cloudflare London, LLC (AS209242)	3
e-training.az	AzInTelecom LLC (AS200729)	1
mirbax.com	Earth Telekomunikasyon Bilisim Internet Arge Yazilim Hizmetleri Tic. Ltd. Sti. (AS41683)	1
fornex.com	AMAZON-02 (AS16509)	1
197.116	OVH SAS (AS16276)	7
site.pro	TimeWeb LLC (AS9123)	2
hostavrupa.net	Mailbox Internet Hizmetleri Ltd. Sti. (AS62425)	2
webimonline.com	Cizgi Telekomunikasyon Anonim Sirketi (AS42807)	1
SECURITYSERVICES	Netfactor Telekominikasyon ve Teknoloji Hizmetleri San. ve Tic. A.S. (AS56582)	1
tekrom.com	SOFTLAYER (AS36351)	2
mekan.az	Hetzner Online GmbH (AS24940)	1
a2s.xyz	Hetzner Online GmbH (AS24940)	2
awsdns-04.com	AMAZON-AES (AS14618)	1
ekvia.com	Ekvia Ltd (AS48440)	1
ipower.com	Toyota Motor Europe SA (AS31154)	1
aveto.az	Jsc ru-center (AS39494)	1
Delta Telecom Ltd	International Bank of Azerbaijan OJSC (AS204016)	3
awsdns-06.net	AMAZON-02 (AS16509)	1
awsdns-03.org	Hetzner Online GmbH (AS24940)	1
webserversystems.com	UNIFIEDLAYER-AS-1 (AS46606)	3
ns14.net	Enflow B.V. (AS209626)	1
Akamai International B.V.	CSC (AS19574)	2
GOOGLE	A2HOSTING (AS55293)	1
gnt.md	Global Network Technology Srl (AS34529)	3
chat2desk.az	AG Telekom MMC. (AS57293)	1
turbify.com	MICROSOFT-CORP-MSN-AS-BLOCK (AS8075)	1
e-server.az	Mailbox Internet Hizmetleri Ltd. Sti. (AS62425)	2
SECURITYSERVICES	Entain Services Austria GmbH (AS13008)	1
dominiando.asia	Register S.p.A. (AS39729)	3
JSC Selectel	OUR Technology LLC (AS213881)	1
BIZLAND-SD	A2HOSTING (AS55293)	1
amzndns.com	AMAZON-02 (AS16509)	1
DIGICERT	LIQUIDWEB (AS32244)	1
fastfox.pro	JSC Selectel (AS50340)	1
LLC VK	Domain names registrar REG.RU, Ltd (AS197695)	2
relevate.ru	Uninet LLC (AS39232)	2
hbm.az	Hostart LLC (AS207619)	1
eid.az	AzInTelecom LLC (AS200729)	1
tevapharm.com	Teva Pharmaceutical Industries Limited (AS12753)	1
helphosting.net	Hetzner Online GmbH (AS24940)	1
ionline.az	AzFiberNet Ltd. (AS203971)	6
allfit.az	Uninet LLC (AS39232)	2
akm.az	Wix.com Ltd. (AS58182)	1
MICROSOFT-CORP-MSN-AS-BLOCK	CLOUDFLARENET (AS13335)	1
ictnews.az	AzInTelecom LLC (AS196821)	1
cloudns.net	Contabo GmbH (AS51167)	3
neharada.az	Host Europe GmbH (AS21499)	1
turannews.net	Contabo GmbH (AS51167)	2
CLOUDFLARENET	ZONER a.s. (AS34222)	2
awsdns-11.org	AMAZON-02 (AS16509)	1
uu.net	Deutsche Telekom AG (AS3320)	1
batut.az	Delta Telecom Ltd (AS29049)	1
CLOUDFLARENET	IZONE LLC (AS200154)	4
MICROSOFT-CORP-MSN-AS-BLOCK	WHG Hosting Services Ltd (AS14670)	3
AMAZON-02	Alastyr Telekomunikasyon A.S. (AS3188)	1
ted.az	Hostart LLC (AS207619)	1
CLOUDFLARENET	State Service Of Special Communication And Information Security Of The Republic Of Azerbaij (AS206977)	9
alfanet.az	CLOUDFLARENET (AS13335)	1
hayalhost.com	Hayal Host Internet Ve Bilisim Teknolojileri Sanayi Ticaret Limited Sirketi (AS210388)	2
cep.az	EUROHOSTER Ltd. (AS207728)	1
AMAZON-02	UNIFIEDLAYER-AS-1 (AS46606)	1
com.ua	Hosting Ukraine LTD (AS200000)	1
lexsynergy.info	Akamai Connected Cloud (AS63949)	3
Delta Telecom Ltd	NAMECHEAP-NET (AS22612)	1
hoststock.net	Domain names registrar REG.RU, Ltd (AS197695)	1
magticom.ge	Magticom Ltd. (AS16010)	1
Delta Telecom Ltd	LIQUIDNETLTD1 (AS14555)	1
Cyber_Folks S.A.	Cyber_Folks S.A. (AS43758)	4
CLOUDFLARENET	Pq Hosting Plus S.r.l. (AS44477)	2
hostsila.com	Delta Telecom Ltd (AS29049)	1
dinet.az	IZONE LLC (AS200154)	1
awsdns-21.net	DIGITALOCEAN-ASN (AS14061)	1
machineasp.net	Hetzner Online GmbH (AS24940)	2
CLOUDFLARENET	SIA Tet (AS12578)	1
notariat.az	Delta Telecom Ltd (AS29049)	1
awsdns-04.com	AMAZON-02 (AS16509)	2
SECURITYSERVICES	Telstra Global (AS4637)	2
Host Europe GmbH	Fornex Hosting S.L. (AS44051)	2
perlahost.com	IZONE LLC (AS200154)	3
OUR Technology LLC	LLC Smart Ape (AS56694)	1
Host Europe GmbH	SmartApe OU (AS62212)	1
Hydra Communications Ltd	DIGITALOCEAN-ASN (AS14061)	1
site4now.net	LH.pl Sp. z o.o. (AS203417)	1
fornex.com	AS62904 (AS62904)	2
imaenergy.az	Hetzner Online GmbH (AS24940)	1
bodis.com	AMAZON-02 (AS16509)	1
awsdns-36.com	GOOGLE-CLOUD-PLATFORM (AS396982)	1
sika.com	CLOUDFLARENET (AS13335)	1
amm.az	Delta Telecom Ltd (AS29049)	1
lkz.az	Azertelecom LLC (AS196925)	1
afraid.org	Ddos-guard Ltd (AS57724)	1
LLC VK	GOOGLE-CLOUD-PLATFORM (AS396982)	3
saytservis.az	GHOSTnet GmbH (AS12586)	1
alfanet.az	Uninet LLC (AS39232)	2
timeweb.org	Veridyen Bilisim Teknolojileri Sanayi ve Ticaret Limited Sirketi (AS209853)	1
MICROSOFT-CORP-MSN-AS-BLOCK	Ddos-guard Ltd (AS57724)	2
awsdns-22.org	AMAZON-02 (AS16509)	2
dtech.skin	WIIT AG (AS24961)	1
izone.az	IZONE LLC (AS200154)	2
SECURITYSERVICES	Wix.com Ltd. (AS58182)	1
biotradex.az	Hostart LLC (AS207619)	1
websahibi.com	ADEOXTECH (AS397563)	2
zomro.com	Podaon SIA (AS210895)	1
self.az	Contabo GmbH (AS51167)	2
alfanet.az	Connect CJSC (AS41997)	1
safye.az	GSP LLC (AS203622)	1
managed-ip.com	Mittwald CM Service GmbH & Co. KG (AS15817)	1
davinet.az	GSP LLC (AS203622)	1
alfanet.az	A2HOSTING (AS55293)	1
MICROSOFT-CORP-MSN-AS-BLOCK	PE Skurykhin Mukola Volodumurovuch (AS56851)	3
nina.az	Hetzner Online GmbH (AS24940)	1
ericsson.se	MICROSOFT-CORP-MSN-AS-BLOCK (AS8075)	1
handyhost.ru	System Service Ltd. (AS50448)	3
accounting.az	Delta Telecom Ltd (AS29049)	1
swit.az	IZONE LLC (AS200154)	2
cloudsector.net	123NET (AS12129)	1
iitd.io	CLOUDFLARENET (AS13335)	1
CLOUDFLARENET	Sparktel LLC (AS204986)	1
unisoft.az	Baku Telephone Communication LLC (AS28787)	3
cscudns.com	MICROSOFT-CORP-MSN-AS-BLOCK (AS8075)	1
HURRICANE	Georgian Research and Educational Networking Association (GRENA) (AS20545)	1
vps-dns.info	Hetzner Online GmbH (AS24940)	2
koronavirus.az	AzInTelecom LLC (AS200729)	1
LLC VK	Signet B.V. (AS20857)	1
d-tech.company	Ficolo Oy (AS49282)	4
vbdns.net	IS-AS-1 (AS19318)	1
hosting.de	MICROSOFT-CORP-MSN-AS-BLOCK (AS8075)	1
vargonen.net	Eclit Bilisim Hizmetleri A.S (AS50941)	1
Global Village GmbH	Delticom Ag (AS57533)	1
Akamai International B.V.	Koninklijke Luchtvaart Maatschappij N.V. (AS28806)	1
aifteam.az	TURKTICARET.NET YAZILIM HIZMETLERI SAN. ve TIC. A.S. (AS197720)	1
hip.az	Hostart LLC (AS207619)	1
CLOUDFLARENET	F5 Networks SARL (AS35280)	1
playnext.net	JSC Selectel (AS49505)	1
Host Europe GmbH	State Service Of Special Communication And Information Security Of The Republic Of Azerbaij (AS206977)	1
dotnice.asia	AMAZON-02 (AS16509)	2
host.az	Radore Veri Merkezi Hizmetleri A.S. (AS42926)	1
awsdns-04.net	AMAZON-02 (AS16509)	1
webstudio.az	LOGICWEB (AS64286)	1
EDNS	Hostinger International Limited (AS47583)	3
com.tr	ISIK Bilgisayar Internet ve Yayincilik Hizmetleri (AS49879)	2
prodomaines.com	Bdl Systemes SAS (AS38926)	1
Azedunet LLC	Azedunet LLC (AS29584)	1
azvideo.az	Uninet LLC (AS39232)	1
ictnews.az	AzInTelecom LLC (AS200729)	1
CLOUDFLARENET	Mustafa cakir (AS213795)	1
awsdns-00.com	AMAZON-02 (AS16509)	3
twincloudhost.com	netcup GmbH (AS197540)	7
opportunity.de	Aixit GmbH (AS29551)	2
Akamai Connected Cloud	Contabo GmbH (AS51167)	2
1dedic.ru	JSC IOT (AS29182)	1
hostenko.name	AS-GLOBALTELEHOST (AS63023)	1
hidro-pro.az	Hetzner Online GmbH (AS24940)	1
com.tr	AzInTelecom LLC (AS200729)	1
ns.services	Hosting Ukraine LTD (AS200000)	1
ns14.net	Host Europe GmbH (AS8972)	3
Hydra Communications Ltd	Ddos-guard Ltd (AS57724)	1
timeweb.org	A2HOSTING (AS55293)	1
HURRICANE	JSC Kazteleport - subsidiary of Halyk Bank of Kazakhstan (AS51162)	1
atakdomain.com	Cizgi Telekomunikasyon Anonim Sirketi (AS42807)	1
edit.az	OVH SAS (AS16276)	1
dsc.az	GO-DADDY-COM-LLC (AS398101)	1
valuehosted.com	VALUEHOSTED (AS399502)	2
OUR Technology LLC	A2HOSTING (AS55293)	2
global-dns.de	Deutsche Telekom AG (AS3320)	1
GOOGLE	uvensys GmbH (AS58010)	1
hosty.by	Support Chain LLC (AS60591)	1
bob.az	GOOGLE-CLOUD-PLATFORM (AS396982)	1
markmonitor.com	Support Chain LLC (AS60591)	1
bec.az	AzInTelecom LLC (AS200729)	1
taxtelecom.net	OOO Taxtelecom (AS57503)	1
nexarea.co	Hetzner Online GmbH (AS24940)	1
taxes.az	Delta Telecom Ltd (AS29049)	1
DIMENOC	NAMECHEAP-NET (AS22612)	2
YANDEX LLC	GOOGLE-CLOUD-PLATFORM (AS396982)	1
navigator.az	Hetzner Online GmbH (AS24940)	1
CLOUDFLARENET	Hostpro Lab LLC (AS196645)	1
ihsdnsx28.com	IHS Kurumsal Teknoloji Hizmetleri A.S (AS49126)	1
turktelecom.az	GSP LLC (AS203622)	1
alfanet.az	Hetzner Online GmbH (AS24940)	1
CLOUDFLARENET	IONOS SE (AS8560)	1
Host Europe GmbH	TEKTONIC (AS55045)	1
iplace.at	iPlace Internet & Network Services GmbH (AS29545)	1
CLOUDFLARENET	A2Z Technologies CJSC (AS211995)	4
CLOUDFLARENET	Dorabase Veri Merkezi Hizmetleri A.S. (AS48737)	2
Akamai International B.V.	DEERE (AS10846)	2
systeminternet.com	Cizgi Telekomunikasyon Anonim Sirketi (AS42807)	1
IONOS SE	active 1 GmbH (AS197071)	1
aktasweb.com	Inetmar Internet Hizmetleri Bilism Teknolojileri Sanayi Ve Ticaret Limited (AS49467)	1
ihsdnsx47.com	IHS Kurumsal Teknoloji Hizmetleri A.S (AS49126)	2
ORACLE-BMC-31898	CLOUDFLARENET (AS13335)	1
LDSCHURCH1	GENSOCIETYUTAH (AS33397)	1
SCAAM0001	Host Europe GmbH (AS8972)	1
EDNS	DIGITALOCEAN-ASN (AS14061)	3
kadr.az	Delta Telecom Ltd (AS29049)	1
tess-club.az	SELNET LLC (AS200446)	1
yoz.az	EUROHOSTER Ltd. (AS207728)	1
ivi.ru	LLC IVI.RU (AS57629)	1
greenera.az	Host Europe GmbH (AS21499)	1
CASPEL LLC	CASPEL LLC (AS207251)	5
armadatr.com	Contabo GmbH (AS51167)	3
nic.ru	HLL LLC (AS51115)	2
Miran Ltd.	Miran Ltd. (AS41722)	3
csa.az	Caspian Telecom LLC (AS201167)	1
fiberzone.az	GSP LLC (AS203622)	1
redserverhost.com	OVH SAS (AS16276)	1
serverim.az	OVH SAS (AS16276)	1
technorail.com	Aruba S.p.A. (AS31034)	2
xgame.az	EUROHOSTER Ltd. (AS207728)	1
vdsguru.cc	DeRoy LLC. (AS197684)	3
awsdns-37.com	AMAZON-02 (AS16509)	1
DIGICERT	Contabo GmbH (AS51167)	2
trendbazar.az	Uninet LLC (AS39232)	1
gm-host.az	NAMECHEAP-NET (AS22612)	4
NETWORK-SOLUTIONS-HOSTING	A2HOSTING (AS55293)	2
CLOUDFLARENET	Cizgi Telekomunikasyon Anonim Sirketi (AS42807)	1
storeland.ru	LLC Digital Network (AS12695)	1
fastdns.hosting	Hosting Ukraine LTD (AS200000)	2
Global Village GmbH	Global Village GmbH (AS13039)	1
CLOUDFLARENET	Jsc ru-center (AS48287)	1
promo.it	Opiquad SRL (AS8855)	2
iguide.az	Hostart LLC (AS207619)	1
designagency.az	AG Telekom MMC. (AS57293)	1
Azertelecom LLC	DIGITALOCEAN-ASN (AS14061)	1
alitech.biz	Hetzner Online GmbH (AS24940)	2
dns.ie	LeaseWeb Netherlands B.V. (AS60781)	1
musigi.az	SELNET LLC (AS200446)	1
hytera.az	Hostart LLC (AS207619)	1
afraid.org	Connect CJSC (AS41997)	1
nic.sk	Webglobe, s.r.o. (AS29134)	1
gnt.md	Contabo GmbH (AS51167)	1
insales.ru	HLL LLC (AS51115)	2
artikor.com	Mailbox Internet Hizmetleri Ltd. Sti. (AS62425)	1
iotech.az	GSP LLC (AS203622)	1
azeri.zone	AG Telekom MMC. (AS57293)	4
OVH SAS	CLOUDFLARENET (AS13335)	1
LLC VK	CLOUDFLARENET (AS13335)	1
YANDEX LLC	Tilda Publishing Ltd. (AS205282)	1
AMAZON-02	OUR Technology LLC (AS213881)	1
OUR Technology LLC	MICROSOFT-CORP-MSN-AS-BLOCK (AS8075)	1
onur.help	SYNLINQ (AS44486)	2
aysima.net	Aysima Bilisim Teknolojileri (AS59674)	1
AMAZON-02	FORTRESSITX (AS25653)	4
CLOUDFLARENET	TimeWeb LLC (AS9123)	4
SECURITYSERVICES	RACKSPACE (AS19994)	2
teknosos.com	Teknosos Bilisim Hizmetleri Ve Tic. Ltd. Sti. (AS207459)	4
nic.ru	Hetzner Online GmbH (AS24940)	1
ttib.az	GSP LLC (AS203622)	1
butaweb.com	Iksir Internet Hizmetleri A.S. (AS206991)	1
bulud.net	AZETEL LLC (AS207922)	1
HURRICANE	Host Europe GmbH (AS20773)	2
YANDEX LLC	AzInTelecom LLC (AS200729)	1
Delta Telecom Ltd	Ddos-guard Ltd (AS57724)	4
centos-webpanel.com	Hetzner Online GmbH (AS24940)	1
ehdis.az	AzInTelecom LLC (AS200729)	1
net.in	Arvid Logicum OU (AS202376)	3
CLOUDFLARENET	Connect CJSC (AS41997)	4
CLOUDFLARENET	Buuldy Bilisim (AS207582)	1
isst.az	NL-811-40021 (AS40021)	1
dnsmadeeasy.org	P.a.g.m. Ou (AS198068)	1
markmonitor.zone	JSC Kazteleport - subsidiary of Halyk Bank of Kazakhstan (AS51162)	1
lpmtr.net	Servicepipe LLC (AS201706)	1
CLOUDFLARENET	WHG Hosting Services Ltd (AS209341)	2
turdns.com	Cizgi Telekomunikasyon Anonim Sirketi (AS42807)	3
cloudns.net	GOOGLE-CLOUD-PLATFORM (AS396982)	1
com.tr	Andromeda Tv Digital Platform Isletmeciligi A.s. (AS12978)	1
LLC VK	Arvid Logicum OU (AS202376)	2
registrar-servers.com	Azedunet LLC (AS29584)	1
CLOUDFLARENET	HMC Company LLC (AS199444)	2
CLOUDFLARENET	Alibaba US Technology Co., Ltd. (AS45102)	1
e-kassa.az	State Service Of Special Communication And Information Security Of The Republic Of Azerbaij (AS206977)	1
hostgator.com	Delta Telecom Ltd (AS29049)	1
nic.ru	pasha Technology LLC (AS209700)	2
inspectorate.az	GSP LLC (AS203622)	1
eferma.az	Hetzner Online GmbH (AS24940)	1
demo5.de	Hetzner Online GmbH (AS24940)	1
MICROSOFT-CORP-MSN-AS-BLOCK	Tilda Publishing Ltd. (AS205282)	1
proservice.ge	Proservice LLC (AS47810)	2
qeydiyyat.az	Hetzner Online GmbH (AS24940)	1
123ns.de	DIGITALOCEAN-ASN (AS14061)	3
agroinfo.az	State Service Of Special Communication And Information Security Of The Republic Of Azerbaij (AS206977)	3
Host Europe GmbH	CLOUDFLARENET (AS13335)	3
leotelecom.az	IZONE LLC (AS200154)	1
awsdns-02.net	GOOGLE (AS15169)	1
bembilisim.com	Sistemdc webhosting and server services (AS211804)	2
linode.com	UNIFIEDLAYER-AS-1 (AS46606)	1
imei.az	AzInTelecom LLC (AS200729)	1
vegetarians.az	Delta Telecom Ltd (AS29049)	1
LLC VK	LLC Baxet (AS51659)	1
zomro.com	Podaon SIA (AS211381)	1
NSONE	ESET, spol. s r.o. (AS50881)	1
LLC VK	Hetzner Online GmbH (AS24940)	5
namehero.com	NAMEHERO-KCDC (AS399250)	1
motorhouse.az	Hostart LLC (AS207619)	1
atakdomain.com	AMAZON-02 (AS16509)	1
yangin.az	GSP LLC (AS203622)	1
prisonhealth.az	Delta Telecom Ltd (AS29049)	1
vdsturkiye.com	Pembe Gul Isguzar Karagoz (AS205463)	1
CLOUDFLARENET	smart Sistemz Technoloji Mmm (AS34876)	1
fiberhome.az	IZONE LLC (AS200154)	1
DIGICERT	Delta Telecom Ltd (AS29049)	1
phase8.net	Team Blue Internet Services Uk Limited (AS8622)	1
nic.ru	Delta Telecom Ltd (AS29049)	1
ipcom GmbH	DIGITALOCEAN-ASN (AS14061)	1
melomania.az	SELNET LLC (AS200446)	1
timeweb.org	Azerfon LLC (AS42779)	1
expressbank.az	smart Sistemz Technoloji Mmm (AS34876)	4
audit.az	Delta Telecom Ltd (AS29049)	1
azerinfo.az	Hetzner Online GmbH (AS24940)	1
rabita.az	AzInTelecom LLC (AS200729)	1
GANDI SAS	MICROSOFT-CORP-MSN-AS-BLOCK (AS8075)	1
rsnx.ru	LLC astra Cloud (AS41535)	2
pan.az	Contabo GmbH (AS51167)	4
nokia.com	GOOGLE-CLOUD-PLATFORM (AS396982)	1
aznetwork.net	GSP LLC (AS203622)	1
SECURITYSERVICES	Interactive Sports Limited (AS49937)	1
melody.az	EUROHOSTER Ltd. (AS207728)	1
backbone.az	IZONE LLC (AS200154)	1
NUCDN	Itm8 A/S (AS62319)	1
gead.az	Hetzner Online GmbH (AS24940)	1
misvak.az	Hetzner Online GmbH (AS24940)	1
e-cbar.az	The Central Bank of the Republic of Azerbaijan (AS209374)	3
servix.ge	AMAZON-AES (AS14618)	1
millenniumarts.net	Hetzner Online GmbH (AS24940)	1
my.com	LLC VK (AS47764)	1
CLOUDFLARENET	Superonline Iletisim Hizmetleri A.S. (AS34984)	3
awsdns-12.net	NLS Kazakhstan LLC (AS200590)	1
Hetzner Online GmbH	Coolhousing s.r.o. (AS35592)	1
azeid.az	AzInTelecom LLC (AS200729)	1
bolkart.az	CASPEL LLC (AS207251)	1
ifastnet13.org	Wildcard UK Limited (AS34119)	1
td-fn.net	PlusServer GmbH (AS61157)	1
e-ns.org	EUROHOSTER Ltd. (AS207728)	1
xc-ns.de	Wurth IT GmbH (AS207481)	2
isimkaydet.com	OVH SAS (AS16276)	1
aqq.me	LLC Mixplat Processing (AS199361)	1
hostgator.com	GOOGLE (AS15169)	1
CLOUDFLARENET	Hostkey B.v. (AS57043)	1
Akamai Connected Cloud	Hetzner Online GmbH (AS24940)	1
SECURITYSERVICES	Datagroup Se (AS198333)	1
awsdns-03.com	AMAZON-02 (AS16509)	1
HURRICANE	GSP LLC (AS203622)	1
Hetzner Online GmbH	DIGITALOCEAN-ASN (AS14061)	2
canonline.az	Hetzner Online GmbH (AS24940)	1
e-id.az	AzInTelecom LLC (AS200729)	1
123ns.de	MICROSOFT-CORP-MSN-AS-BLOCK (AS8075)	1
lpmotor.ru	Servicepipe LLC (AS201706)	1
opendata.az	AzInTelecom LLC (AS200729)	1
com.tr	Hetzner Online GmbH (AS24940)	1
awsdns-07.net	AMAZON-AES (AS14618)	1
edgedns.ru	OOO Etazhi-Zapadnaya Sibir (AS204738)	1
Netbudur Telekomunikasyon Limited Sirketi	Cloudflare London, LLC (AS209242)	1
rightsdns.com	AMAZON-02 (AS16509)	1
JSC Selectel	JSC Selectel (AS50340)	3
suleymanov.az	Hetzner Online GmbH (AS24940)	1
IS-AS-1	Tilda Publishing Ltd. (AS205282)	1
starhost.az	GHOSTnet GmbH (AS12586)	3
volvo.com	Volvo Information Technology AB (AS25252)	1
alfanet.az	ConnetU Ltd. (AS51945)	1
awsdns-03.com	RACKSPACE (AS27357)	1
interna.me	IONOS SE (AS8560)	1
DIGICERT	Belcloud LTD (AS44901)	1
caspel.net	CASPEL LLC (AS207251)	2
Delta Telecom Ltd	OUR Technology LLC (AS213881)	2
sim.az	LLC Baxet (AS51659)	1
registrar-servers.com	Beget LLC (AS198610)	1
CLOUDFLARENET	Alfanet LLC (AS50274)	3
fakir.az	SOFTLAYER (AS36351)	1
awsdns-09.com	SERVERCENTRAL (AS23352)	1
jika.name	SH.cz s.r.o. (AS39392)	1
CLOUDFLARENET	UAB Baltnetos komunikacijos (AS15440)	1
AMAZON-02	WHG Hosting Services Ltd (AS36454)	1
Akamai International B.V.	Icewood LLC (AS201119)	1
gen.in	Hetzner Online GmbH (AS24940)	1
tekrom.com	Dgn Teknoloji A.s. (AS43260)	2
name.com	SOFTLAYER (AS36351)	1
atltech.az	Hetzner Online GmbH (AS24940)	1
GOOGLE	Safenames Ltd. (AS60819)	1
awsdns-08.net	Vodafone GmbH (AS3209)	1
neohost.biz	A2HOSTING (AS55293)	1
futbolinfo.az	GHOSTnet GmbH (AS12586)	1
mail.az	INTRA Network Systems Ltd (AS15815)	1
runhosting.com	Zetta Hosting Solutions LLC. (AS44476)	2
awsdns-17.com	AMAZON-02 (AS16509)	1
itsolutions.az	Hetzner Online GmbH (AS24940)	1
SECURITYSERVICES	dogado GmbH (AS45012)	1
LLC VK	DIGITALOCEAN-ASN (AS14061)	1
LLC VK	JSC Selectel (AS49505)	1
akb.az	DIGITALOCEAN-ASN (AS14061)	1
xc-ns.de	AMAZON-02 (AS16509)	1
birnet.az	IZONE LLC (AS200154)	1
eftech.az	Akamai Connected Cloud (AS63949)	1
MICROSOFT-CORP-MSN-AS-BLOCK	Baku Telephone Communication LLC (AS28787)	1
awsdns-01.net	AMAZON-02 (AS16509)	1
register.ch	Combell NV (AS34762)	1
relaix.net	CLAUS WEB srl (AS203053)	1
stroimweb.com	United Networks of Ukraine Ltd (AS24703)	1
yandexcloud.net	HLL LLC (AS51115)	1
hyperhost.ua	Green Floid LLC (AS21100)	2
CLOUDFLARENET	Aktsiaselts WaveCom (AS34702)	1
ns03.	State Service Of Special Communication And Information Security Of The Republic Of Azerbaij (AS206977)	1
CLOUDFLARENET	IOFLOOD (AS53755)	1
NETWORK-SOLUTIONS-HOSTING	Hetzner Online GmbH (AS24940)	1
managed-ip.com	OVH SAS (AS16276)	2
renault.fr	UNIFIEDLAYER-AS-1 (AS46606)	1
teknoarge.com	Vodafone Net Iletisim Hizmetler AS (AS15924)	1
name-services.com	UNIFIEDLAYER-AS-1 (AS46606)	1
byart.az	DIGITALOCEAN-ASN (AS14061)	1
correcttechno.com	UNIFIEDLAYER-AS-1 (AS46606)	1
e-imza.az	AzInTelecom LLC (AS200729)	1
zengimcell.az	SELNET LLC (AS200446)	1
GANDI SAS	UNIFIEDLAYER-AS-1 (AS46606)	1
tickethost.info	Arvid Logicum OU (AS202376)	1
webhostingserver.nl	Akamai Connected Cloud (AS63949)	2
fornex.com	Kamatera Inc (AS204548)	1
YANDEX LLC	JSC Kazteleport - subsidiary of Halyk Bank of Kazakhstan (AS51162)	1
msh.su	Hetzner Online GmbH (AS24940)	1
arty.space	Hetzner Online GmbH (AS24940)	2
CLOUDFLARENET	Infomaniak Network SA (AS29222)	1
CLOUDFLARENET	Enginet LLC (AS60258)	1
CLOUDFLARENET	Turk Telekom (AS9121)	2
Delta Telecom Ltd	A2HOSTING (AS55293)	1
exacthosting.com	LIQUIDWEB (AS32244)	1
katv1.net	Hetzner Online GmbH (AS24940)	1
awsdns-03.net	AMAZON-02 (AS16509)	3
azersu.az	State Service Of Special Communication And Information Security Of The Republic Of Azerbaij (AS206977)	1
register.it	AMAZON-02 (AS16509)	2
migadu.com	Enflow B.V. (AS209626)	1
pointhq.com	AS-VULTR (AS20473)	1
shane.az	Uninet LLC (AS39232)	1
net.tr	Netinternet Bilisim Teknolojileri AS (AS51559)	1
acb.az	DIGITALOCEAN-ASN (AS14061)	1
CLOUDFLARENET	Pukta Bilisim Anonim Sirketi (AS51915)	1
hostmood.com	Netbudur Telekomunikasyon Limited Sirketi (AS202505)	3
CLOUDFLARENET	velia.net Internetdienste GmbH (AS29066)	1
awsdns-42.com	Cloudflare London, LLC (AS209242)	1
ecsgroup.az	Hetzner Online GmbH (AS24940)	1
bigg.az	GHOSTnet GmbH (AS12586)	2
managed-ip.com	Deutsche Telekom AG (AS3320)	1
Delta Telecom Ltd	Cloudflare London, LLC (AS209242)	1
Mustafa cakir	Ddos-guard Ltd (AS57724)	1
awsdns-09.com	Azedunet LLC (AS29584)	1
vipclubazerbaijan.az	AG Telekom MMC. (AS57293)	1
GOOGLE-CLOUD-PLATFORM	GOOGLE (AS15169)	1
register.it	Ddos-guard Ltd (AS57724)	1
markmonitor.zone	CLOUDFLARENET (AS13335)	1
azhost.biz	Hetzner Online GmbH (AS24940)	1
AS-VULTR	Hostinger International Limited (AS47583)	1
awsdns-11.net	AMAZON-02 (AS16509)	1
register.it	Retelit Digital Services S.p.A. (AS12850)	1
YANDEX LLC	UNIFIEDLAYER-AS-1 (AS46606)	1
net.ua	Host Europe GmbH (AS21499)	1
awsdns-28.net	CSC (AS19574)	1
gcdn.services	AzInTelecom LLC (AS200729)	1
TransEuroCom LLC	Hetzner Online GmbH (AS24940)	1
name-services.com	Hetzner Online GmbH (AS24940)	1
fiberconstruction.az	EUROHOSTER Ltd. (AS207728)	1
YANDEX LLC	FASTLY (AS54113)	2
natrohost.com	Turk Telekom (AS47331)	2
net.tr	Niobe Telekomunikasyon Bilisim Teknolojileri Yazilim Danismanlik Sanayi ve Ticaret Ltd. Sti. (AS42868)	1
Akamai International B.V.	OUR Technology LLC (AS213881)	1
ismanli.info	OUR Technology LLC (AS213881)	1
tamsoft.az	IZONE LLC (AS200154)	1
SECURITYSERVICES	GlobalConnect A/S (AS42525)	1
com.tr	pasha Technology LLC (AS209700)	1
b2c.ge	Caucasus Online Ltd. (AS20771)	1
MICROSOFT-CORP-MSN-AS-BLOCK	GO-DADDY-COM-LLC (AS398101)	1
markmonitor.com	Deutsche Telekom AG (AS3320)	1
checkdomain.de	Xirra GmbH (AS51191)	1
spaceweb.pro	OUR Technology LLC (AS213881)	1
hosthome.cloud	Hetzner Online GmbH (AS24940)	1
host.az	VNET a.s. (AS29405)	1
artfiles.de	Artfiles New Media GmbH (AS8893)	1
awsdns-16.org	AMAZON-02 (AS16509)	1
Delta Telecom Ltd	AMAZON-AES (AS14618)	2
cloudns.net	Radore Veri Merkezi Hizmetleri A.S. (AS42926)	1
CLOUDFLARENET	BLINE LLC (AS216259)	2
CLOUDFLARENET	Scalaxy B.V. (AS58061)	1
NSONE	Sony Europe B.V. (AS25181)	1
romarg.com	ROMARG SRL (AS205275)	1
NAMECHEAP-NET	SELNET LLC (AS200446)	1
myfcloudse.com	Akamai Connected Cloud (AS63949)	1
hozzt.com	Netinternet Bilisim Teknolojileri AS (AS51559)	1
SECURITYSERVICES	AKAMAI-AS (AS16625)	1
tele1.az	IZONE LLC (AS200154)	1
silent.az	NAMECHEAP-NET (AS22612)	1
GOOGLE	Superonline Iletisim Hizmetleri A.S. (AS34984)	1
medtronic.com	Ans Academy Limited (AS61323)	1
registraraz.com	A2HOSTING (AS55293)	1
mygov.az	AzInTelecom LLC (AS200729)	1
poskassa.az	Hostart LLC (AS207619)	1
co.uk	JSC IOT (AS29182)	2
caspel.net	DIGITALOCEAN-ASN (AS14061)	1
abcp.ru	Hetzner Online GmbH (AS24940)	1
ailenet.az	SpaceWeb Ltd (AS44112)	1
Beget LLC	OUR Technology LLC (AS213881)	1
fiberon.az	Fiberon LLC (AS208439)	1
CLOUDFLARENET	Unitary enterprise A1 (AS205820)	1
SECURITYSERVICES	UPS (AS12217)	1
NAMECHEAP-NET	AMAZON-02 (AS16509)	1
ua-hosting.company	3W Infra B.V. (AS60144)	1
awsdns-15.net	AMAZON-02 (AS16509)	1
CLOUDFLARENET	LLC Smart Ape (AS56694)	1
spnel.com	Ddos-guard Ltd (AS57724)	1
ipcom GmbH	froxlor GmbH (AS207048)	1
hazel.az	Hetzner Online GmbH (AS24940)	1
Beget LLC	Hostinger International Limited (AS47583)	2
JSC Selectel	Yandex.Cloud LLC (AS200350)	1
inwx.de	Orange Romania S.A. (AS9050)	1
Akamai International B.V.	TDC Holding A/S (AS3292)	1
imaj.online	Enix Ltd (AS52148)	1
name-services.com	Euronet Telekomunikasyon A.S. (AS199484)	1
tmb.az	AG Telekom MMC. (AS57293)	1
Akamai International B.V.	INTRA Network Systems Ltd (AS15815)	1
avon.com	AVON (AS27263)	1
nethouse.ru	Hosting Ltd (AS43362)	1
ps.kz	PS Internet Company LLP (AS48716)	1
lemarit.de	MICROSOFT-CORP-MSN-AS-BLOCK (AS8075)	1
CLOUDFLARENET	WIBO Baltic UAB (AS59939)	1
awsdns-07.com	AMAZON-02 (AS16509)	3
PONYNET	AMAZON-02 (AS16509)	1
tapin.az	Uninet LLC (AS39232)	1
dn-s.nl	CLDIN B.V. (AS48635)	1
YANDEX LLC	YANDEX LLC (AS13238)	1
Beget LLC	RETN Limited (AS9002)	1
duu.az	IZONE LLC (AS200154)	1
abnoos.com	Asre Pardazeshe Ettelaate Amin Institute (AS48147)	2
registrar-servers.com	FASTLY (AS54113)	1
awsdns-32.net	AMAZON-AES (AS14618)	1
hostland.ru	Ddos-guard Ltd (AS57724)	1
nic.ru	Domain names registrar REG.RU, Ltd (AS197695)	1
SECURITYSERVICES	Domain names registrar REG.RU, Ltd (AS49352)	1
awsdns-42.org	AMAZON-02 (AS16509)	1
exclusivehosting.net	UK Dedicated Servers Limited (AS42831)	3
name-services.com	Enix Ltd (AS52148)	2
demobul.net	GNET Internet Telekomunikasyon A.S. (AS42846)	2
register.it	Aruba S.p.A. (AS31034)	1
eurosel.az	GSP LLC (AS203622)	1
ionline.az	GSP LLC (AS203622)	1
saloni.az	Hetzner Online GmbH (AS24940)	1
MICROSOFT-CORP-MSN-AS-BLOCK	Host Europe GmbH (AS21501)	1
112.az	State Service Of Special Communication And Information Security Of The Republic Of Azerbaij (AS206977)	1
info.az	Hetzner Online GmbH (AS24940)	1
gksmdns.com	OOO Sportmaster (AS57512)	1
YANDEX LLC	NAMECHEAP-NET (AS22612)	1
Akamai International B.V.	MASTER-7-AS (AS26380)	2
ipcom GmbH	MICROSOFT-CORP-MSN-AS-BLOCK (AS8075)	4
DIGICERT	Hetzner Online GmbH (AS24940)	1
MICROSOFT-CORP-MSN-AS-BLOCK	AzInTelecom LLC (AS200729)	1
ifastnet10.org	Wildcard UK Limited (AS34119)	1
you-online-dns.net	OVH SAS (AS16276)	1
it-proffi.net	Baku Telephone Communication LLC (AS28787)	1
ports.se	Tele2 SWIPnet (AS1257)	2
dominiando.it	Register S.p.A. (AS39729)	2
YANDEX LLC	A2HOSTING (AS55293)	1
vercel-dns-2.com	AMAZON-02 (AS16509)	1
argentum.az	Hetzner Online GmbH (AS24940)	1
just.hosting	BAXET-GROUP (AS398343)	1
dnsdienst.de	Optitrust GmbH (AS200062)	1
Safenames Ltd.	MICROSOFT-CORP-MSN-AS-BLOCK (AS8075)	1
CLOUDFLARENET	Azedunet LLC (AS29584)	1
LLC VK	Ddos-guard Ltd (AS57724)	3
awsdns-14.net	AMAZON-02 (AS16509)	1
Azertelecom LLC	Delta Telecom Ltd (AS29049)	1
hostrem.com	Contabo GmbH (AS51167)	1
tmd.cloud	SINGLEHOP-LLC (AS32475)	2
SHOCK-1	GOOGLE-CLOUD-PLATFORM (AS396982)	2
exclusivehosting.net	LIQUIDNETLTD1 (AS14555)	1
cloudns.net	NETH LTD (AS198362)	2
faa.az	Hostart LLC (AS207619)	1
awsdns-11.org	CLOUDFLARENET (AS13335)	1
guzelhosting.com	Ddos-guard Ltd (AS57724)	1
linode.com	SELNET LLC (AS200446)	1
LLC VK	KKM IT Limited (AS60922)	1
SCAAM0001	MICROSOFT-CORP-MSN-AS-BLOCK (AS8075)	2
LLC VK	UK Dedicated Servers Limited (AS42831)	1
NAMECHEAP-NET	CLOUDFLARENET (AS13335)	1
Hetzner Online GmbH	A2Z Technologies CJSC (AS211995)	1
OUR Technology LLC	GOOGLE-CLOUD-PLATFORM (AS396982)	2
YANDEX LLC	Internet-Cosmos LLC (AS34300)	1
hoststock.net	Hetzner Online GmbH (AS24940)	1
iptwins.com	Yandex.Cloud LLC (AS200350)	1
hostens.com	UAB Interneto vizija (AS212531)	1
SECURITYSERVICES	CSC Administrative Services Limited (AS34922)	3
PONYNET	Hostinger International Limited (AS47583)	1
OUR Technology LLC	Hetzner Online GmbH (AS24940)	1
Arvid Logicum OU	JSC Selectel (AS49505)	1
CLOUDFLARENET	DIGICERT (AS16552)	1
jsgroup.az	Hetzner Online GmbH (AS24940)	1
azpatent.az	Delta Telecom Ltd (AS29049)	1
CLOUDFLARENET	TURKTICARET.NET YAZILIM HIZMETLERI SAN. ve TIC. A.S. (AS197720)	1
timeweb.org	Scalaxy B.V. (AS58061)	1
CLOUDFLARENET	Wildcard UK Limited (AS34119)	1
monopost.com	Greysom Limited (AS12678)	2
awsdns-44.org	MICROSOFT-CORP-MSN-AS-BLOCK (AS8075)	1
endirimli.az	SINGLEHOP-LLC (AS32475)	1
AMAZON-02	Contabo GmbH (AS51167)	1
uu.net	Telekom Deutschland GmbH (AS48951)	1
MICROSOFT-CORP-MSN-AS-BLOCK	Contabo GmbH (AS51167)	3
awsdns-09.org	JSC Selectel (AS50340)	1
MICROSOFT-CORP-MSN-AS-BLOCK	FASTLY (AS54113)	1
CLOUDFLARENET	Qrator Labs CZ s.r.o. (AS209671)	1
trdns.com	Niobe Telekomunikasyon Bilisim Teknolojileri Yazilim Danismanlik Sanayi ve Ticaret Ltd. Sti. (AS42868)	1
dnspod.net	Alibaba US Technology Co., Ltd. (AS45102)	1
musiqi.az	SOFTLAYER (AS36351)	1
hieng.az	Metronet LLC (AS39397)	1
oskon.az	Codit Teknoloji Tic. Ltd. Sti. (AS207983)	1
coditcloud.com	Codit Teknoloji Tic. Ltd. Sti. (AS207983)	1
asurahosting.com	PONYNET (AS53667)	1
swit.az	Hetzner Online GmbH (AS24940)	1
el-wu.com	LIQUIDNETLTD1 (AS14555)	1
entorno.com	MICROSOFT-CORP-MSN-AS-BLOCK (AS8075)	1
azf.az	Uninet LLC (AS39232)	1
dnsvisa.com	CLOUDFLARENET (AS13335)	2
Host Europe GmbH	az-evro Tel LLC (AS13099)	1
co.uk	MICROSOFT-CORP-MSN-AS-BLOCK (AS8075)	1
akm.az	AzInTelecom LLC (AS200729)	1
OWEB Bilisim Teknolojileri A.S.	Cloudflare London, LLC (AS209242)	1
pnholding.com	TimeWeb LLC (AS9123)	1
nmugroup.com	Nordisk Media Utveckling AB (AS204074)	1
Beget LLC	Hostlayici (AS214382)	1
awsdns-33.com	AMAZON-02 (AS16509)	1
SECURITYSERVICES	Loihde Trust Oy (AS29240)	1
Hydra Communications Ltd	Baku Telephone Communication LLC (AS28787)	1
eftech.az	Delta Telecom Ltd (AS29049)	1
cloudns.net	Mailbox Internet Hizmetleri Ltd. Sti. (AS62425)	1
SECURITYSERVICES	AZO (AS16677)	1
economy.az	Delta Telecom Ltd (AS29049)	1
GOOGLE	CLOUDFLARENET (AS13335)	1
gwsweb.net	CLOUDFLARENET (AS13335)	1
Azertelecom LLC	MICROSOFT-CORP-MSN-AS-BLOCK (AS8075)	1
azercell.com	Azercell Telecom Ltd (AS31721)	2
abbviedns.com	SECURITYSERVICES (AS12008)	1
awsdns-29.org	AMAZON-02 (AS16509)	1
awsdns-16.com	Teknotel Telekomunikasyon Sanayi Ve Ticaret A.s. (AS25145)	1
glipac.ch	Bluewin (AS3303)	1
dig.com	AMAZON-02 (AS16509)	1
da.direct	velia.net Internetdienste GmbH (AS29066)	1
rimass.az	Contabo GmbH (AS51167)	1
myhosting.com	AFFINITY-INTER (AS18447)	1
hackerone.com	CLOUDFLARENET (AS13335)	1
Hetzner Online GmbH	JSC Selectel (AS49505)	2
massolution.az	AzInTelecom LLC (AS200729)	1
topsec.com	AMAZON-02 (AS16509)	1
CLOUDFLARENET	Zemlyaniy Dmitro Leonidovich (AS42159)	1
awsdns-19.net	AMAZON-02 (AS16509)	1
1984.is	Greenhost BV (AS47172)	1
formebel.az	Hetzner Online GmbH (AS24940)	1
royalconstruction.az	Hetzner Online GmbH (AS24940)	1
acmij.az	AzInTelecom LLC (AS200729)	1
LLC VK	Servicepipe LLC (AS201706)	1
zengim.az	SELNET LLC (AS200446)	1
CLOUDFLARENET	Netdirekt A.S. (AS43391)	1
CLOUDFLARENET	COGENT-174 (AS174)	1
cloudns.net	Metronet LLC (AS39397)	1
fhn.az	State Service Of Special Communication And Information Security Of The Republic Of Azerbaij (AS206977)	1
host.az	Hostinger International Limited (AS47583)	2
kristalmutfak.az	Hetzner Online GmbH (AS24940)	1
DIGICERT	CLOUDFLARENET (AS13335)	2
voltnet.az	IZONE LLC (AS200154)	1
dnsimple.com	AMAZON-02 (AS16509)	1
whois.com	NETWORK-SOLUTIONS-HOSTING (AS19871)	1
gohost.ru	Edinaya Set Limited Liability Company (AS39134)	1
NUCDN	Sentia Denmark A/S (AS47292)	1
safistudio.pl	Cyber_Folks S.A. (AS41079)	1
yandexcloud.net	Ddos-guard Ltd (AS57724)	1
mihanwebhost.com	Hetzner Online GmbH (AS24940)	1
gudzonserver.com	Hetzner Online GmbH (AS24940)	2
site4now.net	AMAZON-02 (AS16509)	2
canba.az	SELNET LLC (AS200446)	1
3dost.az	S.c. Infotech-grup S.r.l. (AS201670)	1
camelhost.lv	Sia Nano IT (AS43513)	1
Baku Telephone Communication LLC	Contabo GmbH (AS51167)	1
cloudns.net	UNIFIEDLAYER-AS-1 (AS46606)	1
awsdns-20.org	AMAZON-02 (AS16509)	1
cpanel.ge	Cloud 9 Ltd. (AS57814)	1
Hetzner Online GmbH	Beget LLC (AS198610)	1
YANDEX LLC	LIQUIDNETLTD1 (AS14555)	3
dominos.com	AMAZON-02 (AS16509)	1
novonordisk.com	MICROSOFT-CORP-MSN-AS-BLOCK (AS8075)	2
Host Europe GmbH	Hostinger International Limited (AS47583)	2
novex.az	Azertelecom LLC (AS196925)	1
NETWORK-SOLUTIONS-HOSTING	NAMECHEAP-NET (AS22612)	1
Domain names registrar REG.RU, Ltd	Hetzner Online GmbH (AS24940)	1
wildberries.ru	LLC Wildberries (AS57073)	1
net.ua	MBL International East Computerland-Kiev Ltd (AS200049)	1
name-services.com	Seabak LLC (AS57675)	1
uadns.com	Hetzner Online GmbH (AS24940)	1
awsdns-19.org	AMAZON-AES (AS14618)	1
osn.de	OSN Online Service Nuernberg GmbH (AS8859)	1
packinvest.az	Hetzner Online GmbH (AS24940)	1
gohost.kz	PE Fedinyak Sergey Vyacheslavovich (AS203087)	1
Azertelecom LLC	Ukrainian Internet Names Center LTD (AS197726)	1
hostman.com	Hostman LTD (AS214504)	2
partstore.az	Hostart LLC (AS207619)	1
Akamai International B.V.	MCKINSEY-GLOBAL (AS395366)	1
example.com	AdminVPS OOO (AS211642)	1
ipcom GmbH	JSC RetnNet (AS198947)	1
azercell.com	AG Telekom MMC. (AS57293)	1
boydakholding.net	Erciyes Anadolu Holding A.s. (AS51703)	1
hostinq1.com	UK Dedicated Servers Limited (AS42831)	1
awsdns-31.com	AMAZON-02 (AS16509)	1
CLOUDFLARENET	DNIC-AS-00749 (AS749)	1
devnix.az	GSP LLC (AS203622)	1
centos-webpanel.com	Contabo GmbH (AS51167)	1
awsdns-23.com	AMAZON-02 (AS16509)	1
yapondili.az	Hetzner Online GmbH (AS24940)	1
Delta Telecom Ltd	AzFiberNet Ltd. (AS203971)	1
YANDEX LLC	Netbudur Telekomunikasyon Limited Sirketi (AS202505)	1
rsnx.ru	Ddos-guard Ltd (AS57724)	1
flashnet.az	IZONE LLC (AS200154)	1
CLOUDFLARENET	Brainoza OU (AS214790)	1
connect.az	Connect CJSC (AS61304)	1
ipcom GmbH	Akamai Connected Cloud (AS63949)	2
firstbytedns.net	EUROHOSTER Ltd. (AS207728)	1
it4profit.com	UAB Baltnetos komunikacijos (AS15440)	1
MICROSOFT-CORP-MSN-AS-BLOCK	Cloudflare London, LLC (AS209242)	1
DIGICERT	JSC Selectel (AS49505)	1
smartdoktor.az	GO-DADDY-COM-LLC (AS398101)	1
host4you.az	Contabo GmbH (AS51167)	4
azteam.az	OVH SAS (AS16276)	1
sec-ns.de	PlusServer GmbH (AS61157)	1
CLOUDFLARENET	JSC Transtelecom (AS41798)	1
teklifimvar.az	Hostart LLC (AS207619)	1
odeaweb.com	OWEB Bilisim Teknolojileri A.S. (AS211871)	2
CLOUDFLARENET	Yigit Hosting Bilisim E-Ticaret Gida Sanayi Ticaret Limited Sirketi (AS47585)	1
srvlogin.com	VOXNET (AS214000)	1
SkyExchange Internet Access	CLOUDFLARENET (AS13335)	1
OUR Technology LLC	AzInTelecom LLC (AS200729)	1
yigim.az	CLOUDFLARENET (AS13335)	1
awsdns-04.com	AzInTelecom LLC (AS200729)	1
novagraaf-dns.com	AMAZON-02 (AS16509)	1
lemarit.de	Claas KGaA mbH (AS208868)	1
Hostinger International Limited	GOOGLE-CLOUD-PLATFORM (AS396982)	1
afraid.org	Contabo GmbH (AS51167)	1
bolluq.az	Hetzner Online GmbH (AS24940)	1
neoclass.az	Hetzner Online GmbH (AS24940)	1
register.it	MICROSOFT-CORP-MSN-AS-BLOCK (AS8075)	2
LLC VK	Alfanet LLC (AS50274)	1
glbns.com	Servergarden Kft. (AS47381)	1
cameta.ru	JSC IOT (AS29182)	1
atakdomain.com	Hostinger International Limited (AS47583)	1
NSONE	FASTLY (AS54113)	1
CLOUDFLARENET	FLY (AS40509)	1
katv1.az	AG Telekom MMC. (AS57293)	1
vigbo.site	Hostkey B.v. (AS50867)	1
Akamai International B.V.	Marubeni OKI Network Solutions Inc. (AS4677)	1
awsdns-23.org	FRITZ EGGER GmbH & Co. OG (AS198211)	1
nameshield.net	TAS France SAS (AS8554)	1
net.tr	HostLAB Bilisim Teknolojileri A.S. (AS207326)	2
markmonitor.com	GOOGLE-CLOUD-PLATFORM (AS396982)	1
example.com	EUROHOSTER Ltd. (AS207728)	1
entegre360.com	Teletek Bulut Bilisim ve Iletisim Hizmetleri A.S. (AS43352)	1
ns-host.com	Arvid Logicum OU (AS202376)	1
wwe.com	AMAZON-AES (AS14618)	1
domenator.com	AS-GLOBALTELEHOST (AS63023)	1
blueboard.cz	MICROSOFT-CORP-MSN-AS-BLOCK (AS8075)	1
da.direct	OVH SAS (AS16276)	1
CLOUDFLARENET	Seabak LLC (AS57675)	1
siict.net	A2HOSTING (AS55293)	1
fastnet.az	Alfanet LLC (AS50274)	1
millikart.az	Delta Telecom Ltd (AS29049)	1
4travels.net	Ddos-guard Ltd (AS57724)	1
CLOUDFLARENET	WEBHOSTINGHOLDINGS (AS965)	1
dnshost.net	GleSYS AB (AS42708)	1
NUCDN	Team Internet AG (AS61969)	1
123ns.eu	FASTLY (AS54113)	1
CLOUDFLARENET	Aeza International Ltd (AS210644)	1
ruvds.com	JSC Mediasoft ekspert (AS48347)	1
LLC VK	HMC Company LLC (AS199444)	1
MICROSOFT-CORP-MSN-AS-BLOCK	Umdasch Group AG (AS3201)	1
gies.az	Hetzner Online GmbH (AS24940)	1
the.hosting	Pq Hosting Plus S.r.l. (AS44477)	1
cloudns.net	Hosting Ukraine LTD (AS200000)	1
berkinengineering.com	Turk Telekom (AS47331)	1
flirt.az	SELNET LLC (AS200446)	1
kargomat.az	AG Telekom MMC. (AS57293)	1
azercosmos.az	DIGITALOCEAN-ASN (AS14061)	1
Beget LLC	Contabo GmbH (AS51167)	1
supremedns.com	Hetzner Online GmbH (AS24940)	1
cloudns.net	AMAZON-02 (AS16509)	2
az-net.az	A2Z Technologies CJSC (AS211995)	1
fulserver.ru	GHOSTnet GmbH (AS12586)	1
lukoil.com	HLL LLC (AS51115)	1
NAMECHEAP-NET	NL-811-40021 (AS40021)	1
CLOUDFLARENET	SHARKTECH (AS46844)	1
CLOUDFLARENET	Aztelekom LLC (AS8814)	1
ANEXIA Internetdienstleistungs GmbH	AMAZON-02 (AS16509)	1
awsdns-13.com	AMAZON-02 (AS16509)	2
hqmail.org	PE Skurykhin Mukola Volodumurovuch (AS56851)	1
reg.ru	RECONN LLC (AS12722)	1
LLC VK	Telehouse EAD (AS57344)	1
YANDEX LLC	EuroByte LLC (AS210079)	1
linode.com	Ddos-guard Ltd (AS57724)	1
awsdns-36.com	AMAZON-02 (AS16509)	1
YANDEX LLC	LLC Smart Ape (AS56694)	1
delaval.com	British Telecommunications PLC (AS5400)	1
OUR Technology LLC	Ddos-guard Ltd (AS57724)	1
AMAZON-02	AS-VULTR (AS20473)	1
GOOGLE-CLOUD-PLATFORM	Uninet LLC (AS39232)	1
apus.az	AzInTelecom LLC (AS196821)	1
creolineserver.com	creoline GmbH (AS205948)	2
euronic.fi	Planeetta Internet Oy (AS58003)	1
rightsdns.com	MICROSOFT-CORP-MSN-AS-BLOCK (AS8075)	1
NETWORK-SOLUTIONS-HOSTING	Contabo GmbH (AS51167)	1
ds-host.com	Baku Telephone Communication LLC (AS28787)	1
idda.az	Electronic Government Development Center Public Legal Entity (AS210665)	1
storm-pro.net	Safe Value Limited (AS42745)	1
CLOUDFLARENET	GSP LLC (AS203622)	1
meslehetdi.az	Start LLC (AS61400)	1
data-center.com	P.a.g.m. Ou (AS198068)	1
CLOUDFLARENET	SpaceWeb Ltd (AS44112)	1
name-services.com	RENDER (AS397273)	1
netafraz.com	Hetzner Online GmbH (AS24940)	1
wordpress.org	SINGLEHOP-LLC (AS32475)	1
nic.ru	Jsc ru-center (AS39494)	1
directadminhostserver.com	UK Dedicated Servers Limited (AS42831)	1
xalqsigorta.az	Delta Telecom Ltd (AS29049)	1
dodo.az	Hetzner Online GmbH (AS24940)	1
zafer.az	AzInTelecom LLC (AS200729)	1
pega.st	Ooo All Up Net (AS39678)	1
register.it	TIM (AS20746)	1
com.tr	Inetmar Internet Hizmetleri Bilism Teknolojileri Sanayi Ve Ticaret Limited (AS49467)	1
Beget LLC	ESTRUXTURE-QC-10929 (AS10929)	1
AMAZON-02	MUV Bilisim ve Telekomunikasyon Hizmetleri Ltd. Sti. (AS209711)	1
hostingcare.net	Contabo GmbH (AS51167)	1
Beget LLC	HVC-AS (AS29802)	1
YANDEX LLC	Hostpro Lab LLC (AS196645)	1
AMAZON-02	Azedunet LLC (AS29584)	1
DIGICERT	Toyota Material Handling Europe AB (AS41243)	1
alastyr.com	Contabo GmbH (AS51167)	1
nameshield.net	AMAZON-AES (AS14618)	1
Host Europe GmbH	Arvid Logicum OU (AS202376)	1
awsdns-01.com	AMAZON-AES (AS14618)	1
inmotionhosting.com	OVH SAS (AS16276)	1
grok.az	Delta Telecom Ltd (AS29049)	1
telegraph.az	AzInTelecom LLC (AS200729)	1
CLOUDFLARENET	Verigom Telekomunikasyon Limited Sirketi (AS200456)	1
pavilion.az	TimeWeb LLC (AS9123)	1
JSC Selectel	DIGITALOCEAN-ASN (AS14061)	1
touchosting.uk	20i Limited (AS48254)	1
hostgator.com	OUR Technology LLC (AS213881)	1
pixeledges.com	CLOUDFLARENET (AS13335)	1
HURRICANE	Delta Telecom Ltd (AS29049)	1
ge-dns.com	SECURITYSERVICES (AS12008)	1
hostforweb.net	DIGITALOCEAN-ASN (AS14061)	1
ensol.az	Hetzner Online GmbH (AS24940)	1
Beget LLC	OVH SAS (AS16276)	1
netim.net	Beget LLC (AS198610)	1
kalyon.az	EUROHOSTER Ltd. (AS207728)	1
EuroByte LLC	Republican Unitary Telecommunication Enterprise Beltelecom (AS6697)	1
Akamai International B.V.	INCAPSULA (AS19551)	1
GANDI SAS	Cloudflare London, LLC (AS209242)	1
zone.ee	Zone Media OU (AS49604)	2
e-portal.az	NETWORK-SOLUTIONS-HOSTING (AS19871)	1
adminvps.net	smart Sistemz Technoloji Mmm (AS34876)	1
awsdns-09.net	AMAZON-02 (AS16509)	1
reg.ru	TimeWeb LLC (AS9123)	1
NSONE	INTERNAP-BLOCK-4 (AS14742)	1
ednsglobal.net	AMAZON-02 (AS16509)	1
cloudns.net	Exim Host SRL (AS211611)	1
rpcm.az	Tilaa B.V. (AS196752)	1
kassa.az	Hostart LLC (AS207619)	1
desec.io	Uninet LLC (AS39232)	1
awsdns-43.com	AMAZON-02 (AS16509)	1
119.az	AG Telekom MMC. (AS57293)	1
you-online-dns.net	Okay-Telecom Ltd. (AS199669)	2
CLOUDFLARENET	KKM IT Limited (AS60922)	1
aversus.com	OVH SAS (AS16276)	1
gentechs.az	Hetzner Online GmbH (AS24940)	1
solaris.az	Hetzner Online GmbH (AS24940)	1
cloudns.net	Freethought Internet Limited (AS41000)	2
Azedunet LLC	ORACLE-BMC-31898 (AS31898)	1
smtp.az	AMAZON-AES (AS14618)	1
SECURITYSERVICES	netlogix GmbH & Co. KG (AS206231)	1
Delta Telecom Ltd	UZSCINET (AS31492)	1
ascio.com	Vodafone Spain (AS12430)	1
bims.az	GSP LLC (AS203622)	1
contaboserver.net	Contabo GmbH (AS51167)	1
markmonitor.com	Itm8 A/S (AS44398)	1
vegasoptics.az	Hostinger International Limited (AS47583)	1
cloudmonsterservers.com	PhoenixNAP (AS59210)	1
hostaz.biz	LLC Baxet (AS51659)	1
polyserver.ru	Citytelecom LLC (AS3175)	1
eyvazoff.com	Contabo GmbH (AS51167)	1
CLOUDFLARENET	Cenuta Telekomunikasyon Anonim Sirketi (AS213252)	1
vbns.org	IS-AS-1 (AS19318)	1
GOOGLE	KKM IT Limited (AS60922)	1
timeweb.org	PS Internet Company LLP (AS48716)	1
senseihost.com	Hetzner Online GmbH (AS24940)	1
turnike.az	GSP LLC (AS203622)	1
hostgator.com	Ultel LLC (AS39280)	1
azmap.az	Delta Telecom Ltd (AS29049)	1
frei.net	Sylon Hosting GmbH (AS197439)	1
az-evro Tel LLC	Hostinger International Limited (AS47583)	1
bdacademy.az	Hetzner Online GmbH (AS24940)	1
lizardserver.com	Contabo GmbH (AS51167)	2
ionline.az	A2HOSTING (AS55293)	1
SECURITYSERVICES	GALLUP1 (AS15263)	1
secureserver.net	GO-DADDY-COM-LLC (AS398101)	1
CLOUDFLARENET	Megagroup.ru LLC (AS60357)	1
internex.at	InterNetX GmbH (AS15456)	1
SECURITYSERVICES	Beget LLC (AS198610)	1
posnet.az	Datacamp Limited (AS60068)	1
clubvps.com	Kamatera Inc (AS41436)	1
forfinance.az	Hetzner Online GmbH (AS24940)	1
keyubu.net	KEYUBU Internet ve Bilisim Tic. Ltd. Sti. (AS210538)	1
awsdns-00.org	JSC Center of Financial Technologies (AS8848)	1
Beget LLC	DIGITALOCEAN-ASN (AS14061)	1
net.tr	MICROSOFT-CORP-MSN-AS-BLOCK (AS8075)	1
foxfilm.com	AMAZON-AES (AS14618)	1
rightsdns.com	GOOGLE-CLOUD-PLATFORM (AS396982)	1
awsdns-32.net	AMAZON-02 (AS16509)	1
domenebi.ge	P.a.g.m. Ou (AS198068)	1
hostgator.com	KKM IT Limited (AS60922)	1
Hydra Communications Ltd	Wix.com Ltd. (AS58182)	1
azpos.az	CASPEL LLC (AS207251)	1
supremedns.com	Ficolo Oy (AS49282)	1
bearingpoint.com	MICROSOFT-CORP-MSN-AS-BLOCK (AS8075)	1
Delta Telecom Ltd	KKM IT Limited (AS60922)	1
qkz.az	Azertelecom LLC (AS196925)	1
NETWORK-SOLUTIONS-HOSTING	Ddos-guard Ltd (AS57724)	1
ifastnet8.org	Wildcard UK Limited (AS34119)	1
industry4.az	State Service Of Special Communication And Information Security Of The Republic Of Azerbaij (AS206977)	1
Beget LLC	Korea Telecom (AS4766)	1
ns.express	Hosting Ukraine LTD (AS200000)	1
oyna.az	SELNET LLC (AS200446)	1
tlv.az	GSP LLC (AS203622)	1
indomco.com	GTT Communications Inc. (AS3257)	1
cloudns.net	CLOUDFLARENET (AS13335)	1
novahostinq.com	GNET Internet Telekomunikasyon A.S. (AS42846)	1
perf1.com	AMAZON-02 (AS16509)	1
ruweb.net	A2HOSTING (AS55293)	1
SECURITYSERVICES	INCAPSULA (AS19551)	1
AZETEL LLC	Hostinger International Limited (AS47583)	1
CLOUDFLARENET	SINGLEHOP-LLC (AS32475)	1
vexirahost.xyz	PH Bilisim Teknolojileri Limited Sirketi (AS210574)	1
awsdns-41.net	AMAZON-02 (AS16509)	1
rhx.info	Seflow s.r.l. (AS49367)	1
Hydra Communications Ltd	SHARKTECH (AS46844)	1
awsdns-07.org	JSC IOT (AS29182)	1
Hetzner Online GmbH	PE Fedinyak Sergey Vyacheslavovich (AS203087)	2
6900.az	SELNET LLC (AS200446)	1
CLOUDFLARENET	INMOTION (AS22611)	1
alfanet.az	Mustafa cakir (AS213795)	1
servconfig.com	IMH-IAD (AS54641)	1
GOOGLE	Ddos-guard Ltd (AS57724)	1
hoster.ru	Citytelecom LLC (AS12616)	1
example.com	Arvid Logicum OU (AS202376)	1
foundationdns.com	CLOUDFLARENET (AS13335)	1
NUCDN	MICROSOFT-CORP-MSN-AS-BLOCK (AS8075)	1
alotvshop.az	AG Telekom MMC. (AS57293)	1
derprovider.at	Hetzner Online GmbH (AS24940)	1
NETWORK-SOLUTIONS-HOSTING	TheHost LLC (AS56485)	1
EDNS	KKM IT Limited (AS60922)	1
EDNS	Amarutu Technology Ltd (AS206264)	1
avensol.az	Veridyen Bilisim Teknolojileri Sanayi ve Ticaret Limited Sirketi (AS209853)	1
TransEuroCom LLC	AMAZON-02 (AS16509)	1
atvirtual.com	Festo Management SE (AS41700)	1
awsdns-05.org	AMAZON-02 (AS16509)	1
awsdns-20.org	Hetzner Online GmbH (AS24940)	1
SECURITYSERVICES	Optimizely AB (AS30811)	1
aynifikir.com	Aysima Bilisim Teknolojileri (AS59674)	1
YANDEX LLC	LLC VK (AS47764)	1
SECURITYSERVICES	Babiel GmbH (AS198913)	1
GOOGLE	smart Sistemz Technoloji Mmm (AS34876)	1
mobilarena.az	Hostart LLC (AS207619)	1
sitinet.az	Ultel LLC (AS39280)	1
ihsdnsx25.com	IHS Kurumsal Teknoloji Hizmetleri A.S (AS49126)	1
findoc.az	AzInTelecom LLC (AS200729)	1
hostinq1.com	Kamatera Inc (AS204548)	1
Akamai Connected Cloud	INMOTION (AS22611)	1
SECURITYSERVICES	DIGITALOCEAN-ASN (AS14061)	1
mor.az	Hetzner Online GmbH (AS24940)	1
hqhost.net	IPIPE-INC (AS400513)	1
timeweb.org	SELNET LLC (AS200446)	1
lpmtr.net	DIGITALOCEAN-ASN (AS14061)	1
hostinq1.com	Ficolo Oy (AS49282)	1
awsdns-02.org	AMAZON-02 (AS16509)	1
JSC Selectel	Tilda Publishing Ltd. (AS205282)	1
byethost20.org	Wildcard UK Limited (AS34119)	1
CLOUDFLARENET	SUCURI-SEC (AS30148)	1
germanacademy.az	IONOS SE (AS8560)	1
cloudns.net	Tilda Publishing Ltd. (AS205282)	1
finstaff.az	Delta Telecom Ltd (AS29049)	1
yap.az	AzInTelecom LLC (AS200729)	1
Azedunet LLC	Veridyen Bilisim Teknolojileri Sanayi ve Ticaret Limited Sirketi (AS209853)	1
host4.biz	Host4Biz sp. z o.o. (AS61251)	1
unitedbusinessesllc.com	Contabo GmbH (AS51167)	1
YANDEX LLC	OVH SAS (AS16276)	1
sevgi.az	SELNET LLC (AS200446)	1
