Hetzner Online GmbH	co.mz	32
dns.fox	co.mz	1
co.mz	x-ion GmbH	5
websiteserverbox.com	co.mz	1
mozserver.com	co.mz	25
ngninfra.net	ngninfra.net	3
co.mz	co.mz	163
CLOUDFLARENET	ZOHO-AS	12
Host Europe GmbH	co.mz	5
OVH SAS	co.mz	85
CLOUDFLARENET	CLOUDFLARENET	39
CLOUDFLARENET	co.mz	80
efapel.pt	co.mz	1
NAMECHEAP-NET	co.mz	6
clubnet.mz	co.mz	1
SINGLEHOP-LLC	co.mz	3
EMUNET	co.mz	29
itprohosting.net	co.mz	1
CLOUDFLARENET	MICROSOFT-CORP-MSN-AS-BLOCK	16
dnscpanel.com	GOOGLE	1
OVH SAS	spamexperts.com	1
PONYNET	co.mz	8
SECURITYSERVICES	NAMECHEAP-NET	25
hostgator.com	GOOGLE	3
falconost.com	co.mz	1
GOOGLE-CLOUD-PLATFORM	stackmail.com	5
clubnet.mz	moztel-as	11
mydnscloud.com	co.za	1
supremedns.com	LIQUIDNETLTD1	5
trouble-free.net	co.mz	3
AMAZON-02	co.mz	48
CLOUDFLARENET	amazonaws.com	1
bravehost.com	bravehost.com	2
CLOUDFLARENET	NAMECHEAP-NET	2
hostgator.com	ZOHO-AS	2
Cloud DNS Ltd	MICROSOFT-CORP-MSN-AS-BLOCK	7
mozserver.com	x-ion GmbH	1
co.mz	GOOGLE	16
CLOUDFLARENET	mailchannels.net	9
CLOUDFLARENET	AUTOMATTIC	10
noc40.com	co.mz	3
wapmoz.com	co.mz	3
ampledns.com	MICROSOFT-CORP-MSN-AS-BLOCK	2
dnscpanel.com	co.mz	3
co.mz	MICROSOFT-CORP-MSN-AS-BLOCK	22
com.br	AUTOMATTIC	2
CLOUDFLARENET	privateemail.com	1
mytechcore.com	co.mz	2
parktons.com	parktons.com	1
SECURITYSERVICES	co.mz	3
co.za	GOOGLE	2
SECURITYSERVICES	SECURITYSERVICES	19
inmotionhosting.com	co.mz	3
clubnet.mz	GOOGLE	1
NSONE	improvmx.com	1
SECURITYSERVICES	netnames.net	4
bitmz.online	co.mz	3
Rackspace Ltd.	MICROSOFT-CORP-MSN-AS-BLOCK	3
xneelo	co.mz	4
NSONE	CLOUDFLARENET	3
EMUNET	GOOGLE	4
Hetzner Online GmbH	CLOUDFLARENET	1
firstboot.net	MICROSOFT-CORP-MSN-AS-BLOCK	4
hostmocambique.com	co.mz	4
DIGICERT	co.mz	5
palodns.com	x-ion GmbH	6
yourwebhosting.com	co.mz	1
EMUNET	MICROSOFT-CORP-MSN-AS-BLOCK	3
awsdns-12.com	randstad.com	1
CLOUDFLARENET	GOOGLE	17
supremedns.com	rt-serv.net	1
co.mz	msv1.invalid	1
palodns.com	ZOHO-AS	4
produtodigitaldns.net	co.mz	1
palodns.com	GOOGLE	3
unknown	co.mz	14
mozserver.com	MICROSOFT-CORP-MSN-AS-BLOCK	2
trouble-free.net	MICROSOFT-CORP-MSN-AS-BLOCK	1
Host Europe GmbH	MICROSOFT-CORP-MSN-AS-BLOCK	3
moz-hosting.com	co.mz	8
supremepanel.com	co.mz	2
palodns.com	emailsrvr.com	1
CLOUDFLARENET	101domain.com	2
AMAZON-02	GOOGLE-CLOUD-PLATFORM	5
sitedns.pt	co.mz	1
nvme-servers.com	co.mz	1
co.mz	Servicos De Comunicacoes E Multimedia S.A.	6
MICROSOFT-CORP-MSN-AS-BLOCK	MICROSOFT-CORP-MSN-AS-BLOCK	8
UNIFIEDLAYER-AS-1	MICROSOFT-CORP-MSN-AS-BLOCK	1
Hetzner Online GmbH	ZOHO-AS	2
nsvhosting.com	co.mz	2
com.br	co.mz	8
UNIFIEDLAYER-AS-1	co.mz	4
pegasinet.com	MICROSOFT-CORP-MSN-AS-BLOCK	1
register.it	register.it	1
saboresdaterra.net	co.mz	4
net.br	co.mz	1
serverhostgroup.com	co.mz	4
GOOGLE	x-ion GmbH	1
hostns.io	enmail.co	2
co.za	MICROSOFT-CORP-MSN-AS-BLOCK	4
co.za	co.mz	2
co.uk	co.mz	2
contabo.net	co.mz	9
CLOUDFLARENET	com.br	3
speranza.tech	co.mz	2
xneelo	GOOGLE	1
justhost.com	co.mz	1
silvermoz.com	co.mz	2
CLOUDFLARENET	portoeditora.pt	3
NETWORK-SOLUTIONS-HOSTING	co.mz	6
CLOUDFLARENET	purelymail.com	1
safebrands.com	mimecast.com	1
host-ww.net	co.mz	2
NSONE	amazonaws.com	1
nuvem-dns.biz	MICROSOFT-CORP-MSN-AS-BLOCK	2
co.za	iphmx.com	1
DIGICERT	MICROSOFT-CORP-MSN-AS-BLOCK	3
CLOUDFLARENET	hostinger.pt	2
palodns.com	co.mz	3
dominares.net	MICROSOFT-CORP-MSN-AS-BLOCK	2
acens.net	co.mz	1
mozatech-cs.com	co.mz	1
GOOGLE	GOOGLE	6
Hetzner Online GmbH	GOOGLE	4
Hetzner Online GmbH	MICROSOFT-CORP-MSN-AS-BLOCK	3
ifastnet.com	co.mz	1
webhost4life.com	co.mz	1
co.mz	spambusters.email	2
netim.net	netim.net	2
CLOUDFLARENET	mymailcheap.com	1
teixeiraduarte.com	cleanmx.pt	1
GOOGLE	CLOUDFLARENET	1
Akamai International B.V.	MICROSOFT-CORP-MSN-AS-BLOCK	1
linode.com	GOOGLE	1
hostgator.com	co.mz	9
registrar-servers.com	NAMECHEAP-NET	1
bravehost.com	MICROSOFT-CORP-MSN-AS-BLOCK	2
OVH SAS	MICROSOFT-CORP-MSN-AS-BLOCK	3
CLOUDFLARENET	h7mail.email	2
NUCDN	MICROSOFT-CORP-MSN-AS-BLOCK	1
justhost.com	MICROSOFT-CORP-MSN-AS-BLOCK	1
savemoz.com	savemoz.club	1
totalenergies.biz	MICROSOFT-CORP-MSN-AS-BLOCK	2
co.za	co.za	3
domainnetwork.se	volvo.se	1
ptempresas.pt	Servicos De Comunicacoes E Multimedia S.A.	2
mozimport.com	co.mz	1
awsdns-21.net	amazonaws.com	2
ipage.com	co.mz	4
hostmonster.com	co.mz	3
perf1.com	nameshield.com	2
Groupe LWS SARL	co.mz	3
GANDI SAS	gandi.net	2
zoneedit.com	emailsrvr.com	2
site5.com	co.mz	1
dnetwservices.com	co.mz	1
asoshared.com	co.mz	1
buddyns.com	GOOGLE	1
hostgator.com	MICROSOFT-CORP-MSN-AS-BLOCK	1
SINGLEHOP-LLC	mailgun.org	1
co.mz	mxrouting.net	1
thundercloud.uk	co.mz	1
GANDI SAS	MICROSOFT-CORP-MSN-AS-BLOCK	1
ensync.net	MICROSOFT-CORP-MSN-AS-BLOCK	1
co.mz	ZOHO-AS	4
SECURITYSERVICES	MICROSOFT-CORP-MSN-AS-BLOCK	1
AMAZON-02	MICROSOFT-CORP-MSN-AS-BLOCK	2
mozdomains.com	co.mz	1
CLOUDFLARENET	bantuc.com	1
managed-vps.net	co.mz	1
awsdns-13.org	MICROSOFT-CORP-MSN-AS-BLOCK	1
plugeplay.com	co.mz	1
CLOUDFLARENET	ovh.net	1
Rackspace Ltd.	co.mz	1
net4b.pt	MICROSOFT-CORP-MSN-AS-BLOCK	1
tecnicapc.com	MICROSOFT-CORP-MSN-AS-BLOCK	1
linode.com	CLOUDFLARENET	1
iafrica.com	co.za	1
xc-ns.de	MICROSOFT-CORP-MSN-AS-BLOCK	1
Safenames Ltd.	idp365.net	3
CLOUDFLARENET	gandi.net	1
awsdns-06.org	GOOGLE	1
GANDI SAS	co.mz	1
he.net	yandex.net	1
Cloud DNS Ltd	co.mz	3
clubnet.mz	MICROSOFT-CORP-MSN-AS-BLOCK	2
NSONE	co.mz	1
a2dns.com	co.mz	3
co.mz	ebs-mz.net	1
awsdns-22.org	MICROSOFT-CORP-MSN-AS-BLOCK	1
arvixeshared.com	co.mz	1
brandshelter.com	merck.de	1
CLOUDFLARENET	msv1.invalid	1
fcomet.com	fcomet.com	1
awsdns-05.net	GOOGLE	1
CLOUDFLARENET	co.za	2
CLOUDFLARENET	aliyun.com	1
mydnspt.net	cleanmx.pt	1
azure-dns.com	ko.com	1
awsdns-04.com	GOOGLE	1
eurotux.com	MICROSOFT-CORP-MSN-AS-BLOCK	1
palodns.com	AUTOMATTIC	1
xneelo	MICROSOFT-CORP-MSN-AS-BLOCK	1
UNIFIEDLAYER-AS-1	mailhostbox.com	1
afraid.org	com.br	1
markmonitor.com	markmonitor.com	3
3gnt.net	MICROSOFT-CORP-MSN-AS-BLOCK	1
instradns.com	co.mz	2
mydnspt.net	MICROSOFT-CORP-MSN-AS-BLOCK	1
servidoresdns.net	serviciodecorreo.es	1
servidoresdns.net	247.0	1
awsdns-13.com	co.mz	1
hostmonster.com	spamexperts.com	1
GOOGLE-CLOUD-PLATFORM	MICROSOFT-CORP-MSN-AS-BLOCK	1
AMAZON-02	fcomet.com	1
doteasy.com	GOOGLE	1
azure-dns.com	co.za	1
google.com	GOOGLE	1
GANDI SAS	GOOGLE	1
iseencloud.com	co.mz	1
OVH SAS	net.mz	1
NAMECHEAP-NET	protonmail.ch	1
CLOUDFLARENET	yandex.net	1
OVH SAS	palosrv.com	1
servitlda.com	co.mz	2
EMUNET	uem.mz	2
meuhost.net	meuhost.net	1
servconfig.com	co.mz	1
register.it	mediacity.it	1
tecnicapc.com	co.mz	1
NSONE	GOOGLE	2
Rackspace Ltd.	netnames.net	1
itprohosting.net	MICROSOFT-CORP-MSN-AS-BLOCK	1
awsdns-06.com	GOOGLE	1
CLOUDFLARENET	0	1
palodns.com	CLOUDFLARENET	2
OVH SAS	GOOGLE	1
CLOUDFLARENET	zohomail.com	1
NSONE	ZOHO-AS	1
awsdns-15.org	GOOGLE	1
orangehost.com	co.mz	1
awsdns-03.com	MICROSOFT-CORP-MSN-AS-BLOCK	1
cinfahost.com	co.mz	1
co.mz	mailgun.org	1
awsdns-34.org	ZOHO-AS	1
Rackspace Ltd.	co.za	1
misspark.com	misshosting.com	1
mozserver.com	GOOGLE	1
palodns.com	MICROSOFT-CORP-MSN-AS-BLOCK	2
icemaputo.com	spambusters.email	1
.	co.mz	1
CLOUDFLARENET	ramnode.com	1
hkdns.host	co.mz	1
GOOGLE	co.mz	2
zedlink.pt	co.mz	1
nl-dns.net	GOOGLE	1
awsdns-28.com	GOOGLE	1
awsdns-08.net	GOOGLE	1
abaricom-moz.com	co.mz	1
savemoz.club	savemoz.club	1
co.mz	co.za	1
awsdns-10.org	GOOGLE	1
co.uk	MICROSOFT-CORP-MSN-AS-BLOCK	1
wtservers.com	co.mz	1
digitalwebframe.com	co.mz	1
azure-dns.com	iphmx.com	1
a2dns.com	MICROSOFT-CORP-MSN-AS-BLOCK	1
prodomaines.com	prodomaines.com	1
timana.site	co.mz	1
Hetzner Online GmbH	palo.host	1
teledata.mz	teledata.mz	1
markmonitor.com	MICROSOFT-CORP-MSN-AS-BLOCK	1
clubnet.mz	amazonses.com	1
didsmartlog.com	co.mz	1
worldnic.com	x-ion GmbH	1
host-ww.net	GOOGLE	1
co.mz	emailserver.vn	1
