cloudflare.com	CLOUDFLARENET	393
Trellian Pty. Limited	Trellian Pty. Limited	148
freenom.com	mxhichina.com	50
cloudflare.com	zoho.jp	1
trouble-free.net	whwgh.cf	1
CLOUDFLARENET	titan.email	2
cloudflare.com	dynet.cf	1
cloudflare.com	ipsapps.cf	1
freenom.com	mxrouting.net	2
Hetzner Online GmbH	thehackernews.cf	1
yottasrc.com	vann.cf	1
com.br	com.br	2
azure-dns.com	ko.com	3
Hetzner Online GmbH	refraxionstudios.cf	1
cloudflare.com	MICROSOFT-CORP-MSN-AS-BLOCK	46
cloudflare.com	Chinanet	6
interna.me	expressunion.cf	1
cloudflare.com	fitt.cf	1
dnspod.net	APPLE-ENGINEERING	1
cloudflare.com	GOOGLE	35
cloudflare.com	NetEase Building No.16 Ke Yun Road	21
Hetzner Online GmbH	figurnova.cf	1
cloudflare.com	erponline.cf	1
perf1.com	Nameshield SAS	11
HOST4GEEKS-LLC	lkos.cf	1
Hetzner Online GmbH	neumark.cf	1
ipcom GmbH	security.cf	1
ipcom GmbH	ionos.fr	1
dnspod.net	ixuexi.cf	2
dnspod.net	mxhichina.com	2
dnspod.net	CLOUDFLARENET	3
cloudflare.com	fc44.cf	1
nameshield.net	Nameshield SAS	9
hetzner.com	smbapps.cf	1
uaegridhosting.com	linecafe.cf	1
freenom.com	ZOHO Corporation B.V	2
francedns.com	Eurofiber France SAS	2
porkbun.com	freehosting.com	1
freenom.com	mail.ru	3
cloudflare.com	YANDEX LLC	28
YANDEX LLC	YANDEX LLC	6
Hetzner Online GmbH	luzsombra.cf	1
Hetzner Online GmbH	aliabdel.cf	1
Hetzner Online GmbH	worth.cf	1
Hetzner Online GmbH	davidsd.cf	1
dnspod.net	com.cn	1
CLOUDFLARENET	CLOUDFLARENET	9
CLOUDFLARENET	com.ar	3
cloudflare.com	DIGITALOCEAN-ASN	17
cloudflare.com	lacroix.red	1
Hetzner Online GmbH	lookababywolf.cf	1
OVH SAS	molhu.cf	1
sedoparking.com	localhost	8
sinema.cf	sinema.cf	1
Hetzner Online GmbH	cindyan.cf	1
cloudflare.com	nethely.hu	4
awardspace.com	sincomision.cf	1
Hetzner Online GmbH	getawayspray.cf	1
cloudflare.com	host.mw	3
cloudflare.com	bimguides.cf	1
cloudflare.com	AMAZON-AES	6
GANDI SAS	gandi.net	4
CLOUDFLARENET	101domain.com	5
dns.com	thewaydomain.com	2
freenom.com	n-drive.cf	1
awardspace.com	millersguide.cf	1
cloudflare.com	GOOGLE-CLOUD-PLATFORM	5
OVH SAS	lahu.cf	1
cloudflare.com	101domain.com	2
freenom.com	YANDEX LLC	16
Hetzner Online GmbH	alchat.cf	1
cloudflare.com	aliyun.com	2
cloudflare.com	bocs.cf	1
cloudflare.com	Atman Sp. z o.o.	20
Hetzner Online GmbH	fantasyescorts.cf	1
Hetzner Online GmbH	brisbin.cf	1
Hetzner Online GmbH	curonia.cf	1
cloudns.net	cloudns.net	3
Hetzner Online GmbH	peacepalacelibrary.cf	1
a2hosting.com	bonprix.cf	1
Hetzner Online GmbH	gynocracy.cf	1
MDNET	Proton AG	1
Hetzner Online GmbH	discus.cf	1
Hetzner Online GmbH	garciniacambogiaextract.cf	1
cloudflare.com	cw111.cf	1
SECURITYSERVICES	NAMECHEAP-NET	9
cloudflare.com	firewood.cf	1
netim.net	Eurofiber France SAS	6
HURRICANE	YANDEX LLC	9
inmotionhosting.com	saintoftheday.cf	1
hostens.com	capodanno.cf	1
IONOS SE	NorthC Deutschland GmbH	15
onal.cf	onal.cf	1
freenom.com	OVH SAS	1
CLOUDFLARENET	hostinger.vn	1
perf1.com	lesbouquetscanalplus.cf	1
netim.net	GOOGLE	1
mydns.jp	usalabo.cf	1
PONYNET	esutera.cf	1
Hetzner Online GmbH	xn--9t4b17ds3mi1d.cf	1
O2switch SAS	adultere.cf	1
cloudflare.com	com.br	1
Hetzner Online GmbH	dyson-ceramics.cf	1
obambu.com	arcep.cf	1
inmotionhosting.com	ads360.cf	1
cloudflare.com	checker.in	1
cloudflare.com	ZOHO-AS	3
dnspod.net	eu.org	3
OVH SAS	omnihitech.cf	1
Wildcard UK Limited	bienici.cf	1
HURRICANE	netcafe.cf	1
kasserver.com	kasserver.com	2
xserver.jp	peees.cf	1
PONYNET	xiaoxiaoke.cf	1
Hetzner Online GmbH	imfloans.cf	1
NSONE	t-msedge.net	1
Hetzner Online GmbH	ceshu.cf	1
Hetzner Online GmbH	collegesearch.cf	1
cloudflare.com	tecpro.cf	1
cloudflare.com	sh-topia.cf	1
Hetzner Online GmbH	malerpartner.cf	1
Hetzner Online GmbH	mahameru.cf	1
Hetzner Online GmbH	sentinelsource.cf	1
cloudflare.com	mxhichina.com	5
Hetzner Online GmbH	acts.cf	1
OVH SAS	davenro.cf	1
ipcom GmbH	penpen.eu	1
OVH SAS	bydleni.cf	1
lemarit.de	antispameurope.com	1
slackin.net	picco.cf	1
Hetzner Online GmbH	thehollyandtheivy.cf	1
dnspod.net	ddnsweb3.com	5
cloudflare.com	thermol.cf	1
Hetzner Online GmbH	crea-wood.cf	1
Hetzner Online GmbH	autoclaves.cf	1
freenom.com	smirnova.cf	1
CLOUDFLARENET	hostinger.ph	1
charlesworks.com	spamcop.net	1
OVH SAS	songsinarabic.cf	1
dnspod.net	369999.xyz	1
Hetzner Online GmbH	it-mcs.cf	1
cloudflare.com	Proton AG	4
cloudflare.com	migadu.com	1
HOST4GEEKS-LLC	einkaufsgemeinschaft.cf	1
cscdns.net	cscdns.net	3
Hetzner Online GmbH	seokjin.cf	1
PONYNET	freehostingforall.cf	1
Hetzner Online GmbH	ellissharp.cf	1
freenom.com	chaf.cf	1
Hetzner Online GmbH	motorworld.cf	1
Hetzner Online GmbH	europeaninvestmentbank.cf	1
value-domain.com	maltest.cf	1
cloudflare.com	ddmail.cf	1
OVH SAS	carolnh.cf	1
dynu.com	GOOGLE-CLOUD-PLATFORM	1
cloudflare.com	reamnet.com	1
dnspod.net	Chinanet	2
Hetzner Online GmbH	saccharomyces.cf	1
freenom.com	MICROSOFT-CORP-MSN-AS-BLOCK	7
obambu.com	tresor-public.cf	1
cloudflare.com	datenschutz.cf	1
Hetzner Online GmbH	altavista.cf	1
Hetzner Online GmbH	lusca.cf	1
cloudflare.com	APPLE-ENGINEERING	4
OVH SAS	mckenziestreet.cf	1
freenom.com	herbst.cf	1
Wildcard UK Limited	voir.cf	1
Hetzner Online GmbH	idiglearning.cf	1
ne.jp	chocotto.cf	1
LIQUIDNETLTD1	50webs.com	5
Hetzner Online GmbH	simons-rock.cf	1
Hetzner Online GmbH	flarecheck.cf	1
Hetzner Online GmbH	absohu.cf	1
eolas.fr	eolas.fr	1
ipcom GmbH	uberspace.de	1
Hetzner Online GmbH	headleft.cf	1
Hetzner Online GmbH	uniclassiccars.cf	1
freenom.com	seznam.cz	1
Hetzner Online GmbH	healthforwomenandtips.cf	1
contabo.net	gshost.cf	1
projectok.cf	projectok.cf	1
addressbook.cf	addressbook.cf	1
freenom.com	bugmail.cf	1
wmaker.net	wmaker.net	1
cloudflare.com	mailgun.org	3
freenom.com	conti.cf	1
protozoahost.com	nvtc.cf	1
ct8.pl	ct8.pl	2
Hetzner Online GmbH	tirechan.cf	1
freenom.com	Chinanet	1
Hetzner Online GmbH	msktrade.cf	1
awsdns-04.com	tonejito.cf	1
OVH SAS	liftlikeagirl.cf	1
Hetzner Online GmbH	automov.cf	1
netim.net	emailsrvr.com	1
Safenames Ltd.	idp365.net	4
cloudflare.com	isaiah.cf	1
dnspod.net	clawcloudrun.com	1
Hetzner Online GmbH	e-home.cf	1
Hetzner Online GmbH	tourisminsumenep.cf	1
cloudflare.com	cv999.cf	1
Hetzner Online GmbH	ymt5.cf	1
cloudflare.com	feishu.cn	2
freenom.com	GOOGLE	4
a2hosting.com	dgca.cf	1
cloudflare.com	fotka.cf	1
freenom.com	lh.pl	1
atspace.me	nonameteam.cf	1
Akamai International B.V.	iphmx.com	2
cloudflare.com	feedsy.cf	1
cloudflare.com	2025.cf	1
Hetzner Online GmbH	haewoo.cf	1
serv00.com	Atman Sp. z o.o.	2
Hetzner Online GmbH	bbgirl.cf	1
Hetzner Online GmbH	newbez.cf	1
cloudflare.com	googl.ecom	1
ipcom GmbH	todosjuntos.cf	1
Hetzner Online GmbH	pedalup.cf	1
Hetzner Online GmbH	alethonews.cf	1
freenom.com	reva.cf	1
cloudflare.com	byetcluster.com	1
ifastnet.com	luat.cf	1
Hetzner Online GmbH	authu.cf	1
dominiando.asia	dominiando.it	1
cloudflare.com	yyzq.cf	1
cloudns.net	improvmx.com	1
klavye.cf	klavye.cf	1
Hetzner Online GmbH	lai-obs.cf	1
GOOGLE	GOOGLE	3
cloudflare.com	vedo.cf	1
dnspod.net	MICROSOFT-CORP-MSN-AS-BLOCK	3
runhosting.com	2sea.cf	1
cloudflare.com	mail.ru	4
Hetzner Online GmbH	homeimprovementprojectmanagement.cf	1
messagingengine.com	messagingengine.com	1
cloudflare.com	repy.cf	1
dnspod.net	daxei.cf	1
Hetzner Online GmbH	theboroughraleigh.cf	1
NSONE	netlify.app	1
cloudflare.com	duckdns.org	1
dnshostservices.com	primature.cf	1
Hetzner Online GmbH	axatour.cf	1
freenom.com	last.cf	1
perf1.com	canalsat-afrique.cf	1
Hetzner Online GmbH	kinkyjews.cf	1
aysima.net	aysima.net	1
Hetzner Online GmbH	mbworld.cf	1
helppost.cf	helppost.cf	1
OVH SAS	travelings.cf	1
HOST4GEEKS-LLC	xeog.cf	1
Hetzner Online GmbH	siebethissen.cf	1
PONYNET	onlyarticles.cf	1
cloudflare.com	ghost.tm	1
Hetzner Online GmbH	watchcartoonsonline.cf	1
OVH SAS	imagim.cf	1
OVH SAS	cardsplay.cf	1
cloudflare.com	morse.cf	1
cloudflare.com	euromedia.cf	1
dnspod.com	Chinanet	1
Hetzner Online GmbH	professionalfitters.cf	1
Hetzner Online GmbH	internships.cf	1
O2switch SAS	internetd2savoie.cf	1
Hetzner Online GmbH	dupl.cf	1
PONYNET	fresharticles.cf	1
Hetzner Online GmbH	kinderbescherming.cf	1
Hetzner Online GmbH	kookpunt.cf	1
qurl.cf	qurl.cf	1
OVH SAS	inspirasjonshuset.cf	1
adamem.cf	CLOUDFLARENET	1
cloudflare.com	lingzi.cf	1
Hetzner Online GmbH	expofil.cf	1
yottasrc.com	500y.cf	1
PONYNET	loginto.cf	1
Hetzner Online GmbH	luxurylife.cf	1
nowdomain.cf	nowdomain.cf	1
GOOGLE	yamada.cf	1
Hetzner Online GmbH	eclipsesafari.cf	1
Hangzhou Alibaba Advertising Co.,Ltd.	Chinanet	1
Hetzner Online GmbH	acerz.cf	1
cloudflare.com	unix.cf	1
Hetzner Online GmbH	threelips.cf	1
cloudflare.com	dobean.cf	1
freenom.com	Proton AG	2
Hetzner Online GmbH	zainulabidin.cf	1
Hetzner Online GmbH	tthu.cf	1
domainoo.fr	domainoo.fr	2
cloudflare.com	improvmx.com	3
ipcom GmbH	mazers.net	1
Hetzner Online GmbH	bdhls.cf	1
Hetzner Online GmbH	serprof.cf	1
Hetzner Online GmbH	newsdesignrealestate.cf	1
PONYNET	wololo.cf	1
OVH SAS	canadam.cf	1
Hetzner Online GmbH	denverbankruptcy.cf	1
cloudflare.com	skiff.com	1
Hetzner Online GmbH	nettvest.cf	1
freenom.com	protonmail.ch	1
inmotionhosting.com	prayernow.cf	1
kofte.cf	kofte.cf	1
freenom.com	improvmx.com	1
freenom.com	ZOHO-AS	2
Hetzner Online GmbH	sss777.cf	1
Hetzner Online GmbH	agwnhj.cf	1
justhost.com	mendez.cf	1
HOST4GEEKS-LLC	whistleblowers.cf	1
ne.jp	almighty.cf	1
Hetzner Online GmbH	dotem.cf	1
Hetzner Online GmbH	casino-gambling.cf	1
afraid.org	rexe.cf	1
Hetzner Online GmbH	compute.cf	1
OVH SAS	danielkinkade.cf	1
Hetzner Online GmbH	xn--220bz6vo4fli.cf	1
Hangzhou Alibaba Advertising Co.,Ltd.	ZOHO-AS	1
yemekler.cf	yemekler.cf	1
Hetzner Online GmbH	live-sports.cf	1
cloudflare.com	vietpn.com	1
cloud4africa.net	moov-rca.com	1
PONYNET	starplay.cf	1
monopost.com	monopost.com	1
Hetzner Online GmbH	thohu.cf	1
cloudflare.com	ZOHO Corporation B.V	2
cloudflare.com	magazynek.cf	1
contabo.net	twboost.cf	1
Hetzner Online GmbH	galaxymatch.cf	1
Hetzner Online GmbH	autoinsurancetips.cf	1
Hetzner Online GmbH	ciahu.cf	1
Hetzner Online GmbH	techvira.cf	1
awardspace.com	terratls.cf	1
PONYNET	goodmoodsoft.cf	1
value-domain.com	macaron.cf	1
Hetzner Online GmbH	budapestgirl.cf	1
inmotionhosting.com	adminhq.cf	1
hostgator.com	shortz.cf	1
OVH SAS	marhu.cf	1
my-control-panel.com	nanno.cf	1
dnspod.net	github.io	1
Hetzner Online GmbH	automot.cf	1
OVH SAS	ikol.cf	1
PONYNET	worldtechnology.cf	1
OVH SAS	carshar.cf	1
ifastnet.com	rboyd.cf	1
bluehost.com	gica.cf	1
cloudflare.com	yuji.cf	1
OVH SAS	estes.cf	1
ne.jp	asdfghjk.cf	1
Hetzner Online GmbH	singseo.cf	1
Hetzner Online GmbH	depo-cristiano.cf	1
Hetzner Online GmbH	xn--bo1b89ki5gzwcc7b655a1qa90m.cf	1
rgb365.eu	wojtek.cf	1
Wildcard UK Limited	footfr.cf	1
perf1.com	canalsat.cf	1
OVH SAS	braidsandbeauty.cf	1
cloudflare.com	OVH SAS	2
Safenames Ltd.	MICROSOFT-CORP-MSN-AS-BLOCK	1
Hetzner Online GmbH	company-of-heroes.cf	1
netnames.net	netnames.net	1
Hetzner Online GmbH	cnhm.cf	1
cloudflare.com	semleges.cf	1
Hetzner Online GmbH	condotelsofpinehurst.cf	1
inmotionhosting.com	mysusu.cf	1
Wildcard UK Limited	tadur.cf	1
cloudflare.com	tutanota.de	1
PONYNET	zihai.cf	1
Hetzner Online GmbH	22282.cf	1
1and1-dns.com	1and1.com	1
xnameserver.de	YANDEX LLC	1
Hetzner Online GmbH	firsthunting.cf	1
OVH SAS	anderes.cf	1
OVH SAS	calcita.cf	1
HOST4GEEKS-LLC	666999.cf	1
Hetzner Online GmbH	serendip.cf	1
workok.cf	workok.cf	1
HOST4GEEKS-LLC	fifax.cf	1
Hetzner Online GmbH	websiteprogress.cf	1
cloudflare.com	msv1.invalid	2
afraid.org	tried.cf	1
1984.is	YANDEX LLC	1
ipcom GmbH	kundenserver.de	1
yottasrc.com	180x.cf	1
danielelder.cf	CLOUDFLARENET	1
Hetzner Online GmbH	dongwoo.cf	1
Hetzner Online GmbH	sidekikk.cf	1
O2switch SAS	revueweb.cf	1
cloudflare.com	mxrouting.net	1
cloudflare.com	netease.com	3
cloudflare.com	earphone.cf	1
golcu.cf	golcu.cf	1
cloudflare.com	softloftbd.cf	1
Hetzner Online GmbH	bizpoint.cf	1
freenom.com	migadu.com	1
cloudflare.com	vpsa.cf	1
ne.jp	mognet.cf	1
com.ar	dashboardstats.cf	1
cloudflare.com	oetn.cf	1
freenom.com	freenom.net	1
cloudflare.com	norn.cf	1
Hetzner Online GmbH	workerspress.cf	1
cloudflare.com	yopmail.com	2
webempresa.eu	valmont.cf	1
hostingsrentables.biz	hostingsrentables.cf	1
ne.jp	pipe-cut.cf	1
justhost.com	servicioscontables.cf	1
cloudflare.com	phlp.eu	2
cloudflare.com	300000.cf	1
Hetzner Online GmbH	lowes.cf	1
cloudflare.com	langge.cf	1
awardspace.com	alquilovendo.cf	1
Hetzner Online GmbH	libyatenders.cf	1
PONYNET	capon.cf	1
Hetzner Online GmbH	iyiparti.cf	1
awardspace.com	devoto.cf	1
Hetzner Online GmbH	singbuy.cf	1
OVH SAS	anaesth.cf	1
cloudflare.com	seco.cf	1
dtcinfo.net	dyic.cf	1
Hetzner Online GmbH	cooltou.cf	1
freenom.com	dsfts.cf	1
ipcom GmbH	monocles.de	1
perf1.com	canalplus-afrique.cf	1
cloudflare.com	jgwy.cf	1
OVH SAS	popcloset.cf	1
HOST4GEEKS-LLC	solutions-finder.cf	1
Hetzner Online GmbH	collective-expressions.cf	1
cloudflare.com	45678.cf	1
cloudflare.com	careerjet.net	1
freewha.com	GOOGLE	1
inmotionhosting.com	dailyaudio.cf	1
regery.net	regery.net	1
iaasdns.com	updap.cf	1
namemaster.de	turkiye.cf	1
cloudflare.com	mwalimumkuu.cf	1
dnspod.net	YANDEX LLC	1
dummies.cf	dummies.cf	1
Hetzner Online GmbH	plopin.cf	1
Hetzner Online GmbH	winhu.cf	1
freenom.com	aliyun.com	1
cloudflare.com	chinatelcom.cf	1
Hetzner Online GmbH	businessideasplan.cf	1
homeworld.cf	homeworld.cf	1
freehosting.com	freehosting.com	1
derak.cloud	minerdev.cf	1
HOST4GEEKS-LLC	gesetze.cf	1
Hetzner Online GmbH	mynewhorse.cf	1
Hetzner Online GmbH	checkurl.cf	1
cloudflare.com	highcloudservices.eu	1
contabo.net	views4views.cf	1
dnspod.net	netease.com	1
cloudflare.com	xrea.cf	1
cloudflare.com	mymangomail.com	1
co.uk	orders.cf	1
contabo.net	univ-bangui.cf	1
Hetzner Online GmbH	webby.cf	1
Hetzner Online GmbH	ljmarine.cf	1
Hangzhou Alibaba Advertising Co.,Ltd.	NetEase Building No.16 Ke Yun Road	2
Hangzhou Alibaba Advertising Co.,Ltd.	zyjia.cf	1
OVH SAS	luksuslamper.cf	1
cloudflare.com	epernay.cf	1
PONYNET	allsafe.cf	1
freenom.com	forwardemail.net	2
awsdns-44.net	GOOGLE	1
goforum.cf	goforum.cf	1
perf1.com	les-bouquets-canal-plus.cf	1
cloudflare.com	projectsegfau.lt	1
ipcom GmbH	valeapena.cf	1
dyinfo.cf	dyinfo.cf	1
OVH SAS	lakewinni.cf	1
NSONE	YANDEX LLC	1
freenom.com	APPLE-ENGINEERING	2
freenom.com	mindef.cf	2
ipcom GmbH	serverdomain.org	2
Hetzner Online GmbH	rapscript.cf	1
desec.io	mmfiler.de	1
freenom.com	beckers.cf	1
nccgr.net	2371.cf	1
inhostedns.com	GOOGLE	1
O2switch SAS	desclos.cf	1
Hetzner Online GmbH	woodshednetwork.cf	1
freenom.com	widmer.cf	1
Hetzner Online GmbH	amiregistered.cf	1
cloudflare.com	cloudcone.mx	1
Hetzner Online GmbH	bh-transport.cf	1
Wildcard UK Limited	cocody.cf	1
cloudflare.com	mxfilter.net	1
cloudflare.com	sbaleno.cf	1
Hetzner Online GmbH	jamescrystal.cf	1
Hetzner Online GmbH	birdmigration.cf	1
PONYNET	shuxia.cf	1
cloudflare.com	freeip.cf	1
Hetzner Online GmbH	tuanpoker.cf	1
webhostmost.com	yysu.cf	1
Hetzner Online GmbH	fotography.cf	1
Hetzner Online GmbH	freepsychicreadings.cf	1
freenom.com	smirnov.cf	1
cloudflare.com	chcker.in	1
ne.jp	chocorin.cf	1
Hetzner Online GmbH	christm.cf	1
Hetzner Online GmbH	vizrisk.cf	1
cloudflare.com	gfm-clan.com	1
dreamhost.com	protonmail.ch	1
freenom.com	ymix.cf	1
cloudflare.com	zxxc.cf	1
cloudflare.com	13939.cf	1
justhost.com	jutiapa.cf	1
Hetzner Online GmbH	coalafe.cf	1
Hetzner Online GmbH	broomet.cf	1
registrar-servers.com	YANDEX LLC	1
OVH SAS	moengard.cf	1
Hetzner Online GmbH	alicj.cf	1
Hetzner Online GmbH	evarzesh.cf	1
cloudflare.com	cv888.cf	1
cloudflare.com	resx.cf	1
cloudflare.com	123cf.cf	1
justhost.com	contadores.cf	1
Hetzner Online GmbH	sjjfbo.cf	1
Hetzner Online GmbH	cashtillpayday.cf	1
Host Europe GmbH	MICROSOFT-CORP-MSN-AS-BLOCK	1
bakim.cf	bakim.cf	1
cloudflare.com	usvr.cf	1
Hetzner Online GmbH	winnerstories.cf	1
Hetzner Online GmbH	bryantp.cf	1
Hetzner Online GmbH	mp3fast.cf	1
ipcom GmbH	wservices.ch	1
freedesign.cf	freedesign.cf	1
Hetzner Online GmbH	casinoguideaustralia.cf	1
awardspace.com	sevende.cf	1
Hetzner Online GmbH	commercialcarinsurancequote.cf	1
star-domain.jp	yushka.cf	1
Hetzner Online GmbH	energnosis.cf	1
desec.io	YANDEX LLC	1
Hetzner Online GmbH	adolfo.cf	1
myfolder.cf	myfolder.cf	1
xundns.com	olns.vip	1
cloudflare.com	haoba.cf	1
Hetzner Online GmbH	survivablesystems.cf	1
Hetzner Online GmbH	papamoscas.cf	1
freenom.com	mailgun.org	1
Hetzner Online GmbH	tektites.cf	1
cloudflare.com	demo-host.cf	1
Hetzner Online GmbH	fark.cf	1
OVH SAS	andshu.cf	1
Hetzner Online GmbH	teusner.cf	1
com.br	eeas.cf	1
twister5.cf	CLOUDFLARENET	1
dnspod.net	shyper.cf	1
Hetzner Online GmbH	diamox.cf	1
cloudflare.com	silvergoldbull.com	1
freenom.com	pssr.cf	1
cloudflare.com	effects.cf	1
CLOUDFLARENET	back.cf	1
PONYNET	vipacc.cf	1
OVH SAS	inscore.cf	1
cloudflare.com	myds.me	1
Hetzner Online GmbH	lscu.cf	1
PONYNET	englishmp3.cf	1
lolipop.jp	lolipop.jp	1
safebrands.com	sncf.cf	1
HURRICANE	mailinator.com	1
awardspace.com	beiro.cf	1
OVH SAS	cyberli.cf	1
Hetzner Online GmbH	eatpizza.cf	1
cloudflare.com	plingest.com	1
Hetzner Online GmbH	topgunpdr.cf	1
OVH SAS	buybell.cf	1
azure-dns.com	bata.com	1
cloudflare.com	pear.com	1
PONYNET	alimentec.cf	1
Hetzner Online GmbH	amanyala.cf	1
markmonitor.com	00ziprecruiter.com	1
Hetzner Online GmbH	automasjonnorge.cf	1
CLOUDFLARENET	MICROSOFT-CORP-MSN-AS-BLOCK	1
CLOUDFLARENET	com.br	1
zoneedit.com	APPLE-ENGINEERING	1
ne.jp	nikkei225.cf	1
cloudflare.com	wacw.cf	1
HOST4GEEKS-LLC	49584.cf	1
Hetzner Online GmbH	multiplyprofits.cf	1
dnsimple.com	example.com	1
PONYNET	coronanow.cf	1
afraid.org	tfitw.cf	1
cloudflare.com	thya.cf	1
OVH SAS	inhu.cf	1
Hetzner Online GmbH	happycreation.cf	1
markmonitor.com	netnames.net	1
infomaniak.ch	MICROSOFT-CORP-MSN-AS-BLOCK	1
antani.cf	antani.cf	1
HOST4GEEKS-LLC	luegen.cf	1
dnspod.net	AMAZON-AES	1
Hetzner Online GmbH	colesan.cf	1
Hetzner Online GmbH	thunderpunchheman.cf	1
cloudflare.com	famaelec.cf	1
Hetzner Online GmbH	brownle.cf	1
bengu.org	coffee.cf	1
HOST4GEEKS-LLC	predictable.cf	1
co.uk	ungur.cf	1
Hetzner Online GmbH	snapmortgage.cf	1
Hetzner Online GmbH	dika.cf	1
Hetzner Online GmbH	alectro.cf	1
cloudflare.com	webgostaran.cf	1
cloudflare.com	yunid.ru	1
Hetzner Online GmbH	showbizamerica.cf	1
cloudflare.com	webontour.eu	1
Hetzner Online GmbH	thepowerloop.cf	1
bb-online.biz	co.uk	1
HOST4GEEKS-LLC	youwillneverwalkalone.cf	1
Hetzner Online GmbH	klabin.cf	1
Hetzner Online GmbH	beansa.cf	1
dnspod.net	NetEase Building No.16 Ke Yun Road	1
OVH SAS	alfpage.cf	1
Hetzner Online GmbH	americansforfreedom.cf	1
OVH SAS	notyourwoman.cf	1
OVH SAS	capesan.cf	1
cloudflare.com	fw64.cf	1
exmaple.shop	GOOGLE	1
Hetzner Online GmbH	isaacf.cf	1
ipcom GmbH	plissee.cf	1
1984.is	1984.is	2
Hetzner Online GmbH	dbyavitz.cf	1
nccgr.net	kalt.cf	1
cloudflare.com	baiduso.cf	1
Hetzner Online GmbH	thenaturalistsnotebook.cf	1
cloudflare.com	18181.cf	1
cloudflare.com	oversamu.cf	1
cloudflare.com	i.ng	1
ipcom GmbH	escolhacorreta.cf	1
OVH SAS	colcci.cf	1
dnsmadeeasy.com	GOOGLE	1
Hetzner Online GmbH	bluesinthenight.cf	1
Hetzner Online GmbH	agenjudi.cf	1
Hetzner Online GmbH	zen-cart.cf	1
Hetzner Online GmbH	bucksco.cf	1
Hetzner Online GmbH	teachaboutalcoholabuse.cf	1
1984.is	lassie.cf	1
afraid.org	net9.cf	1
Hetzner Online GmbH	eproperty.cf	1
Hetzner Online GmbH	edtehu.cf	1
cloudflare.com	fancyqr.cf	1
porkbun.com	porkbun.com	1
cloudflare.com	autoyadak.cf	1
O2switch SAS	sixtine.cf	1
cloudflare.com	yourtask.cf	1
cloudflare.com	2035.cf	1
Hetzner Online GmbH	fotodagboken.cf	1
Hetzner Online GmbH	significadossuenos.cf	1
OVH SAS	isorule.cf	1
PONYNET	purearticles.cf	1
HURRICANE	purelymail.com	1
com.br	cifras.cf	1
desec.io	Proton AG	1
noc40.com	acropolis.cf	1
HOST4GEEKS-LLC	000x.cf	1
contabo.net	projectupgrade.cf	1
Hetzner Online GmbH	crowngroupinc.cf	1
HOST4GEEKS-LLC	xmodi.cf	1
OVH SAS	carratu.cf	1
Hetzner Online GmbH	bothu.cf	1
Hetzner Online GmbH	swissserverhosting.cf	1
O2switch SAS	o2switch.net	1
OVH SAS	smart-telecom.cf	1
OVH SAS	sirkelsag.cf	1
Hetzner Online GmbH	clubvoy.cf	1
