Gabon-Telecom	Gabon-Telecom (AS16058)	2
Hetzner Online GmbH	FASTLY (AS54113)	1
markmonitor.com	AMAZON-02 (AS16509)	105
CLOUDFLARENET	AMAZON-02 (AS16509)	52
netim.net	Eurofiber France SAS (AS24935)	59
GANDI SAS	OVH SAS (AS16276)	3
CLOUDFLARENET	xTom Japan Corporation (AS3258)	2
CLOUDFLARENET	CLOUDFLARENET (AS13335)	246
GANDI SAS	GANDI SAS (AS29169)	84
SECURITYSERVICES	CSC (AS19574)	58
lwsdns.com	Groupe LWS SARL (AS210403)	203
lwsdns.com	OVH SAS (AS16276)	16
NSONE	GOOGLE (AS15169)	3
CLOUDFLARENET	Hostinger International Limited (AS47583)	44
Safenames Ltd.	Safenames Ltd. (AS60819)	23
hostpoint.ch	AMAZON-02 (AS16509)	1
ipcom GmbH	Akamai Connected Cloud (AS63949)	5
share-dns.com	TERAEXCH (AS399077)	1
gransy.com	CASABLANCA INT a.s. (AS15685)	5
iptwins.com	OVH SAS (AS16276)	4
cetsi.eu	Claranet Limited (AS8426)	1
bengu.org	WIIT AG (AS24961)	1
freenom.com	AS-26496-GO-DADDY-COM-LLC (AS26496)	1
prodomaines.com	Bdl Systemes SAS (AS38926)	1
freenom.com	DFW-DATACENTER (AS30277)	1
IONOS SE	united-domains GmbH (AS202108)	17
SECURITYSERVICES	CSC Administrative Services Limited (AS34922)	1
perf1.com	Nameshield SAS (AS20756)	22
sedoparking.com	SEDO GmbH (AS47846)	6
prxy.biz	NForce Entertainment B.V. (AS43350)	1
Trellian Pty. Limited	Trellian Pty. Limited (AS133618)	41
dnsdialoga.com	AMAZON-AES (AS14618)	1
lwsdns.com	GOOGLE-CLOUD-PLATFORM (AS396982)	3
ANINF	ANINF (AS37582)	82
atom.com	AMAZON-AES (AS14618)	4
eftydns.com	Signet B.V. (AS20857)	3
lws-hosting.com	Groupe LWS SARL (AS210403)	2
Gransy s.r.o.	Gransy s.r.o. (AS60592)	14
ANINF	Hostinger International Limited (AS47583)	1
netim.net	Hostinger International Limited (AS47583)	4
CLOUDFLARENET	INCAPSULA (AS19551)	21
AMAZON-AES	AMAZON-02 (AS16509)	19
bitmex.network	AMAZON-02 (AS16509)	1
Safenames Ltd.	AMAZON-AES (AS14618)	1
dnspod.com	OWGELS INTERNATIONAL CO., LIMITED (AS139880)	1
netim.net	CLOUDFLARENET (AS13335)	3
its.ga	OVH SAS (AS16276)	1
Groupe LWS SARL	Groupe LWS SARL (AS210403)	36
CLOUDFLARENET	DIGITALOCEAN-ASN (AS14061)	7
NForce Entertainment B.V.	VH Global Limited (AS42960)	1
Akamai International B.V.	Akamai International B.V. (AS20940)	6
bosch.de	Robert Bosch Gesellschaft mit Beschraenkter Haftung (AS9183)	3
SECURITYSERVICES	COLT Technology Services Group Limited (AS8220)	1
CLOUDFLARENET	WorldStream B.V. (AS49981)	1
acens.net	GOOGLE-CLOUD-PLATFORM (AS396982)	1
datasys.dev	WHG Hosting Services Ltd (AS36454)	1
lbvnews.ga	Contabo GmbH (AS51167)	1
netim.net	Societe Francaise Du Radiotelephone - SFR SA (AS15557)	1
lwsdns.com	CLOUDFLARENET (AS13335)	2
CLOUDFLARENET	Dimension Network & Communication Limited (AS59371)	7
millenniumarts.net	Hetzner Online GmbH (AS24940)	1
ipcom GmbH	InterNetworX Management GmbH (AS48596)	11
quicns.com	O2switch SAS (AS50474)	1
francedns.com	Eurofiber France SAS (AS24935)	8
blazingfast.io	Net Solutions - Consultoria Em Tecnologias De Informacao, Sociedade Unipessoal LDA (AS47674)	2
AMAZON-AES	AMAZON-AES (AS14618)	22
Host Europe GmbH	AMAZON-02 (AS16509)	12
ns14.net	Plusnet GmbH (AS20676)	1
Rackspace Ltd.	Akamai Connected Cloud (AS63949)	5
SECURITYSERVICES	AMAZON-02 (AS16509)	4
AMAZON-AES	GOOGLE-CLOUD-PLATFORM (AS396982)	2
ipmanagerinc.net	AMAZON-02 (AS16509)	1
CLOUDFLARENET	Gabon-Telecom (AS16058)	1
nameshield.net	Nameshield SAS (AS20756)	13
G-Core Labs S.A.	DXTL Tseung Kwan O Service (AS134548)	4
namecheaphosting.com	NAMECHEAP-NET (AS22612)	4
O2switch SAS	O2switch SAS (AS50474)	7
OVH SAS	OVH SAS (AS16276)	7
tpecloud.top	Hydra Communications Ltd (AS25369)	1
CLOUDFLARENET	GOOGLE (AS15169)	2
CLOUDFLARENET	FASTLY (AS54113)	2
manibus.ga	OVH SAS (AS16276)	1
NSONE	AMAZON-02 (AS16509)	13
CLOUDFLARENET	CHT Compamy Ltd (AS38731)	1
immodem.ga	OVH SAS (AS16276)	1
hostgator.com	UNIFIEDLAYER-AS-1 (AS46606)	2
CLOUDFLARENET	Fastweb (AS12874)	1
francedns.com	AMAZON-02 (AS16509)	1
perf1.com	Hermes Europe GmbH (AS29042)	1
gofruits.co	GOOGLE-CLOUD-PLATFORM (AS396982)	3
netim.net	ATT-INTERNET4 (AS7018)	1
MICROSOFT-CORP-MSN-AS-BLOCK	GANDI SAS (AS29169)	1
francedns.com	Association Gitoyen (AS20766)	1
dnsip.com	GNET INC. (AS9294)	3
Hetzner Online GmbH	Contabo GmbH (AS51167)	9
hostpapa.com	COGECO-PEER1 (AS13768)	1
registrar-servers.com	NAMECHEAP-NET (AS22612)	1
CLOUDFLARENET	Hetzner Online GmbH (AS24940)	4
bearingpoint.com	uvensys GmbH (AS58010)	1
stdigital.network	ST-Digital-AS (AS328840)	3
ui-dns.biz	IONOS SE (AS8560)	3
CLOUDFLARENET	GOOGLE-CLOUD-PLATFORM (AS396982)	11
freenom.com	Two Degrees Networks Limited (AS9790)	1
freenom.com	KIFU (Governmental Info Tech Development Agency) (AS1955)	1
awsdns-08.net	DELTA Fiber Nederland B.V. (AS15435)	1
freenom.com	AMAZON-02 (AS16509)	1
G-Core Labs S.A.	AROSS-AS (AS400619)	10
CLOUDFLARENET	CTG Server Limited (AS152194)	5
CLOUDFLARENET	Duocast B.V. (AS31477)	1
ipcom GmbH	Walde IT-Systeme (AS203226)	1
routing.net	Hosting.de GmbH (AS12574)	7
lwsdns.com	Contabo GmbH (AS51167)	3
alwaysdata.com	Alwaysdata Sarl (AS60362)	4
cloudns.net	Hetzner Online GmbH (AS24940)	1
ipcom GmbH	Scaleway S.a.s. (AS12876)	1
HURRICANE	Hebei Mobile Communication Company Limited (AS24547)	1
CLOUDFLARENET	xneelo (AS37153)	1
eurodns.biz	Team Internet AG (AS61969)	1
hyperhost.ua	Green Floid LLC (AS15626)	1
binto.ga	Scaleway S.a.s. (AS12876)	1
inmotionhosting.com	IMH-IAD (AS54641)	1
bb-online.biz	AS-VULTR (AS20473)	1
AMAZON-02	Team Internet AG (AS61969)	8
GANDI SAS	Hostinger International Limited (AS47583)	1
namebay.com	Monaco Telecom S.A. (AS6758)	1
G-Core Labs S.A.	Dimension Network & Communication Limited (AS59371)	6
ANINF	WEEBLY (AS27647)	1
NForce Entertainment B.V.	NForce Entertainment B.V. (AS43350)	2
sssstory.com	IS-AS-1 (AS19318)	1
dnsip.com	DXTL Tseung Kwan O Service (AS134548)	2
awsdns-03.org	AMAZON-02 (AS16509)	1
GOOGLE	GOOGLE-CLOUD-PLATFORM (AS396982)	2
portsdns.net	Tele2 SWIPnet (AS1257)	1
G-Core Labs S.A.	PEG-SV (AS54600)	4
satoga.ga	OVH SAS (AS16276)	1
Akamai International B.V.	MASTER-7-AS (AS26380)	1
xundns.com	FD-298-8796 (AS8796)	5
netim.net	HURRICANE (AS6939)	1
stanian.com	Bradler & Krantz GmbH & Co. KG (AS29141)	1
IONOS SE	Host Europe GmbH (AS34011)	1
G-Core Labs S.A.	ABCDE GROUP (AS133201)	5
freenom.com	GOOGLE (AS15169)	1
awsdns-02.net	AMAZON-02 (AS16509)	2
bluehost.com	UNIFIEDLAYER-AS-1 (AS46606)	3
netim.net	FASTLY (AS54113)	4
awsdns-22.org	AMAZON-02 (AS16509)	1
ex2.com	OVH SAS (AS16276)	5
netim.net	netcup GmbH (AS197540)	1
volkswagen.de	Volkswagen AG (AS206618)	1
G-Core Labs S.A.	FD-298-8796 (AS8796)	5
CLOUDFLARENET	Hong Kong Communications International Co., Limited (AS140227)	1
CLOUDFLARENET	Alibaba US Technology Co., Ltd. (AS45102)	5
CLOUDFLARENET	OVH SAS (AS16276)	6
xnameserver.de	InterNetworX Management GmbH (AS48596)	1
CLOUDFLARENET	VPSOR-GLOBAL (AS138538)	1
combell.net	GOOGLE-CLOUD-PLATFORM (AS396982)	1
co.il	Bezeq International Ltd. (AS8551)	1
freenom.com	DIGITALOCEAN-ASN (AS14061)	2
CLOUDFLARENET	ColocaTel Inc. (AS213438)	2
jadetransport.ga	OVH SAS (AS16276)	1
linode.com	Akamai Connected Cloud (AS63949)	3
SECURITYSERVICES	Telia Company AB (AS3301)	1
routing.net	OVH SAS (AS16276)	5
com.br	TELY Ltda. (AS53087)	1
chrysler.com	MICROSOFT-CORP-MSN-AS-BLOCK (AS8075)	1
markmonitor.com	MICROSOFT-CORP-MSN-AS-BLOCK (AS8075)	3
MICROSOFT-CORP-MSN-AS-BLOCK	MICROSOFT-CORP-MSN-AS-BLOCK (AS8075)	1
ANINF	OVH SAS (AS16276)	1
contaboserver.net	Contabo GmbH (AS51167)	4
magdalenajalisco.net	CLOUDFLARENET (AS13335)	1
kypay.ga	OVH SAS (AS16276)	1
awsdns-09.com	Equinix (EMEA) Acquisition Enterprises B.V. (AS15830)	1
awsdns-25.net	AMAZON-02 (AS16509)	3
xserver.jp	Xserver Inc. (AS131965)	1
francedns.com	OVH SAS (AS16276)	1
ipcom GmbH	AMAZON-02 (AS16509)	16
freenom.com	velia.net Internetdienste GmbH (AS29066)	1
bodis.com	AMAZON-02 (AS16509)	14
awsdns-31.com	AMAZON-02 (AS16509)	1
GANDI SAS	MICROSOFT-CORP-MSN-AS-BLOCK (AS8075)	2
routing.net	Eurofiber France SAS (AS24935)	7
private-nameserver.net	WEBHOSTINGHOLDINGS (AS965)	1
conoha.io	GMO Internet Group, Inc. (AS7506)	1
NUCDN	Koninklijke Luchtvaart Maatschappij N.V. (AS28806)	1
dreamhost.com	DREAMHOST-AS (AS26347)	2
nic.ru	Ddos-guard Ltd (AS57724)	1
websupport.sk	Slovanet a.s. (AS8290)	1
hwrn.net	GOOGLE-CLOUD-PLATFORM (AS396982)	2
is-fun.net	TelemaxX Telekommunikation GmbH (AS12843)	5
hostgator.in	UNIFIEDLAYER-AS-1 (AS46606)	1
com.br	WII (AS32097)	1
icndns.net	SuperHosting.BG Ltd. (AS49699)	1
ns14.net	InterNetX GmbH (AS15456)	2
markmonitor.zone	AMAZON-02 (AS16509)	2
AMAZON-02	Akamai Connected Cloud (AS63949)	5
pluhop.com	ALLREDE TELECOM LTDA (AS273683)	1
prncpm.com	AMAZON-02 (AS16509)	1
MICROSOFT-CORP-MSN-AS-BLOCK	Groupe LWS SARL (AS210403)	1
webmo.fr	CTS Computers and Telecommunications Systems SAS (AS35393)	1
tophost.md	It Concept Srl (AS44388)	1
SECURITYSERVICES	SECURITYSERVICES (AS12008)	4
OVH SAS	DIGITALOCEAN-ASN (AS14061)	1
impactcentrechretien.ga	OVH SAS (AS16276)	1
CLOUDFLARENET	Skycloud Computing co., Ltd. (AS7483)	8
CLOUDFLARENET	Inovare-Prim SRL (AS60602)	1
awsdns-19.com	AMAZON-02 (AS16509)	1
simplecloud.ru	Trader soft LLC (AS201848)	1
prodns.mx	NETWORK-SOLUTIONS-HOSTING (AS19871)	1
ui-dns.biz	MICROSOFT-CORP-MSN-AS-BLOCK (AS8075)	1
routing.net	PLANETHOSTER-8 (AS53589)	1
Akamai International B.V.	Koninklijke Luchtvaart Maatschappij N.V. (AS28806)	1
PLANETHOSTER-8	PLANETHOSTER-8 (AS53589)	4
CLOUDFLARENET	FDCSERVERS (AS30058)	1
sqr.cloud	Cyso Group B.V. (AS25151)	1
firstfind.nl	CLDIN B.V. (AS48635)	1
MICROSOFT-CORP-MSN-AS-BLOCK	Equinix (EMEA) Acquisition Enterprises B.V. (AS15830)	1
xc-ns.de	AMAZON-02 (AS16509)	2
CLOUDFLARENET	Eurofiber France SAS (AS24935)	1
NForce Entertainment B.V.	firstcolo GmbH (AS44066)	1
awsdns-18.com	AMAZON-02 (AS16509)	1
121server.com	WIIT AG (AS24961)	1
linode.com	SAKURA Internet Inc. (AS7684)	1
Safenames Ltd.	GOOGLE-CLOUD-PLATFORM (AS396982)	2
shockhosting.com	SHOCK-1 (AS395092)	1
resurgent.ga	OVH SAS (AS16276)	1
dell.com	DELL-BLK (AS30614)	1
messagingengine.com	Fastmail Pty Ltd (AS151847)	1
bahigo.online	AMAZON-02 (AS16509)	2
GOOGLE-CLOUD-PLATFORM	20i Limited (AS48254)	5
CLOUDFLARENET	Leaptel (AS134090)	1
NUCDN	Datacenter Luxembourg S.A. (AS24611)	3
awsdns-34.com	AMAZON-02 (AS16509)	1
lwsdns.com	AMAZON-02 (AS16509)	9
afraid.org	Sunrise GmbH (AS6730)	1
CLOUDFLARENET	Equinix (EMEA) Acquisition Enterprises B.V. (AS15830)	1
CLOUDFLARENET	State Company of Electro Communications Turkmentelecom (AS20661)	1
NUCDN	Team Internet AG (AS61969)	8
CLOUDFLARENET	ANINF (AS37582)	1
CLOUDFLARENET	Virtual Systems LLC (AS30860)	1
z-ns.net	Hetzner Online GmbH (AS24940)	4
MICROSOFT-CORP-MSN-AS-BLOCK	CLOUDFLARENET (AS13335)	1
tmd.cloud	SINGLEHOP-LLC (AS32475)	3
netim.net	AMAZON-02 (AS16509)	7
huaweicloud-dns.cn	OVH SAS (AS16276)	1
Hetzner Online GmbH	OVH SAS (AS16276)	1
CLOUDFLARENET	POWER LINE DATACENTER (AS132839)	2
gipsa.ga	OVH SAS (AS16276)	1
dan.com	AMAZON-02 (AS16509)	4
Safenames Ltd.	ATT-INTERNET4 (AS7018)	1
fm-consulting.ga	OVH SAS (AS16276)	1
ipcom GmbH	Strato GmbH (AS6724)	2
freenom.com	Jisc Services Limited (AS786)	1
anonymail.ga	OVH SAS (AS16276)	1
ipcom GmbH	Contabo GmbH (AS51167)	1
tophostmd.net	Sub 6 Limited (AS200083)	1
diplomes.ga	OVH SAS (AS16276)	1
dynu.com	TM TECHNOLOGY SERVICES SDN. BHD. (AS4788)	1
acwebconnecting.com	SC Web Software Development SRL (AS47836)	1
co.uk	AMAZON-02 (AS16509)	5
digitalwolfdev.eu	Gransy s.r.o. (AS60592)	1
hostnet.nl	One.com A/S (AS51468)	2
dhosting.pl	dhosting.pl Sp. z o.o. (AS48896)	1
netim.net	Hong Kong Zhengxing Technology Co., Ltd. (AS150706)	2
yandex.net	Servers Tech Fzco (AS216071)	1
awsdns-07.net	GOOGLE-CLOUD-PLATFORM (AS396982)	1
as207960.net	Hetzner Online GmbH (AS24940)	1
bnamed.eu	Combell NV (AS34762)	2
f5clouddns.com	F5 Networks SARL (AS35280)	1
CLOUDFLARENET	Groupe LWS SARL (AS210403)	1
vkconseil.ga	OVH SAS (AS16276)	1
afraid.org	Andressa Montebugnoli de Camargo - ME (AS268342)	1
Safenames Ltd.	SQUARESPACE (AS53831)	1
domaincontrol.com	GO-DADDY-COM-LLC (AS400754)	1
awsdns-30.net	AMAZON-02 (AS16509)	1
dnsip.com	Netsec Limited (AS45753)	3
openprovider.be	AMAZON-02 (AS16509)	1
ip-94-23-207.eu	OVH SAS (AS16276)	1
wixdns.net	Wix.com Ltd. (AS58182)	1
lws-hosting.net	Groupe LWS SARL (AS210403)	2
ANINF	Gabon-Telecom (AS16058)	5
globvill.de	Global Village GmbH (AS13039)	1
hosteur.com	Hosteur SAS (AS204818)	1
CLOUDFLARENET	Latitude.sh LTDA (AS262287)	1
smart.car	AMAZON-02 (AS16509)	1
hostpoint.ch	Hostpoint AG (AS29097)	1
ipcom GmbH	Datacamp Limited (AS60068)	1
rue241.ga	Contabo GmbH (AS51167)	1
badoo.com	Greysom Limited (AS12678)	1
nominus.com	A2HOSTING (AS55293)	1
cloudns.net	NForce Entertainment B.V. (AS43350)	1
perf1.com	Cyllene Its SAS (AS12826)	2
Hangzhou Alibaba Advertising Co.,Ltd.	Alibaba US Technology Co., Ltd. (AS45102)	1
GANDI SAS	ORACLE-BMC-31898 (AS31898)	1
atvirtual.com	Festo Management SE (AS41700)	1
emirates.com	AMAZON-02 (AS16509)	2
stdigital.network	GO-DADDY-COM-LLC (AS398101)	1
banahosting.com	SERVERCENTRAL (AS23352)	1
CLOUDFLARENET	DELTA Fiber Nederland B.V. (AS15435)	1
cotarelo.ga	OVH SAS (AS16276)	1
riman.sk	INTERNET CZ, a.s. (AS24806)	1
mcafee.com	AMAZON-02 (AS16509)	1
siteground.net	GOOGLE-CLOUD-PLATFORM (AS396982)	2
mtds.com	MTDS-AS (AS36941)	4
totalenergies.biz	CLOUDFLARENET (AS13335)	1
markmonitor.com	AMAZON-AES (AS14618)	1
hodi.host	Bretagne Telecom Sasu (AS42845)	1
awsdns-30.org	AMAZON-02 (AS16509)	1
Hetzner Online GmbH	AMAZON-02 (AS16509)	1
dominiando.asia	Register S.p.A. (AS39729)	2
namebay.com	Nameshield SAS (AS20756)	1
lwsdns.com	Scaleway S.a.s. (AS12876)	2
dnspod.net	NETLAB-SDN (AS979)	1
CLOUDFLARENET	Penkiu kontinentu komunikaciju centras, Ltd. (AS21211)	1
CLOUDFLARENET	AROSS-AS (AS400619)	1
phase8.net	Team Blue Internet Services Uk Limited (AS8622)	1
v-sys.org	SOLLUTIUM EU Sp z.o.o. (AS43641)	1
CLOUDFLARENET	SEDO GmbH (AS47846)	1
netim.net	AS-COLOCROSSING (AS36352)	1
w3line.fr	OVH SAS (AS16276)	1
value-domain.com	GMO Internet Group, Inc. (AS58791)	1
new.ga	Data Node Srl (AS48881)	1
efapel.pt	Dominios, S.A. (AS33876)	1
Akamai International B.V.	AMAZON-02 (AS16509)	2
CLOUDFLARENET	SonderCloud Limited (AS133199)	1
GOOGLE	GOOGLE (AS15169)	1
CLOUDFLARENET	MEGA M, d.o.o. (AS12778)	1
CLOUDFLARENET	ORACLE-BMC-31898 (AS31898)	2
netim.net	DELTA Fiber Nederland B.V. (AS15435)	1
expirationwarning.net	OVH SAS (AS16276)	1
aje.ga	OVH SAS (AS16276)	1
myown.be	OVH SAS (AS16276)	1
francedns.com	Host Europe GmbH (AS21499)	1
Safenames Ltd.	netcup GmbH (AS197540)	1
awsdns-13.com	AMAZON-02 (AS16509)	1
NForce Entertainment B.V.	Vodafone Czech Republic a.s. (AS16019)	1
yottasrc.com	Hetzner Online GmbH (AS24940)	1
ANINF	Groupe LWS SARL (AS210403)	3
NForce Entertainment B.V.	OJSC Telecom-Service (AS60840)	1
dnsexit.com	Tele2 SWIPnet (AS1257)	1
hostnet.nl	GOOGLE-CLOUD-PLATFORM (AS396982)	1
bortzmeyer.org	GANDI SAS (AS203476)	1
dynu.com	Alexhost Srl (AS200019)	1
markmonitor.com	HILTON-E (AS26529)	1
awsdns-13.com	FASTLY (AS54113)	1
seocom.ma	Awareness Software Limited (AS34931)	2
stdigital.network	Groupe LWS SARL (AS210403)	1
dnshost.net	GleSYS AB (AS42708)	1
freenom.com	CLOUDFLARENET (AS13335)	1
domainnetwork.se	CSC (AS19574)	2
lwsdns.com	ROMARG SRL (AS205275)	1
novagraaf-dns.com	AMAZON-02 (AS16509)	1
oligui2025.ga	OVH SAS (AS16276)	1
CLOUDFLARENET	Yandex.Cloud LLC (AS200350)	1
constellix.com	ACE (AS139341)	1
NForce Entertainment B.V.	Sony Network Communications Inc. (AS2527)	1
kriweb.com	Dorabase Veri Merkezi Hizmetleri A.S. (AS48737)	2
secureserver.net	GO-DADDY-COM-LLC (AS398101)	1
3m.com	AMAZON-02 (AS16509)	1
awsdns-00.net	AMAZON-02 (AS16509)	2
facebook.com	FACEBOOK (AS32934)	1
awsdns-24.net	AMAZON-02 (AS16509)	1
netim.net	OVH SAS (AS16276)	4
netim.net	Orange (AS3215)	1
tinyurl.com	HURRICANE (AS6939)	1
easywms.ga	UUNET (AS702)	1
IONOS SE	Hetzner Online GmbH (AS24940)	1
xnor.ga	AMAZON-02 (AS16509)	1
lwsdns.com	O2switch SAS (AS50474)	2
nameshield.net	OVH SAS (AS16276)	1
netnames.net	CSC (AS19574)	1
CLOUDFLARENET	Digi Spain Telecom S.l. (AS57269)	1
dominiok.it	3U TELECOM GmbH (AS198710)	2
dominiok.it	Hetzner Online GmbH (AS24940)	1
mecalux.ga	UUNET (AS702)	1
Hetzner Online GmbH	Hetzner Online GmbH (AS24940)	3
routing.net	Hostinger International Limited (AS47583)	1
dnsip.com	TERAEXCH (AS399077)	1
dnsexit.com	Soluciones web on line s.l. (AS201446)	1
gene6.ga	OVH SAS (AS16276)	1
ehgg.ga	OVH SAS (AS16276)	1
ipcom GmbH	netcup GmbH (AS197540)	2
ne.jp	SAKURA Internet Inc. (AS7684)	1
likebets.ga	LeaseWeb Netherlands B.V. (AS60781)	1
awsdns-10.com	AMAZON-02 (AS16509)	1
ipage.com	BIZLAND-SD (AS29873)	1
hostgator.com	NETWORK-SOLUTIONS-HOSTING (AS19871)	1
dns.nexus	LIQUIDWEB (AS32244)	1
versio.be	Duocast B.V. (AS31477)	1
netim.net	Scaleway S.a.s. (AS12876)	1
Safenames Ltd.	AMAZON-02 (AS16509)	1
rrpproxy.net	AMAZON-02 (AS16509)	1
awsdns-12.org	GOOGLE-CLOUD-PLATFORM (AS396982)	1
Akamai International B.V.	NCUBE-OREGON-AS (AS1219)	1
CLOUDFLARENET	Shinjiru Technology Sdn Bhd (AS45839)	1
sgg.ga	OVH SAS (AS16276)	1
CLOUDFLARENET	Contabo GmbH (AS51167)	1
cloudns.net	Interkvm Host Srl (AS25198)	1
netim.net	AS-VULTR (AS20473)	1
ANINF	SQUARESPACE (AS53831)	1
zoneedit.com	Tencent Building, Kejizhongyi Avenue (AS132203)	1
dnsip.com	Dimension Network & Communication Limited (AS59371)	1
totalenergies.biz	Orange (AS3215)	1
netim.net	Bouygues Telecom SA (AS5410)	1
GANDI SAS	Rackspace Ltd. (AS15395)	1
Safenames Ltd.	MICROSOFT-CORP-MSN-AS-BLOCK (AS8075)	1
co.za	Vox-Telecom (AS11845)	1
SECURITYSERVICES	MICROSOFT-CORP-MSN-AS-BLOCK (AS8075)	3
sahamdns.net	GTCOMM (AS36666)	1
managementsolutions.ga	OVH SAS (AS16276)	1
ipcom GmbH	uvensys GmbH (AS58010)	1
nic.fr	ANINF (AS37582)	1
bcg.ga	OVH SAS (AS16276)	1
MICROSOFT-CORP-MSN-AS-BLOCK	Eurofiber France SAS (AS24935)	1
subrigo.net	NForce Entertainment B.V. (AS43350)	1
uakci.space	DIGITALOCEAN-ASN (AS14061)	1
serveriai.lt	Hetzner Online GmbH (AS24940)	1
serverhostgroup.com	OVH SAS (AS16276)	1
CLOUDFLARENET	Taiwan Infrastructure Network Technologie (AS18049)	1
freenom.com	ORACLE-BMC-31898 (AS31898)	1
GANDI SAS	GABON-IX (AS327796)	1
GOOGLE	Axera SpA (AS34758)	3
perf1.com	ML-1432-54994 (AS54994)	1
extrainfra.com	Enix Ltd (AS52148)	1
gaprod.fr	OVH SAS (AS16276)	1
cloudns.net	EVEO S.A. (AS53107)	1
awsdns-00.com	GOOGLE-CLOUD-PLATFORM (AS396982)	1
uk.net	Awareness Software Limited (AS34931)	1
enet-business.com	UK Dedicated Servers Limited (AS42831)	1
Akamai International B.V.	Akamai Connected Cloud (AS63949)	1
iwantmyname.com	HOSTHATCH (AS63473)	1
ipcom GmbH	OVH SAS (AS16276)	2
ybcars.ga	OVH SAS (AS16276)	1
neostrada.nl	CLDIN B.V. (AS48635)	1
ugb-ebank.ga	MAROCCONNECT (AS36884)	1
NSONE	GOOGLE-CLOUD-PLATFORM (AS396982)	1
Safenames Ltd.	UpCloud Ltd (AS202053)	1
films.org	AMAZON-AES (AS14618)	1
dnsmadeeasy.com	SOFTLAYER (AS36351)	1
websupport.sk	WebSupport s.r.o. (AS51013)	2
hawkhost.com	HAWKHOST (AS20068)	1
CLOUDFLARENET	Internet Initiative Japan Inc. (AS2497)	1
icp100.net	YISU CLOUD LTD (AS142403)	1
CLOUDFLARENET	PLANETHOSTER-8 (AS53589)	1
leaseweb.nl	LeaseWeb Netherlands B.V. (AS60781)	1
ex2.com	UNIFIEDLAYER-AS-1 (AS46606)	1
GANDI SAS	FASTLY (AS54113)	2
HURRICANE	ATT-INTERNET4 (AS7018)	1
NSONE	Cloudflare London, LLC (AS209242)	1
prncpm.com	MICROSOFT-CORP-MSN-AS-BLOCK (AS8075)	1
lwsdns.com	UAB Interneto vizija (AS212531)	1
ip-94-23-207.eu	GOOGLE (AS15169)	1
awsdns-27.net	AMAZON-02 (AS16509)	1
IONOS SE	IONOS SE (AS8560)	1
my-control-panel.com	PONYNET (AS53667)	1
glipac.ch	Bluewin (AS3303)	1
webbox.sk	Slovak Telekom, a.s. (AS6855)	1
awsdns-03.net	AMAZON-AES (AS14618)	1
G-Core Labs S.A.	LUOGELANG FRANCE LIMITED (AS142286)	2
opsdns.ch	Ops One AG (AS198249)	1
porsche.asia	Dr. Ing. h.c. F. Porsche AG (AS33848)	1
CLOUDFLARENET	COLOBLOX (AS6597)	1
Groupe LWS SARL	CLOUDFLARENET (AS13335)	1
domaincontrol.com	DEDICATED (AS63018)	1
netim.net	RENDER (AS397273)	1
dnsip.com	FD-298-8796 (AS8796)	1
no-ip.com	Aussie Broadband (AS4764)	1
netnames.net	INCAPSULA (AS19551)	1
awsdns-05.org	AMAZON-02 (AS16509)	1
iyazo.ga	OVH SAS (AS16276)	1
ANINF	AMAZON-02 (AS16509)	1
register.it	Register S.p.A. (AS39729)	1
cream.nl	Signet B.V. (AS35470)	1
dnsip.com	LUOGELANG FRANCE LIMITED (AS135097)	1
iptwins.com	CLOUDFLARENET (AS13335)	1
SECURITYSERVICES	Optimizely AB (AS30811)	1
cetsi.eu	Cyllene Its SAS (AS12826)	1
netim.net	Eurofiber France SAS (AS35625)	1
lwsdns.com	Free SAS (AS12322)	1
radio.ga	Strato GmbH (AS6724)	1
CLOUDFLARENET	Octaplus Networks Ltd (AS205771)	1
dnsip.com	CNSERVERS (AS40065)	2
emirates.com	GOOGLE-CLOUD-PLATFORM (AS396982)	1
anif.ga	OVH SAS (AS16276)	1
lwsdns.com	RENDER (AS397273)	1
boxsecured.com	Hostinger International Limited (AS47583)	1
afraid.org	Vodafone Portugal - Communicacoes Pessoais S.A. (AS12353)	1
eolas.fr	FASTLY (AS54113)	1
G-Core Labs S.A.	Tencent Building, Kejizhongyi Avenue (AS132203)	1
freenom.com	OVH SAS (AS16276)	1
Hetzner Online GmbH	FEDERAL-ONLINE-GROUP-LLC (AS395776)	1
awardspace.com	Zetta Hosting Solutions LLC. (AS44476)	1
netim.net	Akamai Connected Cloud (AS63949)	1
CLOUDFLARENET	DREAMHOST-AS (AS26347)	1
CLOUDFLARENET	Cloudflare London, LLC (AS209242)	1
ANINF	AUTOMATTIC (AS2635)	1
dnspod.net	China Unicom Beijing Province Network (AS4808)	1
awsdns-27.com	Deutsche Telekom AG (AS3320)	1
netim.net	Groupe LWS SARL (AS210403)	1
awsdns-31.org	AMAZON-02 (AS16509)	1
remi.ga	Hetzner Online GmbH (AS24940)	1
CLOUDFLARENET	NODISTO (AS394727)	1
registrar-servers.com	AMAZON-AES (AS14618)	1
iwantmyname.com	AMAZON-AES (AS14618)	1
SECURITYSERVICES	INETUM SAS (AS198641)	1
anmaps241.online	UNIFIEDLAYER-AS-1 (AS46606)	1
domainoo.fr	Planet Service SARL (AS61168)	1
maim-dns.com	20i Limited (AS48254)	1
netflix.net	AMAZON-02 (AS16509)	1
dnspod.com	LIMESTONENETWORKS (AS46475)	1
awsdns-10.com	CLOUDFLARENET (AS13335)	1
MICROSOFT-CORP-MSN-AS-BLOCK	Optimizely AB (AS30811)	1
sport241.ga	Contabo GmbH (AS51167)	1
Safenames Ltd.	Hostinger International Limited (AS47583)	1
ipcom GmbH	MICROSOFT-CORP-MSN-AS-BLOCK (AS8075)	1
romarg.com	ROMARG SRL (AS205275)	1
CLOUDFLARENET	FRONTIER-FRTR (AS5650)	1
perf1.com	MICROSOFT-CORP-MSN-AS-BLOCK (AS8075)	1
ipcom GmbH	SYNLINQ (AS44486)	1
CLOUDFLARENET	Seti Weba Ltd (AS196750)	1
lnsp.ga	OVH SAS (AS16276)	1
pageride.com	Fortion Networks, s.r.o. (AS44984)	1
HURRICANE	Signet B.V. (AS20857)	1
lwsdns.com	IONOS SE (AS8560)	1
ANINF	GABON-IX (AS327796)	1
inwx.ch	InterNetworX Management GmbH (AS48596)	1
netim.net	AMAZON-AES (AS14618)	1
1233dns.com	MICROSOFT-CORP-MSN-AS-BLOCK (AS8075)	1
freenom.com	FASTLY (AS54113)	1
