Caucasus Online Ltd.	Caucasus Online Ltd. (AS20771)	92
Georgian Research and Educational Networking Association (GRENA)	Georgian Research and Educational Networking Association (GRENA) (AS20545)	2777
Hetzner Online GmbH	Hetzner Online GmbH (AS24940)	746
proservice.ge	Proservice LLC (AS47810)	1387
CLOUDFLARENET	CLOUDFLARENET (AS13335)	2323
Akamai Connected Cloud	Akamai Connected Cloud (AS63949)	41
xundns.com	19 Chun Wang Street, Tseung Kwan O Industrial Estate, N.T. Hong Kong (AS135581)	2
cpanel.ge	Cloud 9 Ltd. (AS57814)	571
AMAZON-02	AMAZON-02 (AS16509)	251
CLOUDFLARENET	Hetzner Online GmbH (AS24940)	61
JSCB Bank of Georgia	JSCB Bank of Georgia (AS48393)	105
CLOUDFLARENET	Hostinger International Limited (AS47583)	545
lemarit.de	LEMARIT GmbH (AS204135)	1
gov.ge	Tbilisi City Hall (AS201174)	6
Proservice LLC	Proservice LLC (AS47810)	846
CLOUDFLARENET	DIGITALOCEAN-ASN (AS14061)	287
CLOUDFLARENET	Tilda Publishing Ltd. (AS205282)	84
ultahost.com	firstcolo GmbH (AS44066)	4
Magticom Ltd.	Magticom Ltd. (AS16010)	335
GOOGLE	Wix.com Ltd. (AS58182)	367
CLOUDFLARENET	Ddos-guard Ltd (AS57724)	40
Host Europe GmbH	DIGITALOCEAN-ASN (AS14061)	1
AMAZON-02	CLOUDFLARENET (AS13335)	99
fastcloud.ge	SysNet LLC (AS210850)	136
Akamai International B.V.	JSCB Bank of Georgia (AS48393)	6
GANDI SAS	GANDI SAS (AS29169)	51
contabo.net	Contabo GmbH (AS51167)	23
proservice.ge	JSC Silknet (AS35805)	9
AMAZON-02	Ddos-guard Ltd (AS57724)	13
Cloud 9 Ltd.	Cloud 9 Ltd. (AS57814)	89
Hetzner Online GmbH	Contabo GmbH (AS51167)	24
SECURITYSERVICES	CHEVRON (AS7862)	1
NSONE	AMAZON-02 (AS16509)	146
SECURITYSERVICES	CSC (AS19574)	50
iman.ge	Proservice LLC (AS47810)	1
unknown	NAMECHEAP-NET (AS22612)	5
nameshield.net	Nameshield SAS (AS20756)	3
AMAZON-02	Akamai Connected Cloud (AS63949)	4
reg.am	WEB LLC (AS16190)	2
HURRICANE	UGT LLC (AS208744)	1
globalcdntech.com	Pars Parva System LLC (AS60631)	1
GOOGLE	CLOUDFLARENET (AS13335)	3
proservice.ge	Its Integra SAS (AS8723)	1
proservice.ge	Caucasus Online Ltd. (AS20771)	172
com.ge	Hetzner Online GmbH (AS24940)	1
sedoparking.com	SEDO GmbH (AS47846)	121
managed-ip.com	novomind AG (AS206775)	2
OVH SAS	OVH SAS (AS16276)	25
cloudns.net	GOOGLE (AS15169)	2
netim.net	Eurofiber France SAS (AS24935)	69
JSC Silknet	JSC Silknet (AS35805)	58
proservice.ge	HOSTING-SOLUTIONS (AS14576)	2
hostgator.com	Odrex Software LLC (AS202223)	1
AMAZON-02	Cloudflare London, LLC (AS209242)	8
cloudns.net	Foodservice LTD (AS56966)	6
Host Europe GmbH	AMAZON-02 (AS16509)	61
AMAZON-02	WHG Hosting Services Ltd (AS209341)	18
markmonitor.com	AMAZON-02 (AS16509)	43
timeweb.org	TimeWeb LLC (AS9123)	27
SECURITYSERVICES	NAMECHEAP-NET (AS22612)	98
Education Managment Information System EMIS	Education Managment Information System EMIS (AS57473)	10
regmix.com	Pq Hosting Plus S.r.l. (AS44477)	1
IS-AS-1	JSC Global Erty (AS34666)	1
OVH SAS	P.a.g.m. Ou (AS198068)	6
CLOUDFLARENET	Wix.com Ltd. (AS58182)	9
HURRICANE	AMAZON-AES (AS14618)	1
Georgian Research and Educational Networking Association (GRENA)	SQUARESPACE (AS53831)	5
AMAZON-02	Cizgi Telekomunikasyon Anonim Sirketi (AS42807)	1
pioneer.ge	Cloud DNS Ltd (AS203391)	1
Hetzner Online GmbH	Proservice LLC (AS47810)	4
linode.com	Akamai Connected Cloud (AS63949)	26
geopay.ge	Cloud 9 Ltd. (AS57814)	54
Georgian Research and Educational Networking Association (GRENA)	Ddos-guard Ltd (AS57724)	14
omedia.ge	Georgian Research and Educational Networking Association (GRENA) (AS20545)	3
unknown	Proservice LLC (AS47810)	24
routing.net	Eurofiber France SAS (AS24935)	2
hostven07.com	Arvid Logicum OU (AS202376)	3
Georgian Research and Educational Networking Association (GRENA)	Hetzner Online GmbH (AS24940)	11
Georgian Research and Educational Networking Association (GRENA)	DIGITALOCEAN-ASN (AS14061)	17
CLOUDFLARENET	VPSOR-GLOBAL (AS138538)	2
AMAZON-02	Georgian Research and Educational Networking Association (GRENA) (AS20545)	231
hostgator.com	NETWORK-SOLUTIONS-HOSTING (AS19871)	49
AMAZON-02	JSC Insurance Company Aldagi (AS201141)	8
CLOUDFLARENET	Zomro B.V. (AS204601)	4
ucoz.net	Webhost LLC (AS44094)	6
CLOUDFLARENET	Cloud 9 Ltd. (AS57814)	69
AMAZON-02	Team Internet AG (AS61969)	34
vernova-dns.com	GOOGLE-CLOUD-PLATFORM (AS396982)	1
servix.ge	LTD Sky-Net (AS199045)	2
dns-root.org	P.a.g.m. Ou (AS198068)	1
AMAZON-02	Proservice LLC (AS47810)	58
AMAZON-02	Hetzner Online GmbH (AS24940)	20
LLC Service	LLC Service (AS35076)	7
AUTOMATTIC	AUTOMATTIC (AS2635)	29
CLOUDFLARENET	INCAPSULA (AS19551)	36
Georgian Research and Educational Networking Association (GRENA)	TimeWeb LLC (AS9123)	1
mirohost.net	Internet Invest, Ltd. (AS25393)	3
CLOUDFLARENET	AMAZON-02 (AS16509)	145
CLOUDFLARENET	ORACLE-BMC-31898 (AS31898)	14
cpanel.ge	JSC Silknet (AS35805)	6
cloudns.net	Georgian Research and Educational Networking Association (GRENA) (AS20545)	1
nestle.com	AMAZON-AES (AS14618)	1
CLOUDFLARENET	GOOGLE-CLOUD-PLATFORM (AS396982)	51
proservice.ge	DIGITALOCEAN-ASN (AS14061)	13
Host Europe GmbH	Caucasus Online Ltd. (AS20771)	24
Georgian Research and Educational Networking Association (GRENA)	Proservice LLC (AS47810)	211
SECURITYSERVICES	AMAZON-02 (AS16509)	2
Proservice LLC	AMAZON-AES (AS14618)	3
Georgian Research and Educational Networking Association (GRENA)	CLOUDFLARENET (AS13335)	32
ovh.net	OVH SAS (AS16276)	3
BIZLAND-SD	BIZLAND-SD (AS29873)	11
awsdns-19.org	AMAZON-02 (AS16509)	1
proservice.ge	LF.net Netzwerksysteme GmbH (AS12374)	3
webhostingpad.com	ASN-GIGENET (AS32181)	1
CLOUDFLARENET	Caucasus Online Ltd. (AS20771)	17
natrohost.com	Cizgi Telekomunikasyon Anonim Sirketi (AS34619)	3
cpanel.ge	FLY (AS40509)	1
serveriai.lt	UAB Interneto vizija (AS212531)	8
serverpark.az	Delta Telecom Ltd (AS29049)	1
domeinebi.online	System Net Ltd (AS34797)	2
globalcell.ge	Hetzner Online GmbH (AS24940)	2
AMAZON-02	Tilda Publishing Ltd. (AS205282)	16
AMAZON-02	GOOGLE-CLOUD-PLATFORM (AS396982)	38
com.ge	Georgian Research and Educational Networking Association (GRENA) (AS20545)	12
facebook.com	FACEBOOK (AS32934)	2
WorldStream B.V.	WorldStream B.V. (AS49981)	10
turhanserver.com	Host Europe GmbH (AS21499)	2
cpanel.ge	AMAZON-02 (AS16509)	5
unknown	Cloud 9 Ltd. (AS57814)	1
hostgator.com	UNIFIEDLAYER-AS-1 (AS46606)	33
cloudns.net	Team Internet AG (AS61969)	6
CLOUDFLARENET	Georgian Research and Educational Networking Association (GRENA) (AS20545)	13
AMAZON-02	Caucasus Online Ltd. (AS20771)	17
AS-VULTR	AS-VULTR (AS20473)	5
proservice.ge	Georgian Research and Educational Networking Association (GRENA) (AS20545)	5
SECURITYSERVICES	LLC MARS (AS42223)	12
AMAZON-02	WHG Hosting Services Ltd (AS36454)	3
log.ge	Proservice LLC (AS47810)	2
ipcom GmbH	AMAZON-02 (AS16509)	11
ipcom GmbH	CSC Administrative Services Limited (AS34922)	1
hosthp.net	Arvid Logicum OU (AS202376)	3
JSC IOT	JSC IOT (AS29182)	14
webanya.com	Buuldy Bilisim (AS207582)	1
DIGITALOCEAN-ASN	IONOS SE (AS8560)	3
AMAZON-02	Wix.com Ltd. (AS58182)	10
CLOUDFLARENET	DREAMHOST-AS (AS26347)	27
example.com	Leaseweb Deutschland GmbH (AS28753)	1
bosch.de	Robert Bosch Gesellschaft mit Beschraenkter Haftung (AS9183)	3
CLOUDFLARENET	SQUARESPACE (AS53831)	7
proservice.ge	Cloud 9 Ltd. (AS57814)	14
AMAZON-02	Cloud 9 Ltd. (AS57814)	8
Georgian Research and Educational Networking Association (GRENA)	Magticom Ltd. (AS16010)	6
proservice.ge	Ministry of Justice of Georgia (AS58185)	1
UGT LLC	UGT LLC (AS208744)	10
reg.ru	Domain names registrar REG.RU, Ltd (AS197695)	22
LLC VK	Hetzner Online GmbH (AS24940)	3
netim.net	Cloud 9 Ltd. (AS57814)	1
proservice.ge	AMAZON-02 (AS16509)	17
Safenames Ltd.	Safenames Ltd. (AS60819)	8
sca.ge	SysNet LLC (AS210850)	1
dnsip.com	MICROSOFT-CORP-MSN-AS-BLOCK (AS8075)	7
proservice.ge	Iomart Cloud Services Limited (AS20860)	2
cpanel.ge	CLOUDFLARENET (AS13335)	4
Magticom Ltd.	JSC Silknet (AS35805)	3
searchproperty.ge	Hetzner Online GmbH (AS24940)	1
Connect Ltd.	Connect Ltd. (AS197229)	64
CLOUDFLARENET	IONOS SE (AS8560)	5
zahid.host	G-Core Labs S.A. (AS199524)	6
servicebox.ge	Multisoft LLC (AS209012)	2
site4now.net	SHARKTECH (AS46844)	12
Georgian Research and Educational Networking Association (GRENA)	MICROSOFT-CORP-MSN-AS-BLOCK (AS8075)	3
CLOUDFLARENET	Contabo GmbH (AS51167)	21
Leaseweb Deutschland GmbH	Leaseweb Deutschland GmbH (AS28753)	18
CLOUDFLARENET	Proservice LLC (AS47810)	50
nameserveit.com	IS-AS-1 (AS19318)	1
CLOUDFLARENET	UNIFIEDLAYER-AS-1 (AS46606)	75
servercount.com	Hetzner Online GmbH (AS24940)	9
JSCB Bank of Georgia	JSC Insurance Company Aldagi (AS201141)	1
AMAZON-02	Hostinger International Limited (AS47583)	13
serv00.com	Atman Sp. z o.o. (AS57367)	1
Contabo GmbH	Contabo GmbH (AS51167)	20
Georgian Research and Educational Networking Association (GRENA)	Hostinger International Limited (AS47583)	2
kei.pl	Cyber_Folks S.A. (AS29522)	1
proservice.ge	DATABANK-MARQUISNET (AS35937)	1
CLOUDFLARENET	LEASEWEB SINGAPORE PTE. LTD. (AS59253)	3
easydns.com	Akamai Connected Cloud (AS63949)	3
lh.pl	LH.pl Sp. z o.o. (AS203417)	3
registrar-servers.com	Caucasus Online Ltd. (AS20771)	2
AMAZON-02	RENDER (AS397273)	7
DIGICERT	GOOGLE-CLOUD-PLATFORM (AS396982)	1
Proservice LLC	AMAZON-02 (AS16509)	5
umbrella.ge	JSC Silknet (AS35805)	3
dede.ge	Hetzner Online GmbH (AS24940)	1
asemanhost.com	Hetzner Online GmbH (AS24940)	4
domeny.tv	Dataspace P.s.a. (AS50599)	5
vtb.ge	JSC VTB Bank Georgia (AS201356)	2
AMAZON-02	Jsc Tbc Bank (AS47644)	1
gov.ge	Magticom Ltd. (AS16010)	1
netim.net	AMAZON-AES (AS14618)	1
lifecenter.ge	Onur Ekren (AS203576)	1
UNIFIEDLAYER-AS-1	UNIFIEDLAYER-AS-1 (AS46606)	4
CLOUDFLARENET	A2HOSTING (AS55293)	10
CLOUDFLARENET	INMOTION (AS22611)	3
CLOUDFLARENET	OVH SAS (AS16276)	28
hostings.ge	Hetzner Online GmbH (AS24940)	9
papiliogroup.ge	Hetzner Online GmbH (AS24940)	1
royal-clinic.ge	Host Europe GmbH (AS21499)	1
proservice.ge	Wix.com Ltd. (AS58182)	4
proservice.ge	BIGLEAF (AS62642)	2
proservice.ge	Hetzner Online GmbH (AS24940)	6
abovedomains.com	Trellian Pty. Limited (AS133618)	4
AMAZON-02	Host Europe GmbH (AS21499)	1
cloudns.net	Hetzner Online GmbH (AS24940)	10
mamba.ru	KKM IT Limited (AS60922)	1
CLOUDFLARENET	JSC Global Erty (AS34666)	3
proxychecker.ge	SysNet LLC (AS210850)	1
Hetzner Online GmbH	LeaseWeb Netherlands B.V. (AS60781)	12
webhouse.am	Contabo GmbH (AS51167)	1
AMAZON-02	FASTLY (AS54113)	19
registrar-servers.com	NAMECHEAP-NET (AS22612)	13
CLOUDFLARENET	NAMECHEAP-NET (AS22612)	5
Akamai International B.V.	MOTOROLA-SOLUTIONS (AS19773)	1
AMAZON-02	TimeWeb LLC (AS9123)	4
Georgian Research and Educational Networking Association (GRENA)	AMAZON-02 (AS16509)	28
Alternet Ltd	Alternet Ltd (AS49254)	16
CLOUDFLARENET	FD-298-8796 (AS8796)	1
SECURITYSERVICES	Equinix (Germany) GmbH (AS24989)	1
proservice.ge	Magticom Ltd. (AS16010)	3
IS-AS-1	IS-AS-1 (AS19318)	22
irandns.com	OVH SAS (AS16276)	2
CLOUDFLARENET	Green Floid LLC (AS15626)	1
MICROSOFT-CORP-MSN-AS-BLOCK	JSC Liberty Bank (AS198874)	10
edgedns.ru	EdgeCenter LLC (AS210756)	1
SuperHosting.BG Ltd.	SuperHosting.BG Ltd. (AS201200)	7
timeweb.org	Hetzner Online GmbH (AS24940)	1
DIGITALOCEAN-ASN	Zomro B.V. (AS204601)	7
hoster.by	Republican Unitary Telecommunication Enterprise Beltelecom (AS6697)	3
geek.sh	Serverius Holding B.V. (AS50673)	1
gov.ge	National Agency of Public Registry (AS51010)	1
proservice.ge	Ddos-guard Ltd (AS57724)	2
CLOUDFLARENET	LLC Aversi-Pharma (AS201598)	1
nic.ru	Jsc ru-center (AS39494)	1
proservice.ge	UAB Rakrejus (AS62282)	1
zomro.com	Zomro B.V. (AS204601)	2
e-tiger.net	Hetzner Online GmbH (AS24940)	1
netim.net	MICROSOFT-CORP-MSN-AS-BLOCK (AS8075)	1
singleplan.com	Team Internet AG (AS61969)	7
dnspod.net	CLOUDFLARENET (AS13335)	1
dnsip.com	Dimension Network & Communication Limited (AS59371)	41
guzelhosting.com	GNET Internet Telekomunikasyon A.S. (AS42846)	4
telecom1.ge	Telecom 1 LLC (AS212599)	5
CLOUDFLARENET	AS-KGIX (AS53861)	2
Hetzner Online GmbH	FASTLY (AS54113)	1
fozzy.com	Webzilla B.V. (AS35415)	17
MICROSOFT-CORP-MSN-AS-BLOCK	Magticom Ltd. (AS16010)	5
Georgian Research and Educational Networking Association (GRENA)	Cloud 9 Ltd. (AS57814)	9
cellfie.ge	Cellfie Mobile LLC (AS41738)	2
astronaut.ge	Hetzner Online GmbH (AS24940)	1
MICROSOFT-CORP-MSN-AS-BLOCK	MICROSOFT-CORP-MSN-AS-BLOCK (AS8075)	25
Host Europe GmbH	Host Europe GmbH (AS21499)	18
gransy.com	CASABLANCA INT a.s. (AS15685)	15
datacomm.ge	Telecom 1 LLC (AS203448)	1
gov.ge	Hostinger International Limited (AS47583)	1
ucoz.net	SERVERS-COM (AS7979)	1
jehost.ru	Miran Ltd. (AS41722)	1
co.uk	Georgian Research and Educational Networking Association (GRENA) (AS20545)	3
magtigsm.ge	Magticom Ltd. (AS25249)	4
AMAZON-02	Sprinthost.ru LLC (AS35278)	1
SEDO GmbH	SEDO GmbH (AS47846)	11
CLOUDFLARENET	Cloudflare London, LLC (AS209242)	17
quicns.cloud	AS-VULTR (AS20473)	2
G-Core Labs S.A.	AMAZON-02 (AS16509)	1
lemarit.de	AS-VULTR (AS20473)	6
Hostinger International Limited	Hostinger International Limited (AS47583)	15
profitserver.ru	Chelyabinsk-Signal LLC (AS44493)	1
Proservice LLC	Caucasus Online Ltd. (AS20771)	17
link-host.net	MICROSOFT-CORP-MSN-AS-BLOCK (AS8075)	7
AMAZON-02	GOOGLE (AS15169)	47
rehau.com	REHAU Industries SE & Co. KG (AS204138)	1
serverhostgroup.com	OVH SAS (AS16276)	6
gcd-dns.com	AMAZON-02 (AS16509)	2
hostiq.ua	PE Skurykhin Mukola Volodumurovuch (AS56851)	4
okriba.ge	Hetzner Online GmbH (AS24940)	1
hoster.kz	LLP Kompaniya Hoster.KZ (AS207333)	4
vweb.digital	Hetzner Online GmbH (AS24940)	4
YANDEX LLC	Aeza Group LLC (AS216246)	1
awsdns-19.org	GOOGLE-CLOUD-PLATFORM (AS396982)	1
eclitgo.com	HUAWEI CLOUDS (AS136907)	1
cloudns.net	NForce Entertainment B.V. (AS43350)	4
aiwebhost.net	Serverius Holding B.V. (AS50673)	1
pascaledu.ge	Hetzner Online GmbH (AS24940)	1
CLOUDFLARENET	BIZLAND-SD (AS29873)	7
freehosting.com	Hetzner Online GmbH (AS24940)	7
o2switch.net	O2switch SAS (AS50474)	4
MICROSOFT-CORP-MSN-AS-BLOCK	Proservice LLC (AS47810)	6
dns.com	DXTL Tseung Kwan O Service (AS134548)	3
whirlpool.com	LUMOS (AS7795)	3
CLOUDFLARENET	GO-DADDY-COM-LLC (AS398101)	1
hostland.ru	Hostland LTD (AS62082)	5
atakdomain.com	MICROSOFT-CORP-MSN-AS-BLOCK (AS8075)	1
singleplan.com	SEDO GmbH (AS47846)	1
dns.com	Dimension Network & Communication Limited (AS59371)	22
asp.ge	Cloud 9 Ltd. (AS57814)	1
quicns.com	AS-VULTR (AS20473)	2
MICROSOFT-CORP-MSN-AS-BLOCK	Caucasus Online Ltd. (AS20771)	5
perf1.com	Nameshield SAS (AS20756)	5
Magticom Ltd.	DIGITALOCEAN-ASN (AS14061)	5
Magticom Ltd.	Hetzner Online GmbH (AS24940)	4
Akamai International B.V.	Akamai International B.V. (AS20940)	9
AMAZON-02	AMAZON-AES (AS14618)	17
e2net.it	Uno Communications SpA (AS9137)	1
multihost.ru	JSC IOT (AS29182)	3
Expert Solutions Georgia LLC	Cloud 9 Ltd. (AS57814)	1
Cavea Plus LLC	Cavea Plus LLC (AS203039)	10
Georgian Research and Educational Networking Association (GRENA)	LTD CGC Co (AS49129)	1
edu.ge	Georgian Research and Educational Networking Association (GRENA) (AS20545)	3
countman.ge	Cloud 9 Ltd. (AS57814)	1
Neue Medien Muennich GmbH	Neue Medien Muennich GmbH (AS34788)	8
SCAAM0001	Host Europe GmbH (AS8972)	2
CLOUDFLARENET	FASTLY (AS54113)	16
info-tbilisi.com	IHNET (AS33494)	4
CLOUDFLARENET	FLY (AS40509)	3
nos.ge	Cloud 9 Ltd. (AS57814)	1
euralb.net	Digicom SHPK (AS35444)	1
WorldStream B.V.	TradeZone LLC (AS203647)	1
iquer.net	Hetzner Online GmbH (AS24940)	1
CLOUDFLARENET	GOOGLE (AS15169)	4
JSC Selectel	JSC IOT (AS29182)	1
electionreforms.ge	Cloud 9 Ltd. (AS57814)	1
cloudns.net	Real Estate of Georgia JSC (AS208603)	4
EuroByte LLC	Iron Hosting Centre LTD (AS216139)	3
biz.nf	Zetta Hosting Solutions LLC. (AS44476)	3
AMAZON-02	GOOGLE-2 (AS19527)	3
ihsdnsx27.com	IHS Kurumsal Teknoloji Hizmetleri A.S (AS49126)	1
ceti.pl	CETI s.c. (AS15541)	1
GOOGLE-CLOUD-PLATFORM	GOOGLE-CLOUD-PLATFORM (AS396982)	6
JSC Selectel	Advanced Solutions LLC (AS57487)	1
hp.com	AMAZON-02 (AS16509)	1
civil.ge	PRIVATESYSTEMS (AS63410)	1
servera.ge	PONYNET (AS53667)	2
DIGICERT	NAMEHERO-KCDC (AS399250)	1
Georgian Research and Educational Networking Association (GRENA)	OVH SAS (AS16276)	6
b2m.ge	Hetzner Online GmbH (AS24940)	1
CLOUDFLARENET	JSC Silknet (AS35805)	16
unknown	Contabo GmbH (AS51167)	7
stablehost.com	SINGLEHOP-LLC (AS32475)	3
Georgian Research and Educational Networking Association (GRENA)	Cloudflare London, LLC (AS209242)	2
cyberia.com	Magticom Ltd. (AS16010)	3
markmonitor.zone	CLOUDFLARENET (AS13335)	1
inmotionhosting.com	INMOTION (AS22611)	5
CLOUDFLARENET	AS-VULTR (AS20473)	6
Connect Ltd.	Caucasus Online Ltd. (AS20771)	1
zaccodigitaltrustlabs.se	DIGICERT (AS16552)	2
time4vps.com	Hetzner Online GmbH (AS24940)	1
Proservice LLC	Connect Ltd. (AS197229)	1
adminvps.net	AdminVPS OOO (AS211183)	1
AMAZON-02	MICROSOFT-CORP-MSN-AS-BLOCK (AS8075)	9
AMAZON-02	A2HOSTING (AS55293)	20
netaffairs.com	Netaffairs Hosting B.V. (AS34420)	2
webspace.uz	Arsenal D Ltd. (AS210390)	1
HURRICANE	Money Movers LLC (AS208097)	4
registrar-servers.com	Hostinger International Limited (AS47583)	1
CLOUDFLARENET	LIQUIDNETLTD1 (AS14555)	1
IONOS SE	IONOS SE (AS8560)	13
netim.net	DIGITALOCEAN-ASN (AS14061)	4
hostiman.ru	JSC Selectel (AS50340)	1
123ns.de	DIGITALOCEAN-ASN (AS14061)	4
Hangzhou Alibaba Advertising Co.,Ltd.	Tencent Building, Kejizhongyi Avenue (AS132203)	3
Georgian Research and Educational Networking Association (GRENA)	Contabo GmbH (AS51167)	3
railway.ge	JSC Georgian Railway (AS205173)	1
eolas.fr	FASTLY (AS54113)	1
proservice.ge	JSC Risk Management and Insurance Company Global Benefits Georgia (AS209047)	1
nska.net	Hetzner Online GmbH (AS24940)	2
.	Proservice LLC (AS47810)	10
yoursrs.com	INTERNET CZ, a.s. (AS24806)	1
spaceweb.pro	Tilda Publishing Ltd. (AS205282)	1
DIGICERT	Akamai Connected Cloud (AS63949)	1
1gb.ru	Hostlab LLC (AS51734)	1
gid.ge	Hetzner Online GmbH (AS24940)	1
Hetzner Online GmbH	Ddos-guard Ltd (AS57724)	2
smartitup.ge	SmartITUP LLC (AS212484)	3
Hetzner Online GmbH	AMAZON-02 (AS16509)	3
asstra.ch	Orange Polska Spolka Akcyjna (AS5617)	1
AMAZON-02	WHG Hosting Services Ltd (AS14670)	5
gnscreative.com	Netinternet Bilisim Teknolojileri AS (AS51559)	1
GOOGLE	Ddos-guard Ltd (AS57724)	1
avrohost.com	Hetzner Online GmbH (AS24940)	1
AMAZON-02	WHG Hosting Services Ltd (AS51713)	6
spaceweb.pro	SpaceWeb Ltd (AS44112)	9
Beget LLC	Beget LLC (AS198610)	53
Georgian Research and Educational Networking Association (GRENA)	AMAZON-AES (AS14618)	9
Hetzner Online GmbH	Hetzner Online GmbH (AS213230)	1
garmtech.com	Garmtech Lp (AS43108)	2
CLOUDFLARENET	EDGECAST (AS15133)	1
dns.com	MICROSOFT-CORP-MSN-AS-BLOCK (AS8075)	1
SECURITYSERVICES	dogado GmbH (AS45012)	1
ipcom GmbH	AS-COLOCROSSING (AS36352)	1
Host Europe GmbH	Host Europe GmbH (AS21501)	24
webdoors.ge	Cloud 9 Ltd. (AS57814)	4
Magticom Ltd.	AMAZON-02 (AS16509)	4
proservice.ge	SQUARESPACE (AS53831)	3
gelink.ge	Magticom Ltd. (AS16010)	4
evex.ge	Connect Ltd. (AS197229)	3
webhost1.com	Webhost LLC (AS44094)	3
xdrive.ge	DIGITALOCEAN-ASN (AS14061)	1
CLOUDFLARENET	AMAZON-AES (AS14618)	14
saje.ge	Contabo GmbH (AS51167)	2
Host Europe GmbH	GO-DADDY-COM-LLC (AS398101)	6
Proservice LLC	Georgian Research and Educational Networking Association (GRENA) (AS20545)	2
proton.ge	Contabo GmbH (AS51167)	3
atakdomain.com	Atak Domain Bilgi Teknolojileri A.S. (AS211401)	5
AMAZON-02	DIGITALOCEAN-ASN (AS14061)	20
bbg.ge	Cloud 9 Ltd. (AS57814)	1
contell.ru	Kontel LLC (AS204490)	1
CLOUDFLARENET	First Server Limited (AS204997)	1
Host Europe GmbH	Cloud 9 Ltd. (AS57814)	8
nexloc.ro	Exim Host SRL (AS211611)	6
Proservice LLC	KKM IT Limited (AS60922)	1
hostmonster.com	UNIFIEDLAYER-AS-1 (AS46606)	4
AMAZON-AES	AMAZON-AES (AS14618)	11
ncib.ge	Caucasus Online Ltd. (AS20771)	4
hostneva.com	PENTECH BILISIM TEKNOLOJILERI SANAYI VE TICARET LIMITED SIRKETi (AS48678)	2
netim.net	AMAZON-02 (AS16509)	3
Georgian Research and Educational Networking Association (GRENA)	ORACLE-BMC-31898 (AS31898)	1
Hetzner Online GmbH	JSC Silknet (AS35805)	1
CLOUDFLARENET	Amarutu Technology Ltd (AS206264)	2
Georgian Research and Educational Networking Association (GRENA)	Yandex.Cloud LLC (AS200350)	1
CLOUDFLARENET	UGT LLC (AS208744)	7
chirina.ge	Cloud 9 Ltd. (AS57814)	1
Hetzner Online GmbH	Caucasus Online Ltd. (AS20771)	1
DIGITALOCEAN-ASN	DIGITALOCEAN-ASN (AS14061)	5
servidoresdns.net	Hostinger International Limited (AS47583)	1
manbiz.gr	Hetzner Online GmbH (AS24940)	4
Connect Ltd.	JSC Silknet (AS35805)	2
Georgian Research and Educational Networking Association (GRENA)	NAMECHEAP-NET (AS22612)	1
Hetzner Online GmbH	GOOGLE-CLOUD-PLATFORM (AS396982)	1
ktl-georgia.com	DIGITALOCEAN-ASN (AS14061)	1
megagroup.ru	Megagroup.ru LLC (AS60357)	2
cpanel.ge	Cloudflare London, LLC (AS209242)	2
Cavea Plus LLC	Akamai Connected Cloud (AS63949)	1
nscluster.ee	Combell NV (AS34762)	1
iberiapac.ge	Caucasus Online Ltd. (AS20771)	1
ORACLE-BMC-31898	CLOUDFLARENET (AS13335)	1
SECURITYSERVICES	MICROSOFT-CORP-MSN-AS-BLOCK (AS8075)	2
energo-pro.ge	JSC ENERGO-PRO Georgia (AS57881)	2
tyn.ge	Akamai Connected Cloud (AS63949)	3
fornex.com	Fornex Hosting S.L. (AS44051)	19
YANDEX LLC	Lovitel LLC (AS41275)	1
registrar-servers.com	AMAZON-02 (AS16509)	4
register.it	MICROSOFT-CORP-MSN-AS-BLOCK (AS8075)	1
AMAZON-02	Digi Spain Telecom S.l. (AS57269)	1
markmonitor.com	Bwe Capital Limited (AS197730)	2
proservice.ge	Tilda Publishing Ltd. (AS205282)	1
IONOS SE	united-domains GmbH (AS202108)	12
dominiando.asia	Register S.p.A. (AS39729)	4
CLOUDFLARENET	LeaseWeb Netherlands B.V. (AS60781)	1
Magticom Ltd.	OVH SAS (AS16276)	2
com.ua	FOP Petrusha Anton Alexsandrovich (AS50281)	1
unknown	Connect Ltd. (AS197229)	2
co.uk	AMAZON-02 (AS16509)	8
HURRICANE	JSC Silknet (AS35805)	3
gc.ge	DIGITALOCEAN-ASN (AS14061)	1
Hetzner Online GmbH	Alexhost Srl (AS200019)	1
Georgian Research and Educational Networking Association (GRENA)	UGT LLC (AS208744)	2
inet.ge	Cloud 9 Ltd. (AS57814)	1
CLOUDFLARENET	netcup GmbH (AS197540)	5
forrange.com	JSC Global Erty (AS34666)	2
Georgian Research and Educational Networking Association (GRENA)	LTD Sky-Net (AS199045)	1
evoletpharma.com	UNIFIEDLAYER-AS-1 (AS46606)	1
NUCDN	Julius Blum GmbH (AS197964)	1
Beget LLC	EUROHOSTER Ltd. (AS207728)	1
nmugroup.com	Nordisk Media Utveckling AB (AS204074)	1
fastcloud.ge	CLOUDFLARENET (AS13335)	3
hostgator.com	Georgian Research and Educational Networking Association (GRENA) (AS20545)	1
com.ua	Hostinger International Limited (AS47583)	1
lider-bet.com	Superbet 2014, Ltd (AS201651)	6
PONYNET	PONYNET (AS53667)	5
cloudns.net	JSC Silknet (AS35805)	2
ports.se	Tele2 SWIPnet (AS1257)	2
ipcom GmbH	froxlor GmbH (AS207048)	1
Magticom Ltd.	Akamai Connected Cloud (AS63949)	1
cpanel.ge	LeaseWeb Netherlands B.V. (AS60781)	1
iis.ge	Cloud 9 Ltd. (AS57814)	2
nic.ru	Rostelecom (AS12389)	1
NSONE	GOOGLE (AS15169)	3
SECURITYSERVICES	Entain Services Austria GmbH (AS13008)	2
jfshost.com	MULTA-ASN1 (AS35916)	1
fink.org	SysNet LLC (AS210850)	1
colourdns.com	Contabo GmbH (AS51167)	3
osn.de	OSN Online Service Nuernberg GmbH (AS8859)	1
GOOGLE	Hetzner Online GmbH (AS24940)	1
LIQUIDNETLTD1	LIQUIDNETLTD1 (AS14555)	1
com.ua	TheHost LLC (AS56485)	2
mysites.ge	Hohl IT e.U. (AS40994)	3
cpanel.ge	Wix.com Ltd. (AS58182)	1
bodis.com	AMAZON-02 (AS16509)	7
idu.ge	INMOTION (AS22611)	2
excel.ge	Cloud 9 Ltd. (AS57814)	1
websge.online	AMAZON-02 (AS16509)	6
AMAZON-02	UFO Hosting LLC (AS33993)	1
utgmpls.net	JSC Silknet (AS35805)	1
PONYNET	Wildcard UK Limited (AS34119)	9
paddock.ge	Hetzner Online GmbH (AS24940)	1
G-Core Labs S.A.	XRUI TECHNOLOGY LIMITED (AS153494)	15
Georgian Research and Educational Networking Association (GRENA)	FASTLY (AS54113)	9
AMAZON-02	Magticom Ltd. (AS16010)	3
hostinger.ru	Hostinger International Limited (AS47583)	2
avejisgadazidva.ge	Hetzner Online GmbH (AS24940)	1
ns5.ch	Stephan Roland Wolf (AS64462)	2
G-Core Labs S.A.	Hong Kong Communications International Co., Limited (AS140227)	2
cloudns.net	UGT LLC (AS208744)	2
CLOUDFLARENET	WHG Hosting Services Ltd (AS209341)	4
serveriai.lt	Blue Bridge MSP, UAB (AS42774)	1
Proservice LLC	JSC Silknet (AS35805)	1
turkticaret.net	TURKTICARET.NET YAZILIM HIZMETLERI SAN. ve TIC. A.S. (AS197720)	2
Proservice LLC	CLOUDFLARENET (AS13335)	4
lite-host.in	OVH SAS (AS16276)	1
adminvps.net	AdminVPS OOO (AS211642)	1
masterhost.ru	LLC masterhost (AS25532)	1
DIGICERT	OVH SAS (AS16276)	1
1984.is	Scaleway S.a.s. (AS12876)	1
Legal Entity Under Public Law Financial Analytical Service	Legal Entity Under Public Law Financial Analytical Service (AS198561)	12
ipcom GmbH	Caucasus Online Ltd. (AS20771)	1
Magticom Ltd.	GOOGLE-CLOUD-PLATFORM (AS396982)	1
PE Skurykhin Mukola Volodumurovuch	PE Skurykhin Mukola Volodumurovuch (AS56851)	5
AMAZON-02	Contabo GmbH (AS51167)	8
hostme2.net	ESTRUXTURE-ON-19122 (AS19122)	1
linode.com	JSC Silknet (AS35805)	2
desec.io	Hetzner Online GmbH (AS24940)	1
Magticom Ltd.	Diag Dienstleistungen AG (AS5529)	1
Caucasus Digital Network LTD	84 Grams AB (AS57630)	4
SECURITYSERVICES	GOOGLE-CLOUD-PLATFORM (AS396982)	2
reagi.com	Oxeva SAS (AS39104)	1
cloudns.net	Odrex Software LLC (AS202223)	6
proservice.ge	GOOGLE-CLOUD-PLATFORM (AS396982)	5
AS-VULTR	SINGLEHOP-LLC (AS32475)	5
gear.host	Caucasus Online Ltd. (AS20771)	1
nscluster.ee	AMAZON-02 (AS16509)	1
GOOGLE	GOOGLE-CLOUD-PLATFORM (AS396982)	9
startserver.	Magticom Ltd. (AS16010)	1
safebrands.com	AS-VULTR (AS20473)	1
ipower.com	Toyota Motor Europe SA (AS31154)	2
Hosting Ukraine LTD	Hetzner Online GmbH (AS24940)	6
ugfischer.com	fischerwerke GmbH & Co. KG (AS207404)	1
ipcom GmbH	Tencent Building, Kejizhongyi Avenue (AS132203)	1
LLC VK	Vichislitelniy Centr Ltd. (AS61276)	1
quickhost.uk	QuickHostUK Limited (AS209243)	3
cpanel.ge	AUTOMATTIC (AS2635)	1
cpanel.ge	DIGITALOCEAN-ASN (AS14061)	2
qeba.ge	Hetzner Online GmbH (AS24940)	1
taplink.cc	DIGITALOCEAN-ASN (AS14061)	4
Proservice LLC	Iomart Cloud Services Limited (AS20860)	1
indomco.com	CSC (AS19574)	1
netim.net	AS-26496-GO-DADDY-COM-LLC (AS26496)	1
JSC Silknet	JSC ENERGO-PRO Georgia (AS57881)	1
xundns.com	MICROSOFT-CORP-MSN-AS-BLOCK (AS8075)	5
proservice.ge	CLOUDFLARENET (AS13335)	14
dba.ge	Magticom Ltd. (AS16010)	1
CLOUDFLARENET	Podaon SIA (AS211381)	1
GOOGLE	ROUTERHOSTING (AS14956)	1
okens.domains	Team Internet AG (AS61969)	1
com.ge	JSC Silknet (AS42082)	1
greengeeks.net	SINGLEHOP-LLC (AS32475)	3
unknown	Beget LLC (AS198610)	1
GANDI SAS	Akamai International B.V. (AS20940)	1
AMAZON-02	AS-26496-GO-DADDY-COM-LLC (AS26496)	2
ha-dns.net	Hetzner Online GmbH (AS24940)	2
co.uk	Hostinger International Limited (AS47583)	2
itstep.live	JSC Silknet (AS35805)	2
Hetzner Online GmbH	Tilda Publishing Ltd. (AS205282)	5
AMAZON-02	UGT LLC (AS208744)	3
liquidweb.com	LIQUIDWEB (AS32244)	1
hostgator.com	UGT LLC (AS208744)	1
Georgian Research and Educational Networking Association (GRENA)	Zomro B.V. (AS204601)	1
net.in	Arvid Logicum OU (AS202376)	1
Proservice LLC	Yandex.Cloud LLC (AS200350)	2
hostsila.com	Hostpro Lab LLC (AS196645)	3
bunny.net	Tencent Building, Kejizhongyi Avenue (AS132203)	1
GANDI SAS	Cloudflare London, LLC (AS209242)	1
CLOUDFLARENET	MICROSOFT-CORP-MSN-AS-BLOCK (AS8075)	6
IONOS SE	Ddos-guard Ltd (AS57724)	1
ipcom GmbH	Hetzner Online GmbH (AS24940)	3
vtb.ge	Magticom Ltd. (AS16010)	2
dewebmakers.nl	BIT BV (AS12859)	1
UNIFIEDLAYER-AS-1	Connect Ltd. (AS197229)	1
cpanel.ge	Railway Telecom, Ltd (AS41877)	2
G-Core Labs S.A.	ORACLE-BMC-31898 (AS31898)	1
cloudns.net	JSC Selectel (AS49505)	1
nic.ru	Jsc ru-center (AS48287)	10
register.it	Register S.p.A. (AS39729)	14
Akamai International B.V.	DIGITALOCEAN-ASN (AS14061)	1
supremedns.com	LIQUIDNETLTD1 (AS14555)	3
hostinglotus.net	453 Ladplacout Jorakhaebua (AS56067)	1
Magticom Ltd.	CLOUDFLARENET (AS13335)	2
name-services.com	AMAZON-02 (AS16509)	1
ukit.com	Ddos-guard Ltd (AS57724)	3
DIGITALOCEAN-ASN	Magticom Ltd. (AS16010)	1
Georgian Research and Educational Networking Association (GRENA)	A2HOSTING (AS55293)	2
CLOUDFLARENET	MYTEK TRADING PTY LTD (AS132825)	5
NUCDN	Team Internet AG (AS61969)	5
upsystems.ge	Caucasus Online Ltd. (AS20771)	1
epop-host.com	NETWORK-SOLUTIONS-HOSTING (AS19871)	1
Host Europe GmbH	LLC Skytel (AS49628)	1
safenames.com	Safenames Ltd. (AS60819)	3
astrology.ge	Hetzner Online GmbH (AS24940)	1
Hosting Ukraine LTD	Hosting Ukraine LTD (AS200000)	13
localhostt.com	PONYNET (AS53667)	1
virtualtours.ge	Akamai Connected Cloud (AS63949)	2
atvirtual.com	Festo Management SE (AS41700)	1
securednshost.com	ASN-FLEXENTIAL (AS13649)	8
CLOUDFLARENET	LIQUIDWEB (AS32244)	2
vdsina.com	Servers Tech Fzco (AS216071)	1
woodenroad.com	Hetzner Online GmbH (AS24940)	1
hyperhost.ua	Green Floid LLC (AS21100)	4
keo.su	JSC IOT (AS29182)	1
G-Core Labs S.A.	HONG KONG KOWLOON TELECOMMUNICATIONS CO.,LIMITED (AS135357)	3
telecom1.ge	Telecom 1 LLC (AS203448)	2
YANDEX LLC	Proservice LLC (AS47810)	1
linode.com	OVH SAS (AS16276)	1
JSCB Bank of Georgia	GOOGLE-CLOUD-PLATFORM (AS396982)	1
Proservice LLC	Cloud 9 Ltd. (AS57814)	2
cloudns.net	Tilda Publishing Ltd. (AS205282)	1
HURRICANE	FASTLY (AS54113)	1
dnspod.net	Tencent Building, Kejizhongyi Avenue (AS132203)	3
hostpoint.ch	Hetzner Online GmbH (AS24940)	1
YANDEX LLC	ORACLE-BMC-31898 (AS31898)	1
parklogic.com	Akamai Connected Cloud (AS63949)	2
cloudns.net	OVH SAS (AS16276)	9
alfanet.az	Alfanet LLC (AS50274)	1
GANDI SAS	Foxcloud Llp (AS200904)	1
AMAZON-02	GO-DADDY-COM-LLC (AS398101)	1
rigi24.ge	BitCommand LLC (AS212552)	1
webex-hosting.com	UNIFIEDLAYER-AS-1 (AS46606)	1
fastcloud.ge	Cloud 9 Ltd. (AS57814)	3
domainoo.fr	Planet Service SARL (AS61168)	2
lexsynergy.info	Akamai Connected Cloud (AS63949)	2
inet.ge	Hetzner Online GmbH (AS24940)	3
proservice.ge	A2HOSTING (AS55293)	6
mihanwebhost.com	Netmihan Communication Company Ltd (AS204213)	1
NUCDN	Datacenter Luxembourg S.A. (AS24611)	6
hostarmada.net	Akamai Connected Cloud (AS63949)	1
frytzhost.com	Wildcard UK Limited (AS34119)	3
CLOUDFLARENET	SysNet LLC (AS210850)	5
cloudns.net	Proservice LLC (AS47810)	4
ednsglobal.net	AMAZON-02 (AS16509)	1
Hohl IT e.U.	Hohl IT e.U. (AS40994)	11
google.com	GOOGLE (AS15169)	2
smartape.ru	LLC Smart Ape (AS56694)	1
hostyserv.com	Cloud 9 Ltd. (AS57814)	4
radiomaestro.ge	Cloud 9 Ltd. (AS57814)	2
hostimul.net	Enix Ltd (AS52148)	1
cloud86.nl	Duocast B.V. (AS31477)	1
forpsi.cz	INTERNET CZ, a.s. (AS24806)	2
skyhi.ge	WHG Hosting Services Ltd (AS209341)	2
safebrands.com	AMAZON-02 (AS16509)	4
risp.ru	Rostelecom (AS12389)	1
Proservice LLC	DIGITALOCEAN-ASN (AS14061)	2
absecurity.lv	DIGITALOCEAN-ASN (AS14061)	1
greenvillageresorts.ge	Hetzner Online GmbH (AS24940)	1
aversi.ge	LLC Aversi-Pharma (AS201598)	1
Hetzner Online GmbH	CLOUDFLARENET (AS13335)	3
Georgian Research and Educational Networking Association (GRENA)	TIER-NET (AS397423)	1
era.ge	DIGITALOCEAN-ASN (AS14061)	1
Georgian Research and Educational Networking Association (GRENA)	AS-VULTR (AS20473)	3
Proservice LLC	Hetzner Online GmbH (AS24940)	6
RACKSPACE	Team Internet AG (AS61969)	7
Georgian Research and Educational Networking Association (GRENA)	Tilda Publishing Ltd. (AS205282)	10
1984.is	Infomaniak Network SA (AS29222)	1
co.kr	LG DACOM Corporation (AS3786)	1
proservice.ge	FASTLY (AS54113)	2
G-Core Labs S.A.	DXTL Tseung Kwan O Service (AS134548)	8
xu.ge	Alibaba US Technology Co., Ltd. (AS45102)	1
AMAZON-02	JSC Silknet (AS35805)	1
unknown	Hetzner Online GmbH (AS24940)	7
sauketeso.ge	Georgian Technical University (AS29289)	1
hex.ge	Hetzner Online GmbH (AS24940)	2
ascio.com	INCAPSULA (AS19551)	1
cpanel.ge	Connect Ltd. (AS197229)	2
Georgian Research and Educational Networking Association (GRENA)	FLY (AS40509)	1
CLOUDFLARENET	NETWORK-SOLUTIONS-HOSTING (AS19871)	7
Hetzner Online GmbH	TimeWeb LLC (AS9123)	2
linode.com	Hetzner Online GmbH (AS24940)	3
qplex.ru	JSC Mediasoft ekspert (AS48347)	1
wix.com	Wix.com Ltd. (AS58182)	2
bsgeorgia.ge	OVH SAS (AS16276)	1
creatium.io	Ddos-guard Ltd (AS57724)	1
AMAZON-02	OVH SAS (AS16276)	3
CLOUDFLARENET	Connect Ltd. (AS197229)	5
homework.ge	Hetzner Online GmbH (AS24940)	1
CLOUDFLARENET	Alibaba US Technology Co., Ltd. (AS45102)	2
SECURITYSERVICES	Liquid Telecommunications Ltd (AS30844)	1
1host.kz	PS Internet Company LLP (AS48716)	1
NUCDN	MICROSOFT-CORP-MSN-AS-BLOCK (AS8075)	1
rightsdns.com	GOOGLE-CLOUD-PLATFORM (AS396982)	1
domserver.de	InterNetX GmbH (AS15456)	1
Proservice LLC	Tilda Publishing Ltd. (AS205282)	2
CLOUDFLARENET	Akamai Connected Cloud (AS63949)	11
gransy.com	Tencent Building, Kejizhongyi Avenue (AS132203)	1
riconnect.de	ORACLE-BMC-31898 (AS31898)	1
cpanel.ge	Ministry of Justice of Georgia (AS58185)	1
site4now.net	Host Europe GmbH (AS8972)	2
tekrom.com	SOFTLAYER (AS36351)	1
softlayer.com	DIGITALOCEAN-ASN (AS14061)	1
Magticom Ltd.	Strato GmbH (AS6724)	1
Host Europe GmbH	GO-DADDY-COM-LLC (AS400754)	1
routing.net	Hetzner Online GmbH (AS24940)	1
MICROSOFT-CORP-MSN-AS-BLOCK	A2HOSTING (AS55293)	1
regzone.cz	ZONER a.s. (AS34222)	1
growcapital.ge	Cloud 9 Ltd. (AS57814)	1
solidhosting.pro	AS-VULTR (AS20473)	2
serverlet.com	OVH SAS (AS16276)	1
Host Europe GmbH	Georgian Research and Educational Networking Association (GRENA) (AS20545)	9
Georgian Research and Educational Networking Association (GRENA)	JSC Silknet (AS35805)	6
CLOUDFLARENET	LLC Ordunet (AS203136)	16
allo-heberge.com	AZNET s.a.r.l. (AS44976)	1
1cloud.ru	JSC IOT (AS29182)	2
MICROSOFT-CORP-MSN-AS-BLOCK	Akenes SA (AS61098)	1
servidoresdns.net	IONOS SE (AS8560)	1
netim.net	Contabo GmbH (AS51167)	1
YANDEX LLC	Domain names registrar REG.RU, Ltd (AS197695)	1
Georgian Research and Educational Networking Association (GRENA)	SmartITUP LLC (AS212484)	2
dnsynergy.org	Synergy University (AS35387)	1
routing.net	Hosting.de GmbH (AS12574)	2
sda.ge	LEPL Digital Governance Agency (AS200568)	1
root.ge	Caucasus Online Ltd. (AS20771)	1
7facade.ge	Contabo GmbH (AS51167)	1
Magticom Ltd.	Cloudflare London, LLC (AS209242)	2
Georgian Research and Educational Networking Association (GRENA)	RENDER (AS397273)	3
Akamai International B.V.	DEERE (AS10846)	2
MICROSOFT-CORP-MSN-AS-BLOCK	Moka United Odeme Hizmetleri Ve Elektronik Para Kurulusu A.s (AS43677)	1
primetrans.ge	OVH SAS (AS16276)	1
icreative.ge	Hetzner Online GmbH (AS24940)	3
websector.ge	Akamai Connected Cloud (AS63949)	2
global-erty.net	JSC Global Erty (AS34666)	1
cpanel.ge	Ddos-guard Ltd (AS57724)	2
hostgator.com	ORACLE-BMC-31898 (AS31898)	1
umi.ru	Edinaya Set Limited Liability Company (AS39134)	1
cnet.kz	Vodafone Net Iletisim Hizmetler AS (AS15924)	2
decomart.ge	Hetzner Online GmbH (AS24940)	1
safebrands.com	MICROSOFT-CORP-MSN-AS-BLOCK (AS8075)	1
banahosting.com	SERVERCENTRAL (AS23352)	1
parspack.co	Leaseweb Deutschland GmbH (AS28753)	1
proservice.ge	Host Europe GmbH (AS21499)	2
DIGICERT	GOOGLE (AS15169)	2
name.com	SOFTLAYER (AS36351)	2
registrar-servers.com	EVANZO e-commerce GmbH (AS42730)	1
imc-world.com	Hetzner Online GmbH (AS24940)	5
intel.com	INTEL-SC-AS (AS4983)	1
ns14.net	InterNetX GmbH (AS15456)	2
rrpproxy.net	AMAZON-02 (AS16509)	1
sprinthost.net	Sprinthost.ru LLC (AS35278)	3
introdns.com	Tngnet B.v. (AS47690)	1
ifastnet.com	Wildcard UK Limited (AS34119)	3
atakdomain.com	Ddos-guard Ltd (AS57724)	1
bot.local	JSC Silknet (AS35805)	1
Host Europe GmbH	UNIFIEDLAYER-AS-1 (AS46606)	1
AMAZON-02	JSC Corp Soft (AS39337)	1
proservice.ge	Zomro B.V. (AS204601)	2
cpanel.ge	GOOGLE (AS15169)	2
alastyr.com	Alastyr Telekomunikasyon A.S. (AS3188)	3
dnshost.net	GleSYS AB (AS42708)	2
xc-ns.de	AMAZON-02 (AS16509)	1
CLOUDFLARENET	LLC Tegeta Motors (AS200488)	3
plusserver.com	PlusServer GmbH (AS61157)	1
portsdns.net	CSC (AS19574)	1
dvb4all.com	Internet Invest, Ltd. (AS28907)	3
messagingengine.com	Fastmail Pty Ltd (AS151847)	3
proservice.ge	PRO-ZETA a.s. (AS60606)	1
AMAZON-02	Innovative IT Solutions LLC (AS215601)	1
CLOUDFLARENET	AS-COLOCROSSING (AS36352)	1
3m.com	AMAZON-02 (AS16509)	1
checkdomain.de	Xirra GmbH (AS51191)	1
JSC Silknet	JSC Silknet (AS42082)	2
gogo-host.net	Hetzner Online GmbH (AS24940)	1
omnis.com	OMNIS (AS19237)	1
socar.ge	Cloud 9 Ltd. (AS57814)	1
supplygeorgia.ge	Hetzner Online GmbH (AS24940)	1
astraserver.com	OVH SAS (AS16276)	3
ovh.ca	OVH SAS (AS16276)	2
Georgian Research and Educational Networking Association (GRENA)	GOOGLE (AS15169)	1
monotix.pl	Hetzner Online GmbH (AS24940)	1
ford.com	Proservice LLC (AS47810)	1
CLOUDFLARENET	Magticom Ltd. (AS16010)	13
svhost.by	Megadata LLC (AS206428)	1
internex.at	InterNetworX Management GmbH (AS48596)	1
mvmnet.com	Moviement srl (AS49073)	1
DIGICERT	DIGITALOCEAN-ASN (AS14061)	2
webmedsrv01.	Caucasus Online Ltd. (AS20771)	1
safenames.com	Geonet Ltd. (AS21214)	1
nska.net	OVH SAS (AS16276)	1
MICROSOFT-CORP-MSN-AS-BLOCK	JSC Insurance Company Aldagi (AS201141)	2
AMAZON-02	Massivegrid Ltd (AS49683)	1
mutli.ge	WHG Hosting Services Ltd (AS209341)	3
net.ge	LLC Service (AS35076)	1
autoroom.ge	Contabo GmbH (AS51167)	1
proservice.ge	Hostinger International Limited (AS47583)	5
abdns.biz	Aruba S.p.A. (AS31034)	2
MICROSOFT-CORP-MSN-AS-BLOCK	JSC Silknet (AS35805)	2
domforce.com	Team Internet AG (AS61969)	1
digicertdns.com	CLOUDFLARENET (AS13335)	1
globalcell.ge	Proservice LLC (AS47810)	1
easyex.ge	Hetzner Online GmbH (AS24940)	1
hostgator.com	NAMECHEAP-NET (AS22612)	1
beeline.ge	Cellfie Mobile LLC (AS41738)	1
contabo.net	NL-811-40021 (AS40021)	2
proservice.ge	P.a.g.m. Ou (AS198068)	1
cgc.ge	LTD CGC Co (AS49129)	3
onlydomains.com	AMAZON-02 (AS16509)	1
Beget LLC	ADCIL-ASN-01 (AS401152)	1
MICROSOFT-CORP-MSN-AS-BLOCK	Wix.com Ltd. (AS58182)	1
co.ge	Caucasus Online Ltd. (AS20771)	2
HURRICANE	Domain names registrar REG.RU, Ltd (AS197695)	3
dnsimple.com	METANET AG (AS21069)	1
markmonitor.com	UBIMET GmbH (AS209571)	1
flexbe.com	Hetzner Online GmbH (AS24940)	3
whs.ee	RJ Network OU (AS202759)	3
SECURITYSERVICES	ASN-FLEXENTIAL (AS13649)	1
epag.net	EPAG Domainservices GmbH (AS12915)	1
homefinder.ge	Hetzner Online GmbH (AS24940)	1
emirates.com	AMAZON-02 (AS16509)	1
G-Core Labs S.A.	High Family Technology Co., Limited (AS142032)	2
tursa.ge	Hetzner Online GmbH (AS24940)	1
gglhost.com	Nova Hosting Ve Bilisim Teknolojileri A.s. (AS214823)	1
edrive-hosting.cz	GOOGLE-CLOUD-PLATFORM (AS396982)	1
hostns.io	Enix Ltd (AS52148)	4
cpanel.ge	Hetzner Online GmbH (AS24940)	2
leadconsulting.ge	Cloud 9 Ltd. (AS57814)	1
MICROSOFT-CORP-MSN-AS-BLOCK	Umdasch Group AG (AS3201)	1
proservice.ge	Legal Entity Under Public Law Financial Analytical Service (AS198561)	1
cloudns.net	JSC IOT (AS29182)	1
PRIVATESYSTEMS	PRIVATESYSTEMS (AS63410)	5
SCAAM0001	TimeWeb LLC (AS9123)	1
siel.si	AMAZON-02 (AS16509)	1
tld.pl	Cyber_Folks S.A. (AS43758)	1
passporttbilisi.ge	Cloud 9 Ltd. (AS57814)	1
mydomain.com	BIZLAND-SD (AS29873)	1
wedos.com	AMAZON-02 (AS16509)	1
cyberfolks.ro	Cyber_Folks SRL (AS44043)	1
Hangzhou Alibaba Advertising Co.,Ltd.	OVH SAS (AS16276)	1
twincloudhost.com	UK Dedicated Servers Limited (AS42831)	2
AMAZON-02	Odrex Software LLC (AS202223)	1
dn-s.nl	Signet B.V. (AS20857)	1
phpweb.ge	Contabo GmbH (AS51167)	3
dnspod.net	LUCIDACLOUD LIMITED (AS139659)	1
HURRICANE	LTD CGC Co (AS49129)	4
server.my	Advin Services LLC (AS206216)	1
daposte.ge	Cloud 9 Ltd. (AS57814)	3
wpdns.host	AS-VULTR (AS20473)	1
petrastar.ge	OVH SAS (AS16276)	1
proservice.ge	Cizgi Telekomunikasyon Anonim Sirketi (AS34619)	1
gnerc.ge	JSC Silknet (AS35805)	1
keymachine.pro	Keyweb AG (AS31103)	1
Magticom Ltd.	SUCURI-SEC (AS30148)	1
uploads.ge	Contabo GmbH (AS51167)	2
netbreeze.net	Hetzner Online GmbH (AS24940)	1
webpro.ge	Contabo GmbH (AS51167)	1
CLOUDFLARENET	Qrator Labs CZ s.r.o. (AS209671)	2
cpanel.ge	A2HOSTING (AS55293)	2
itcs-georgia.com	Magticom Ltd. (AS16010)	3
SECURITYSERVICES	BAYER-ARCH (AS23167)	1
newspage.ge	SysNet LLC (AS210850)	1
wp724.com	Cizgi Telekomunikasyon Anonim Sirketi (AS42807)	1
CLOUDFLARENET	Republican Unitary Telecommunication Enterprise Beltelecom (AS6697)	1
Proservice LLC	UNIFIEDLAYER-AS-1 (AS46606)	1
hackerone.com	CLOUDFLARENET (AS13335)	1
asyasoftware.ge	Contabo GmbH (AS51167)	4
Iomart Cloud Services Limited	Iomart Cloud Services Limited (AS20860)	7
Proservice LLC	Odrex Software LLC (AS202223)	1
abao.ge	Hetzner Online GmbH (AS24940)	1
GOOGLE	Cloud 9 Ltd. (AS57814)	4
lemarit.de	Liebherr-IT Services GmbH (AS30915)	1
CLOUDFLARENET	BitCommand LLC (AS212552)	1
gov.ge	Ministry of Internal Affairs (AS56855)	4
justhost.com	UNIFIEDLAYER-AS-1 (AS46606)	2
gov.ge	LEPL Digital Governance Agency (AS200568)	3
registrar-servers.com	Georgian Research and Educational Networking Association (GRENA) (AS20545)	1
MICROSOFT-CORP-MSN-AS-BLOCK	Host Europe GmbH (AS21501)	1
directadminhostserver.com	UK Dedicated Servers Limited (AS42831)	1
ip-ns.net	OVH SAS (AS16276)	1
Host Europe GmbH	Cloudflare London, LLC (AS209242)	1
sovahost.net	OVH SAS (AS16276)	1
wwe.com	AMAZON-AES (AS14618)	1
CLOUDFLARENET	COGENT-174 (AS174)	1
proservice.ge	OVH SAS (AS16276)	4
hostven03.com	Arvid Logicum OU (AS202376)	1
grt.ge	Railway Telecom, Ltd (AS41877)	1
glipac.ch	Bluewin (AS3303)	1
crack.ge	Magticom Ltd. (AS16010)	4
nscluster.eu	AMAZON-02 (AS16509)	1
proservice.ge	UGT LLC (AS208744)	1
CLOUDFLARENET	Support Chain LLC (AS60591)	1
OVH SAS	LIMESTONENETWORKS (AS46475)	1
ha.rs	Mainstream doo Beograd (AS51859)	1
cloudns.net	JSC Insurance Company GPI Holding (AS215463)	2
benefica.ge	Cloud 9 Ltd. (AS57814)	2
gym80.ge	Leaseweb Deutschland GmbH (AS28753)	1
checkdomain.de	Hetzner Online GmbH (AS24940)	1
co.uk	MICROSOFT-CORP-MSN-AS-BLOCK (AS8075)	1
musdns.de	Hetzner Online GmbH (AS24940)	1
nameshield.net	Equinix (EMEA) Acquisition Enterprises B.V. (AS15830)	1
Cloud 9 Ltd.	Hostinger International Limited (AS47583)	2
Magticom Ltd.	Globecomm Europe B.V. (AS24753)	1
proservice.ge	Contabo GmbH (AS51167)	1
CLOUDFLARENET	SERVERS-COM (AS7979)	2
globvill.de	Global Village GmbH (AS13039)	1
Beget LLC	Nls Astana Llp (AS205516)	1
ns-smart.com	Dinova Srl (AS200760)	1
carvo.ge	Hetzner Online GmbH (AS24940)	1
myws.ca	AS-VULTR (AS20473)	1
Hangzhou Alibaba Advertising Co.,Ltd.	UCLOUD INFORMATION TECHNOLOGY HK LIMITED (AS135377)	1
com.br	DIMENOC SERVICOS DE INFORMATICA LTDA (AS53055)	1
wfolio.com	Haicom Limited (AS48988)	1
dynect.net	ORACLE-BMC-31898 (AS31898)	1
liuhua.net	xTom Japan Corporation (AS3258)	1
ilikeit.ge	Magticom Ltd. (AS16010)	1
admi.ge	Cloud 9 Ltd. (AS57814)	1
yahoo.com	AMAZON-02 (AS16509)	1
ajaratv.ge	Georgian Research and Educational Networking Association (GRENA) (AS20545)	1
Proservice LLC	Hostinger International Limited (AS47583)	3
tasarimdunyasi.net	ADEOXTECH (AS397563)	1
mywordpress.cloud	Hetzner Online GmbH (AS24940)	2
iptwins.com	OVH SAS (AS16276)	3
Magticom Ltd.	PrJSC VF UKRAINE (AS21497)	1
mediatemple.net	GO-DADDY-COM-LLC (AS398101)	1
proservice.ge	NAMECHEAP-NET (AS22612)	1
sys.ge	GOOGLE-CLOUD-PLATFORM (AS396982)	1
opportunity.de	Aixit GmbH (AS29551)	1
GANDI SAS	AMAZON-02 (AS16509)	1
speedydns.net	UNIFIEDLAYER-AS-1 (AS46606)	1
inmotionhosting.com	IMH-IAD (AS54641)	8
Iomart Cloud Services Limited	UK Dedicated Servers Limited (AS42831)	1
CLOUDFLARENET	Dimension Network & Communication Limited (AS59371)	9
top.ge	Cloud 9 Ltd. (AS57814)	2
webhostbox.net	UNIFIEDLAYER-AS-1 (AS46606)	2
ns14.net	Mandala Internet EDV Service GmbH (AS12460)	1
AMAZON-02	AUTOMATTIC (AS2635)	4
G-Core Labs S.A.	MULTA-ASN1 (AS35916)	1
CLOUDFLARENET	Lyse Tele (AS29695)	1
SECURITYSERVICES	Proservice LLC (AS47810)	1
ispvds.com	JSC IOT (AS29182)	1
unknown	LIMESTONENETWORKS (AS46475)	1
LLC Service	UGT LLC (AS208744)	1
Georgian Research and Educational Networking Association (GRENA)	SysNet LLC (AS210850)	1
creatium.app	Hetzner Online GmbH (AS24940)	2
claus.ro	AMAZON-02 (AS16509)	1
fornex.com	Datasource AG (AS51395)	1
CLOUDFLARENET	HVC-AS (AS29802)	1
serveriai.lt	AMAZON-02 (AS16509)	1
do-ex.com	INTAC Services GmbH (AS44076)	1
famfo.xyz	Hetzner Online GmbH (AS24940)	1
dotster.com	CONFLUENCE-NETWORK-INC (AS40034)	1
timeweb.org	PS Internet Company LLP (AS48716)	1
Georgian Research and Educational Networking Association (GRENA)	UpCloud Ltd (AS202053)	1
IS-AS-1	AMAZON-02 (AS16509)	1
turhost.com	Cizgi Telekomunikasyon Anonim Sirketi (AS42807)	1
Hetzner Online GmbH	AS-VULTR (AS20473)	1
truehostdns.com	AS-30083-US-VELIA-NET (AS30083)	1
mosigra.ru	Yandex.Cloud LLC (AS200350)	1
efapel.pt	Dominios, S.A. (AS33876)	1
proservice.ge	Alibaba US Technology Co., Ltd. (AS45102)	3
JSC Kor Standard Bank	JSC Kor Standard Bank (AS62252)	4
sherlockhost.ru	JSC IOT (AS29182)	1
registrar-servers.com	Railway Telecom, Ltd (AS41877)	1
AMAZON-02	Hosting Ukraine LTD (AS200000)	2
IONOS SE	AMAZON-02 (AS16509)	1
proservice.ge	AS-VULTR (AS20473)	1
interna.me	IONOS SE (AS8560)	1
imeri.ge	Contabo GmbH (AS51167)	1
mediaart.ge	Contabo GmbH (AS51167)	1
Host Europe GmbH	AS-26496-GO-DADDY-COM-LLC (AS26496)	5
Host Europe GmbH	MICROSOFT-CORP-MSN-AS-BLOCK (AS8075)	3
edge.network	AMAZON-02 (AS16509)	1
ico.ge	Cloud 9 Ltd. (AS57814)	1
Hosting Ukraine LTD	OVH SAS (AS16276)	1
coral.ru	INCAPSULA (AS19551)	1
hostgator.com	LLC Skytel (AS49628)	3
mirpack.ru	JSC Selectel (AS49505)	1
instradns.com	OVH SAS (AS16276)	1
Georgian Research and Educational Networking Association (GRENA)	IONOS SE (AS8560)	1
vinyl.ge	Cloud 9 Ltd. (AS57814)	2
sec-ns.de	PlusServer GmbH (AS61157)	2
fozzy.com	WZ-US-40824 (AS40824)	2
miau.cc	HVC-AS (AS29802)	1
gochi.ge	Hetzner Online GmbH (AS24940)	1
Caucasus Digital Network LTD	OVH SAS (AS16276)	1
Host Europe GmbH	Hetzner Online GmbH (AS24940)	2
NETWORK-SOLUTIONS-HOSTING	NETWORK-SOLUTIONS-HOSTING (AS19871)	8
interhost.ge	Enix Ltd (AS52148)	2
Caucasus Digital Network LTD	SINGLEHOP-LLC (AS32475)	1
Georgian Research and Educational Networking Association (GRENA)	JSC IOT (AS29182)	3
NSONE	COGENT-174 (AS174)	1
mcafee.com	AMAZON-02 (AS16509)	1
klubnika.ge	Magticom Ltd. (AS16010)	1
managed-vps.net	SCALAHOSTING (AS40476)	2
CLOUDFLARENET	IT-adjutor GbR (AS213527)	2
owexxhosting.com	Telia Lietuva, AB (AS43811)	1
markmonitor.com	CSC Administrative Services Limited (AS34922)	1
advocatory.ge	Hetzner Online GmbH (AS24940)	1
CLOUDFLARENET	dataforest GmbH (AS58212)	1
dns.com	GNET INC. (AS9294)	4
ps.kz	PS Internet Company LLP (AS48716)	2
ORACLE-BMC-31898	ORACLE-BMC-31898 (AS31898)	2
nazwa.pl	Nazwa.pl Sp.z.o.o. (AS15967)	1
CLOUDFLARENET	RENDER (AS397273)	4
Proservice LLC	Ministry of Environmental Protection and Agriculture of Georgia (AS212398)	1
hostgator.com	Scalaxy B.V. (AS58061)	1
LLC VK	Ddos-guard Ltd (AS57724)	2
xundns.com	NEBULA (AS140224)	1
CLOUDFLARENET	TrueFullstaq B.V. (AS15703)	1
MICROSOFT-CORP-MSN-AS-BLOCK	Roedl & Partner GmbH Wirtschaftspruefungsgesellschaft (AS212225)	1
AMAZON-02	ORACLE-BMC-31898 (AS31898)	1
123ns.de	Caucasus Online Ltd. (AS20771)	1
masterhost.ru	JSC Mediasoft ekspert (AS48347)	1
court.ge	High Council of Justice of Georgia LEPL DEPARTMENT OF COMMON COURTS (AS209332)	1
CLOUDFLARENET	Internet Invest, Ltd. (AS28907)	1
Georgian Research and Educational Networking Association (GRENA)	Connect Ltd. (AS197229)	1
Georgian Research and Educational Networking Association (GRENA)	GOOGLE-CLOUD-PLATFORM (AS396982)	4
platformalp.ru	JSC Selectel (AS50340)	2
wfolio.com	JSC Selectel (AS50340)	2
SECURITYSERVICES	AMAZON-AES (AS14618)	2
etcnameserver.com	HVC-AS (AS29802)	1
awardspace.com	Zetta Hosting Solutions LLC. (AS44476)	3
gov.ge	Georgianairlink LLC (AS209046)	1
it4profit.com	UAB Baltnetos komunikacijos (AS15440)	1
zanagro.ge	OVH SAS (AS16276)	1
Magticom Ltd.	Cloud 9 Ltd. (AS57814)	2
Caucasus Digital Network LTD	Caucasus Digital Network LTD (AS24997)	1
cpanel.ge	Magticom Ltd. (AS16010)	3
site.pro	TimeWeb LLC (AS9123)	3
Iomart Cloud Services Limited	Wix.com Ltd. (AS58182)	1
ifastnet.com	CLOUDFLARENET (AS13335)	1
CLOUDFLARENET	Cloudie Limited (AS55933)	1
Magticom Ltd.	AS-VULTR (AS20473)	1
httpcoffee.ge	AS-VULTR (AS20473)	1
infoserve.de	gridscale GmbH (AS29423)	1
cpanel.ge	GOOGLE-CLOUD-PLATFORM (AS396982)	1
sitepackage.name	InterNetX GmbH (AS15456)	1
nic.ru	Caucasus Online Ltd. (AS20771)	1
SECURITYSERVICES	CLOUDFLARENET (AS13335)	1
MICROSOFT-CORP-MSN-AS-BLOCK	Hostinger International Limited (AS47583)	1
cretaforce.gr	Hetzner Online GmbH (AS24940)	2
example.ltd	Hetzner Online GmbH (AS24940)	3
portsdns.net	FASTLY (AS54113)	1
ddg.ge	JSC Georgian Card (AS48415)	1
vipgeorgia.ge	Cloud 9 Ltd. (AS57814)	1
westgroup.ge	Hetzner Online GmbH (AS24940)	1
Host Europe GmbH	GEARHOST (AS40728)	1
G-Core Labs S.A.	Tencent Building, Kejizhongyi Avenue (AS132203)	2
bmlg.eu	Zone Media OU (AS49604)	1
hostgator.com	Cloud 9 Ltd. (AS57814)	1
boom.ge	Proservice LLC (AS47810)	2
cloudns.net	IONOS SE (AS8560)	1
tokyo.ge	Hetzner Online GmbH (AS24940)	1
dig.com	DISNEYONLINE-AS (AS8137)	3
thevpsserver.com	Hetzner Online GmbH (AS24940)	1
Magticom Ltd.	Contabo GmbH (AS51167)	1
netangels.ru	Internet-Pro LLC (AS44128)	1
energymotors.ge	Hetzner Online GmbH (AS24940)	1
CLOUDFLARENET	Datacamp Limited (AS60068)	1
Magticom Ltd.	Caucasus Online Ltd. (AS20771)	3
introdns.com	Individual Entrepreneur Anton Levin (AS50053)	1
register.ch	Combell NV (AS34762)	1
dns-ozkula.com	Ozkula Internet Hizmetleri Tic. LTD. STI. (AS211859)	1
SECURITYSERVICES	Bayerische Motoren Werke Aktiengesellschaft (AS8590)	1
JSCB Bank of Georgia	IONOS SE (AS8560)	1
JSC Silknet	GO-DADDY-COM-LLC (AS398101)	1
SECURITYSERVICES	OVH SAS (AS16276)	2
CLOUDFLARENET	XNNET (AS932)	1
SECURITYSERVICES	COGECO-PEER1 (AS13768)	1
nic.ru	Limited Liability Company HeadHunter (AS47724)	1
Georgian Research and Educational Networking Association (GRENA)	Ministry of Internal Affairs (AS56855)	1
palagroup.ge	Hetzner Online GmbH (AS24940)	1
proservice.ge	AIRNET LLC (AS199469)	1
hostingcentar.com	Hetzner Online GmbH (AS24940)	1
com.tr	Dgn Teknoloji A.s. (AS43260)	1
123ns.de	'ingenit GmbH & Co. KG' (AS57376)	3
Host Europe GmbH	SUCURI-SEC (AS30148)	1
websilin.com	Netinternet Bilisim Teknolojileri AS (AS51559)	1
nic.ru	Servicepipe LLC (AS201706)	1
level3.ge	Hetzner Online GmbH (AS24940)	1
dns82.info	PE Freehost (AS42331)	1
Georgian Research and Educational Networking Association (GRENA)	Enbinet Ltd. (AS209743)	1
nic.ru	AMAZON-02 (AS16509)	1
cloudhosting.net	Krystal Hosting Ltd (AS12488)	1
Georgian Research and Educational Networking Association (GRENA)	Scaleway S.a.s. (AS12876)	2
smartitup.ge	CLOUDFLARENET (AS13335)	1
Hetzner Online GmbH	UGT LLC (AS208744)	1
od.ua	Hetzner Online GmbH (AS24940)	1
AMAZON-02	SQUARESPACE (AS53831)	1
linode.com	DIGITALOCEAN-ASN (AS14061)	1
steadyhoster.com	LeaseWeb Netherlands B.V. (AS60781)	1
mvps-hosted.com	MVPS LTD (AS202448)	1
UGT LLC	UGT LLC (AS204498)	2
sys.ge	LLC Skytel (AS49628)	1
a-z.az	Hetzner Online GmbH (AS24940)	1
JSC Silknet	JSCB Bank of Georgia (AS48393)	1
AMAZON-02	JSC MFI IntelExpress (AS51841)	1
hostiman.ru	OVH SAS (AS16276)	1
porsche.asia	Dr. Ing. h.c. F. Porsche AG (AS33848)	1
delta-net.ge	Delta Comm LLC (AS44327)	1
ultradns.biz	MICROSOFT-CORP-MSN-AS-BLOCK (AS8075)	1
AMAZON-02	Superbet 2014, Ltd (AS201651)	1
Georgian Research and Educational Networking Association (GRENA)	Caucasus Online Ltd. (AS20771)	4
register.it	Fastweb (AS12874)	1
penki.lt	Penkiu kontinentu komunikaciju centras, Ltd. (AS21211)	1
AMAZON-02	JSC ProCredit Bank (AS203962)	1
pitstop.ge	Alternet Ltd (AS49254)	1
kavkasiatv.ge	Cloud 9 Ltd. (AS57814)	1
MICROSOFT-CORP-MSN-AS-BLOCK	Cloud 9 Ltd. (AS57814)	3
registrar-servers.com	Connect Ltd. (AS197229)	1
MICROSOFT-CORP-MSN-AS-BLOCK	GOOGLE-CLOUD-PLATFORM (AS396982)	1
CLOUDFLARENET	MVPS LTD (AS202448)	1
G-Core Labs S.A.	POWER LINE DATACENTER (AS132839)	2
iphoster.net	OVH SAS (AS16276)	1
proservice.ge	GOOGLE (AS15169)	2
carrier.com	CLOUDFLARENET (AS13335)	1
LLC VK	Odrex Software LLC (AS202223)	1
SECURITYSERVICES	Cloudflare London, LLC (AS209242)	1
tech2.ge	Hetzner Online GmbH (AS24940)	1
Hangzhou Alibaba Advertising Co.,Ltd.	High Family Technology Co., Limited (AS142032)	1
MICROSOFT-CORP-MSN-AS-BLOCK	Tilda Publishing Ltd. (AS205282)	1
stablehost.com	UpCloud Ltd (AS202053)	1
eastgategroup.ge	Georgian Research and Educational Networking Association (GRENA) (AS20545)	2
dihome.ge	Hetzner Online GmbH (AS24940)	1
proservice.ge	Cloudflare London, LLC (AS209242)	2
CLOUDFLARENET	UAB Baltnetos komunikacijos (AS15440)	1
netangels.ru	AMAZON-02 (AS16509)	1
comcom.ge	Cloud 9 Ltd. (AS57814)	2
memories.ge	Cloud 9 Ltd. (AS57814)	2
tsu.ge	Georgian Research and Educational Networking Association (GRENA) (AS20545)	3
namepros-dns.com	AMAZON-AES (AS14618)	2
bunny.net	Datacamp Limited (AS60068)	1
Magticom Ltd.	AMAZON-AES (AS14618)	1
ns1.	Contabo GmbH (AS51167)	1
net.ge	Geonet Ltd. (AS21214)	2
ipcom GmbH	Team Blue Carrier Limited (AS29550)	1
geber.io	Hetzner Online GmbH (AS24940)	1
superblock.net	ATT-INTERNET4 (AS7018)	1
website.com	OVH SAS (AS16276)	1
smartbuy.ge	Cloud 9 Ltd. (AS57814)	1
Georgian Research and Educational Networking Association (GRENA)	Ministry of Environmental Protection and Agriculture of Georgia (AS212398)	1
Hetzner Online GmbH	LTD Sky-Net (AS199045)	1
MICROSOFT-CORP-MSN-AS-BLOCK	Georgian Research and Educational Networking Association (GRENA) (AS20545)	3
realpalace.ge	DIGITALOCEAN-ASN (AS14061)	1
cpanel.ge	SQUARESPACE (AS53831)	1
smilehub.ge	Contabo GmbH (AS51167)	1
insales.ru	HLL LLC (AS51115)	2
systemnet.ge	System Net Ltd (AS34797)	2
MICROSOFT-CORP-MSN-AS-BLOCK	Hostland LTD (AS62082)	1
hayas.ru	HLL LLC (AS51115)	1
Caucasus Online Ltd.	SQUARESPACE (AS53831)	1
alta-hosting.ru	Stack Group, LLC (AS200044)	1
Host Europe GmbH	Proservice LLC (AS47810)	3
jonva.ge	Hetzner Online GmbH (AS24940)	1
DIGITALOCEAN-ASN	Hetzner Online GmbH (AS24940)	1
vshosting.cloud	VSHosting s.r.o. (AS43541)	1
fasttrackdns.com	GOOGLE-CLOUD-PLATFORM (AS396982)	1
netim.net	OVH SAS (AS16276)	2
web.tr	Onur Ekren (AS203576)	1
JSC Selectel	Haicom Limited (AS48988)	1
CLOUDFLARENET	JSC Selectel (AS49505)	1
alnadeko.com	SINGLEHOP-LLC (AS32475)	1
centos-webpanel.com	UGT LLC (AS208744)	2
Host Europe GmbH	Tinext Cloud SA (AS197352)	1
maxxelle.ge	Hetzner Online GmbH (AS24940)	1
ipcom GmbH	Mittwald CM Service GmbH & Co. KG (AS15817)	1
CLOUDFLARENET	Noah Kolossa (AS199414)	1
CLOUDFLARENET	Beget LLC (AS198610)	1
us.lt	UAB Interneto vizija (AS212531)	1
digicertdns.com	SOFTLAYER (AS36351)	1
com.ge	IWEB-AS (AS32613)	1
enter-system.com	AMAZON-02 (AS16509)	1
YANDEX LLC	LLC Smart Ape (AS56694)	1
bazario.ge	DIGITALOCEAN-ASN (AS14061)	1
u-telcom.net	State Audit Office of Georgia (AS208883)	2
Host Europe GmbH	Host Europe GmbH (AS34011)	1
proservice.ge	Delta Comm LLC (AS44327)	2
loopia.se	ACTIVE 24, s.r.o. (AS25234)	1
netim.net	Hetzner Online GmbH (AS24940)	1
lpmotor.ru	Servicepipe LLC (AS201706)	1
ip-51-81-56.us	OVH SAS (AS16276)	1
AMAZON-02	Vodafone GmbH (AS3209)	1
CLOUDFLARENET	Webhost LLC (AS44094)	1
dotnice.asia	AMAZON-02 (AS16509)	1
eskiz.net	Omur Bilisim Teknolojileri (AS205192)	1
Akamai International B.V.	Icewood LLC (AS201119)	1
Hetzner Online GmbH	DIGITALOCEAN-ASN (AS14061)	3
ford.com	Rackspace Ltd. (AS15395)	1
hyp.net	LeaseWeb Netherlands B.V. (AS60781)	1
fastcloud.ge	Proservice LLC (AS47810)	1
AMAZON-02	SQUIXA PTY LIMITED (AS136133)	2
CLOUDFLARENET	WEBNX (AS18450)	1
G-Core Labs S.A.	Beijing Shijihulian Yuntong Network Technology Co., Ltd. (AS136160)	1
zabec.net	Humanfrog d.o.o. (AS60435)	1
superintendent.ge	OVH SAS (AS16276)	1
Akamai International B.V.	MICROSOFT-CORP-MSN-AS-BLOCK (AS8075)	1
afraid.org	Magticom Ltd. (AS16010)	1
OVH SAS	Hetzner Online GmbH (AS24940)	2
contaboserver.net	Contabo GmbH (AS51167)	1
proservice.ge	LLC MARS (AS42223)	2
portsdns.net	Tele2 SWIPnet (AS1257)	2
registrar-servers.com	AS-VULTR (AS20473)	2
CLOUDFLARENET	Spartan Host Ltd (AS201106)	1
CLOUDFLARENET	netcup GmbH (AS214996)	1
dnspod.net	VPLSNET (AS35908)	1
DIGICERT	FASTLY (AS54113)	1
registrar-servers.com	MVPS LTD (AS202448)	1
websupport.sk	WebSupport s.r.o. (AS51013)	2
defaultserver.net	LEVELONESERVERS (AS398395)	1
admingroup.ua	Hetzner Online GmbH (AS24940)	1
gov.ge	Delta Comm LLC (AS44327)	2
dnsvisa.com	CLOUDFLARENET (AS13335)	1
host4.biz	Host4Biz sp. z o.o. (AS61251)	1
csgroup.ge	Akamai Connected Cloud (AS63949)	1
ns26.de	Pixel X e.K. (AS60380)	1
tmdcloud.com	SINGLEHOP-LLC (AS32475)	1
AMAZON-02	Neue Medien Muennich GmbH (AS34788)	1
scw.cloud	AMAZON-02 (AS16509)	1
cloudns.net	FLY (AS40509)	1
dnspod.net	ORACLE-BMC-31898 (AS31898)	1
youlook.ge	Proservice LLC (AS47810)	3
newlifegeorgia.com	Hetzner Online GmbH (AS24940)	1
Georgian Research and Educational Networking Association (GRENA)	3W Infra B.V. (AS60144)	1
Magticom Ltd.	GOOGLE (AS15169)	2
parktons.com	Gransy s.r.o. (AS60592)	2
1984.is	Stichting Hivos (AS60526)	1
NUCDN	Hetzner Online GmbH (AS24940)	1
kartonak.net	WHG Hosting Services Ltd (AS36454)	1
proservice.ge	JSC Global Erty (AS34666)	1
CLOUDFLARENET	Scaleway S.a.s. (AS12876)	1
GOOGLE	Magticom Ltd. (AS16010)	2
CLOUDFLARENET	OWEB Bilisim Teknolojileri A.S. (AS211871)	1
schoolbook.ge	Cloud 9 Ltd. (AS57814)	1
registrar-servers.com	DIGITALOCEAN-ASN (AS14061)	1
Magticom Ltd.	webgo GmbH (AS48324)	1
GANDI SAS	AMAZON-AES (AS14618)	1
hg.ge	UNIFIEDLAYER-AS-1 (AS46606)	1
GOOGLE	Connect Ltd. (AS197229)	1
runology.ge	Hetzner Online GmbH (AS24940)	1
MICROSOFT-CORP-MSN-AS-BLOCK	UNIFIEDLAYER-AS-1 (AS46606)	1
hostpoint.ch	Hostpoint AG (AS29097)	1
postgres.ge	Magticom Ltd. (AS16010)	1
NSONE	MICROSOFT-CORP-MSN-AS-BLOCK (AS8075)	1
cpanel.ge	SURF B.V. (AS1103)	1
primemarine.ge	OVH SAS (AS16276)	1
jino.ru	JSC RTComm.RU (AS8342)	1
CLOUDFLARENET	Alternet Ltd (AS49254)	1
dnsowner.com	Cenuta Telekomunikasyon Anonim Sirketi (AS213252)	1
CLOUDFLARENET	Webzilla B.V. (AS35415)	1
Proservice LLC	LLC Skytel (AS49628)	1
MICROSOFT-CORP-MSN-AS-BLOCK	NETWORK-SOLUTIONS-HOSTING (AS19871)	1
afraid.org	Hostinger International Limited (AS47583)	1
SECURITYSERVICES	Akamai International B.V. (AS33905)	1
hostgatorwebservers.com	UNIFIEDLAYER-AS-1 (AS46606)	1
MICROSOFT-CORP-MSN-AS-BLOCK	Geonet Ltd. (AS21214)	1
hostgator.com	CLOUDFLARENET (AS13335)	1
IONOS SE	Tilda Publishing Ltd. (AS205282)	1
proservice.ge	MBL International East Computerland-Kiev Ltd (AS200049)	1
no-ip.com	Magticom Ltd. (AS16010)	1
anyway.ge	Cloud 9 Ltd. (AS57814)	1
financial.ge	IONOS SE (AS8560)	1
hostgator.com	JSC Silknet (AS35805)	1
martaliwine.ge	DIGITALOCEAN-ASN (AS14061)	1
nic.ru	Hetzner Online GmbH (AS24940)	1
AMAZON-02	Hostkey B.v. (AS50867)	1
registrar-servers.com	Cloud 9 Ltd. (AS57814)	1
tinyurl.com	HURRICANE (AS6939)	1
top-news.ge	Hetzner Online GmbH (AS24940)	1
domainnetwork.se	GOOGLE-CLOUD-PLATFORM (AS396982)	1
creatium.io	JSC Selectel (AS50340)	1
uadns.com	Hetzner Online GmbH (AS24940)	1
conepuppy.com	GLOBALCOMPASS (AS22653)	1
YANDEX LLC	Georgian Research and Educational Networking Association (GRENA) (AS20545)	1
CLOUDFLARENET	Delta Comm LLC (AS44327)	1
AMAZON-02	Beget LLC (AS198610)	1
Proservice LLC	A2HOSTING (AS55293)	1
CLOUDFLARENET	UK-2 Limited (AS13213)	1
adminvps.net	Hostkey B.v. (AS57043)	1
AMAZON-02	AS-VULTR (AS20473)	1
ipcom GmbH	InterNetworX Management GmbH (AS48596)	6
veneto.ge	Cloud 9 Ltd. (AS57814)	1
Hetzner Online GmbH	IP-Projects GmbH & Co. KG (AS48314)	1
playnext.net	JSC Selectel (AS49505)	1
sanofi-synthelabo.com	AMAZON-02 (AS16509)	1
lord.ge	Hetzner Online GmbH (AS24940)	1
bnamed.eu	Opera Norway AS (AS39832)	1
ownmyserver.com	Contabo GmbH (AS51167)	1
MICROSOFT-CORP-MSN-AS-BLOCK	AMAZON-02 (AS16509)	4
Georgian Research and Educational Networking Association (GRENA)	Georgian Technical University (AS29289)	2
longway.ge	Hetzner Online GmbH (AS24940)	1
ruvds.com	JSC Mediasoft ekspert (AS48347)	1
sarafovo.eu	AMAZON-02 (AS16509)	1
soulageur.ge	JSC Oblcom (AS31225)	1
ihead.ru	MTS PJSC (AS8359)	1
infomaniak.ch	Free SAS (AS12322)	1
JSC Silknet	Caucasus Online Ltd. (AS20771)	1
Georgian Research and Educational Networking Association (GRENA)	Iomart Cloud Services Limited (AS20860)	1
SECURITYSERVICES	Mittwald CM Service GmbH & Co. KG (AS15817)	1
develop-wp.com	Arvid Logicum OU (AS202376)	1
nbc.ge	Superbet 2014, Ltd (AS201651)	1
netim.net	CLOUDFLARENET (AS13335)	1
CLOUDFLARENET	GOOGLE-2 (AS19527)	1
gatepass.ge	Host Europe GmbH (AS21499)	1
CLOUDFLARENET	Odrex Software LLC (AS202223)	1
ht-systems.ru	Citytelecom LLC (AS12616)	1
Hetzner Online GmbH	OVH SAS (AS16276)	1
LLC VK	LLC VK (AS47764)	1
zenbox.pl	Beyond.pl sp. z o.o. (AS31229)	1
UGT LLC	Cloud 9 Ltd. (AS57814)	1
combell.net	Combell NV (AS34762)	1
Georgian Research and Educational Networking Association (GRENA)	Akamai Connected Cloud (AS63949)	1
cpanel.ge	UGT LLC (AS208744)	2
CLOUDFLARENET	Real Estate of Georgia JSC (AS208603)	1
Expert Solutions Georgia LLC	Expert Solutions Georgia LLC (AS21276)	1
Akamai International B.V.	TDC Holding A/S (AS3292)	1
waaf.net	Gaertner Datensysteme GmbH & Co. KG (AS24956)	1
IS-AS-1	Caucasus Online Ltd. (AS20771)	1
imge.one	Virtual Systems LLC (AS6698)	1
CLOUDFLARENET	WorldStream B.V. (AS49981)	1
hostgator.com	Proservice LLC (AS47810)	1
transroad.ge	OVH SAS (AS16276)	1
GOOGLE	A2HOSTING (AS55293)	1
Magticom Ltd.	Plus.line AG (AS12306)	1
CLOUDFLARENET	METANET AG (AS21069)	1
Hangzhou Alibaba Advertising Co.,Ltd.	IncomparableHKNetwork Co., Limited (AS141159)	1
CLOUDFLARENET	MULTA-ASN1 (AS35916)	1
cyon.ch	cyon GmbH (AS47302)	1
CLOUDFLARENET	TERA-BYTE (AS13911)	1
hydromet.ge	OVH SAS (AS16276)	1
gcdn.services	Georgian Research and Educational Networking Association (GRENA) (AS20545)	2
ultahost.com	HAWKHOST (AS20068)	1
thinline.cz	PRO-ZETA a.s. (AS60606)	1
dns-olimp.com	Cloudflare London, LLC (AS209242)	1
mainnameserver.com	Heart Internet limited (AS20738)	1
izajans.com	Hetzner Online GmbH (AS24940)	1
ma.local	xneelo (AS37153)	1
gov.ge	Proservice LLC (AS47810)	1
bitmex.network	AMAZON-02 (AS16509)	1
areaenterprises.ge	Hetzner Online GmbH (AS24940)	1
bds.ge	Cloud 9 Ltd. (AS57814)	1
GANDI SAS	SQUARESPACE (AS53831)	1
netflix.net	AMAZON-02 (AS16509)	1
imanmedia.ge	Proservice LLC (AS47810)	1
alibabadns.com	Alibaba US Technology Co., Ltd. (AS45102)	1
Cloud DNS Ltd	GOOGLE-CLOUD-PLATFORM (AS396982)	3
CLOUDFLARENET	AS40676 (AS40676)	1
hostfly.by	Support Chain LLC (AS60591)	1
nsd.de	HKN GmbH (AS12676)	1
AMAZON-02	Enflow B.V. (AS209626)	1
webillet.com	Hetzner Online GmbH (AS24940)	1
china2me.ge	Hetzner Online GmbH (AS24940)	1
CLOUDFLARENET	GORILLASERVERS (AS53850)	1
Magticom Ltd.	Adacor Hosting GmbH (AS42442)	1
nomser.net	Sabiedriba ar ierobezotu atbildibu DELSKA Latvia (AS12993)	1
delta-comm.ge	Delta Comm LLC (AS44327)	1
abcp.ru	EuroByte LLC (AS210079)	1
gov.ge	Georgian Research and Educational Networking Association (GRENA) (AS20545)	1
abcp.ru	Hetzner Online GmbH (AS24940)	1
atakdomain.com	AMAZON-02 (AS16509)	1
Georgian Research and Educational Networking Association (GRENA)	WEEBLY (AS27647)	1
hostenko.name	AS-GLOBALTELEHOST (AS63023)	1
ascio.com	EPAG Domainservices GmbH (AS12915)	1
CLOUDFLARENET	Pixel X e.K. (AS60380)	1
webd.pl	Naukowa I Akademicka Siec Komputerowa - Panstwowy Instytut Badawczy (AS8308)	1
nameshield.net	AMAZON-AES (AS14618)	1
egrisi.ge	System Net Ltd (AS34797)	3
myphone.ge	Myphone LLC (AS39452)	1
dns-olimp.com	DIGITALOCEAN-ASN (AS14061)	1
hostgator.com	Host Europe GmbH (AS21501)	1
GOOGLE	Cloudflare London, LLC (AS209242)	1
dominos.com	AMAZON-02 (AS16509)	1
CLOUDFLARENET	NL-811-40021 (AS40021)	2
tgm.ge	MICROSOFT-CORP-MSN-AS-BLOCK (AS8075)	1
ns35.de	SpaceNet AG (AS5539)	1
CLOUDFLARENET	Enterprise Cloud Ltd. (AS48096)	1
twinservers.net	PE Skurykhin Mukola Volodumurovuch (AS56851)	1
managed-ip.com	eww ag (AS21013)	1
daytelecom.com	Day Telecom Company (ltd.) (AS207655)	1
sfs.ge	Cloud 9 Ltd. (AS57814)	1
market1.ge	Magticom Ltd. (AS16010)	1
IS-AS-1	New Georgia LLC (AS42140)	1
SCAAM0001	MICROSOFT-CORP-MSN-AS-BLOCK (AS8075)	1
t3t.org	Bradler & Krantz GmbH & Co. KG (AS29141)	1
geohost.info	Hetzner Online GmbH (AS24940)	2
HURRICANE	OVH SAS (AS16276)	1
proservice.ge	Domain names registrar REG.RU, Ltd (AS197695)	1
cpanel.ge	MICROSOFT-CORP-MSN-AS-BLOCK (AS8075)	1
hru.ge	Cloud 9 Ltd. (AS57814)	1
atakdomain.com	GOOGLE (AS15169)	1
co.uk	CSC (AS19574)	1
onroad.ge	Hetzner Online GmbH (AS24940)	1
calculate.ge	Magticom Ltd. (AS16010)	1
cloudns.net	A2HOSTING (AS55293)	1
fornex.com	Cloud 9 Ltd. (AS57814)	1
MICROSOFT-CORP-MSN-AS-BLOCK	Oilfield Exploration Business Solutions S.A. (AS29628)	1
GOOGLE	GOOGLE (AS15169)	2
register.be	COLT Technology Services Group Limited (AS8220)	1
DIGICERT	AMAZON-02 (AS16509)	1
hostex.lt	Telia Lietuva, AB (AS43811)	1
Host Europe GmbH	GOOGLE (AS15169)	1
omni.ge	DIGITALOCEAN-ASN (AS14061)	1
2gis.com	DoubleGIS LLC (AS197482)	1
Georgian Research and Educational Networking Association (GRENA)	Host Europe GmbH (AS21499)	1
CLOUDFLARENET	Skycloud Computing co., Ltd. (AS7483)	1
MICROSOFT-CORP-MSN-AS-BLOCK	INCAPSULA (AS19551)	1
fastcloud.ge	JSC Selectel (AS49505)	1
SECURITYSERVICES	SafeBrands S.A.S. (AS34173)	1
a2dns.com	A2HOSTING (AS55293)	1
monopost.com	Greysom Limited (AS12678)	1
MICROSOFT-CORP-MSN-AS-BLOCK	Delta Consulting LLC (AS209786)	1
statia.ge	Magticom Ltd. (AS16010)	1
persianwhois.com	WorldStream B.V. (AS49981)	1
oneway.ge	CLOUDFLARENET (AS13335)	1
ericsson.se	MICROSOFT-CORP-MSN-AS-BLOCK (AS8075)	1
wlsrv.com	Niobe Telekomunikasyon Bilisim Teknolojileri Yazilim Danismanlik Sanayi ve Ticaret Ltd. Sti. (AS42868)	1
amzndns.com	AMAZON-02 (AS16509)	1
tanitimalanya.com	velia.net Internetdienste GmbH (AS29066)	1
nic.ru	Leaseweb Deutschland GmbH (AS28753)	1
tctcompany.ge	Hetzner Online GmbH (AS24940)	1
ipcom GmbH	IBH IT-Service GmbH (AS15372)	1
net.in	Hetzner Online GmbH (AS24940)	1
GOOGLE	Quantcom, a.s. (AS29208)	1
HURRICANE	Caucasus Online Ltd. (AS20771)	1
pump.ge	Cloud 9 Ltd. (AS57814)	1
AMAZON-02	HLL LLC (AS51115)	1
ramnode.com	RAMNODE (AS3842)	1
drupella.com	Kayizer Teknoloji Ltd. Sti. (AS215645)	2
CLOUDFLARENET	DXTL Tseung Kwan O Service (AS134548)	2
pega.st	Ooo All Up Net (AS39678)	1
binwiserver.com	Cloud 9 Ltd. (AS57814)	1
bioclean.ge	Hetzner Online GmbH (AS24940)	1
Proservice LLC	Ddos-guard Ltd (AS57724)	1
ix.ru	PS Internet Company LLP (AS48716)	1
constellix.com	DIGICERT (AS16552)	1
dondominio.com	Soluciones Corporativas IP, SL (AS57910)	1
ns14.net	Hetzner Online GmbH (AS24940)	1
vps-dns.info	Arvid Logicum OU (AS202376)	2
topmart.ge	Hetzner Online GmbH (AS24940)	1
MICROSOFT-CORP-MSN-AS-BLOCK	IHS Kurumsal Teknoloji Hizmetleri A.S (AS49126)	1
socar.ge	AMAZON-02 (AS16509)	1
tgm.ge	LLC Tegeta Motors (AS200488)	1
SECURITYSERVICES	Republican Unitary Telecommunication Enterprise Beltelecom (AS6697)	1
registrar-servers.com	FASTLY (AS54113)	1
a1.net	Telekom Austria (AS8447)	1
link-host.net	Hetzner Online GmbH (AS24940)	1
ipcom GmbH	HostSlim B.V. (AS207083)	1
HURRICANE	AMAZON-02 (AS16509)	1
SECURITYSERVICES	INCAPSULA (AS19551)	1
inflot.ge	OVH SAS (AS16276)	1
nroute.de	TelemaxX Telekommunikation GmbH (AS12843)	1
Proservice LLC	Wix.com Ltd. (AS58182)	1
Hosting Ukraine LTD	AMAZON-02 (AS16509)	1
mytbshost.com	TULIP-SYSTEMS (AS36820)	2
gtv.ge	Cloud 9 Ltd. (AS57814)	1
markmonitor.zone	AMAZON-02 (AS16509)	1
first-ns.de	Hetzner Online GmbH (AS24940)	1
iptwins.com	MICROSOFT-CORP-MSN-AS-BLOCK (AS8075)	1
Beget LLC	Nemtcov Nikolai Alexandrovich (AS212461)	1
mchost.com	EuroByte LLC (AS210079)	1
cloudns.net	FASTLY (AS54113)	1
cpanel.ge	KKM IT Limited (AS60922)	1
MICROSOFT-CORP-MSN-AS-BLOCK	Goodhost.KZ LLP (AS211971)	1
rdns.ge	TradeZone LLC (AS201575)	1
net.ge	JSC Silknet (AS35805)	1
GOOGLE	OVH SAS (AS16276)	1
AMAZON-02	METANET AG (AS21069)	1
Georgian Research and Educational Networking Association (GRENA)	Wix.com Ltd. (AS58182)	1
webkeeper.ru	JSC IOT (AS29182)	1
seohost.pl	Dataspace P.s.a. (AS50599)	1
cpanel.ge	AMAZON-AES (AS14618)	1
CLOUDFLARENET	UUNET (AS701)	1
spar.ge	Hetzner Online GmbH (AS24940)	1
123ns.de	Proservice LLC (AS47810)	1
flexbe.ru	JSC Selectel (AS50340)	2
Georgian Research and Educational Networking Association (GRENA)	LLC Ordunet (AS203136)	1
regzone.cz	O2 Czech Republic, a.s. (AS31246)	1
ecoproblems.ge	Magticom Ltd. (AS16010)	1
Host Europe GmbH	velia.net Internetdienste GmbH (AS29066)	1
hostsila.com	Atman Sp. z o.o. (AS24723)	1
CLOUDFLARENET	Akamai International B.V. (AS20940)	1
nic.ru	Beget LLC (AS198610)	1
GOOGLE	RENDER (AS397273)	1
Cloud 9 Ltd.	SysNet LLC (AS210850)	2
domusacademy.net	Seflow s.r.l. (AS49367)	1
hukot.cz	SecurityNet.cz s.r.o. (AS42422)	1
Proservice LLC	Kamatera Inc (AS41436)	1
co.uk	OVH SAS (AS16276)	2
jino.ru	Ddos-guard Ltd (AS57724)	1
CLOUDFLARENET	HLL LLC (AS51115)	1
Akamai International B.V.	CSC (AS19574)	1
cpanel.ge	Proservice LLC (AS47810)	3
krka.si	KRKA, d.d.Novo mesto (AS29015)	1
ultahost.com	TIER-NET (AS397423)	3
hostgator.com	SysNet LLC (AS210850)	1
cloudns.net	UNIFIEDLAYER-AS-1 (AS46606)	1
SECURITYSERVICES	DIGITALOCEAN-ASN (AS14061)	1
CLOUDFLARENET	Datacamp Limited (AS212238)	1
bellezza.ge	Hetzner Online GmbH (AS24940)	1
hostgator.com	DIGITALOCEAN-ASN (AS14061)	1
proservice.ge	Webzilla B.V. (AS35415)	1
hh.md	Hetzner Online GmbH (AS24940)	1
managed-ip.com	InterNetX GmbH (AS15456)	1
register.it	Retelit Digital Services S.p.A. (AS12850)	1
verinomidns.com	Verinomi Bilisim Tek. San. ve Tic. Ltd. Sti. (AS213274)	1
prohoster.cc	IT WEB LTD (AS200313)	1
superdnsserver.net	SuperHosting.BG Ltd. (AS201200)	1
toretto.net	Veridyen Bilisim Teknolojileri Sanayi ve Ticaret Limited Sirketi (AS209853)	1
trm.ge	Hetzner Online GmbH (AS24940)	1
valcato.com	ASN-FLEXENTIAL (AS13649)	1
proservice.ge	KKM IT Limited (AS60922)	1
YANDEX LLC	IONOS SE (AS8560)	1
Georgian Research and Educational Networking Association (GRENA)	Data Storage Center JSC (AS49063)	1
GOOGLE	JSC ER-Telecom Holding (AS12768)	1
legacy.ge	Hetzner Online GmbH (AS24940)	1
ports.se	LH.pl Sp. z o.o. (AS203417)	1
keliweb.com	CLOUDFLARENET (AS13335)	1
proservice.ge	Connect Ltd. (AS197229)	1
fastcloud.ge	OVH SAS (AS16276)	1
GOOGLE	DIGITALOCEAN-ASN (AS14061)	1
proservice.ge	Signet B.V. (AS20857)	1
Host Europe GmbH	Host Europe GmbH (AS8972)	1
socar.ge	State Oil Company Of The Republic Of Azerbaijan (AS198876)	1
sohost.pl	Hetzner Online GmbH (AS24940)	1
cloudns.net	GOOGLE-CLOUD-PLATFORM (AS396982)	1
solidar.ro	ROMARG SRL (AS205275)	1
neuroth.at	InterNetworX Management GmbH (AS48596)	1
singleplan.com	DIGITALOCEAN-ASN (AS14061)	1
Proservice LLC	GOOGLE-CLOUD-PLATFORM (AS396982)	1
JSC Selectel	TimeWeb LLC (AS9123)	1
Magticom Ltd.	Webdock.io ApS (AS44803)	1
JSC Silknet	RACKSPACE (AS19994)	1
bptech.pl	PONYNET (AS53667)	1
fastcloud.ge	DIGITALOCEAN-ASN (AS14061)	1
1984.is	Greenhost BV (AS47172)	1
hostcreators.sk	VNET a.s. (AS29405)	2
byethost32.org	Wildcard UK Limited (AS34119)	1
paywb.ge	Cloud 9 Ltd. (AS57814)	1
managed-ip.com	MICROSOFT-CORP-MSN-AS-BLOCK (AS8075)	1
singleplan.com	Akamai Connected Cloud (AS63949)	1
MICROSOFT-CORP-MSN-AS-BLOCK	GOOGLE (AS15169)	1
registrar-servers.com	Wix.com Ltd. (AS58182)	1
ge-dns.com	ATT-INTERNET4 (AS7018)	1
CLOUDFLARENET	JSC Insurance Company Aldagi (AS201141)	1
gess.ge	SysNet LLC (AS210850)	1
adnserver.com	Keminet SHPK (AS197706)	1
cardboard.ge	Hetzner Online GmbH (AS24940)	1
GOOGLE	Akamai International B.V. (AS20940)	1
GANDI SAS	DIGITALOCEAN-ASN (AS14061)	1
cloudns.net	ORACLE-BMC-31898 (AS31898)	1
LLC VK	SysNet LLC (AS210850)	1
sys.ge	Caucasus Online Ltd. (AS20771)	1
registrar-servers.com	AMAZON-AES (AS14618)	1
NSONE	Cloudflare London, LLC (AS209242)	1
elitesea.ge	OVH SAS (AS16276)	1
timeweb.org	Global Connectivity Solutions Llp (AS215540)	1
bunny.net	Contabo GmbH (AS51167)	1
bunny.net	AMAZON-02 (AS16509)	1
rocketway.it	Rocket Way S.R.L. (AS208920)	1
museum.ge	Cloud 9 Ltd. (AS57814)	1
proservice.ge	Akamai Connected Cloud (AS63949)	1
it.ge	Magticom Ltd. (AS16010)	1
OVH SAS	Hostinger International Limited (AS47583)	1
fastcloud.ge	Wix.com Ltd. (AS58182)	1
orzel.ge	SIA Global Cloud (AS206297)	1
sev.ge	Hetzner Online GmbH (AS24940)	1
mserwis.pl	Dataspace P.s.a. (AS50599)	1
proservice.ge	LLC Ordunet (AS203136)	1
registrar-servers.com	Hetzner Online GmbH (AS24940)	1
UGT LLC	LLC Service (AS35076)	1
time4vps.com	AMAZON-02 (AS16509)	1
callisto.ge	Contabo GmbH (AS51167)	1
vivawebhost.com	Telehouse EAD (AS57344)	1
SECURITYSERVICES	Babiel GmbH (AS198913)	1
scard.ge	SysNet LLC (AS210850)	1
CLOUDFLARENET	SH.cz s.r.o. (AS39392)	1
CLOUDFLARENET	Deutsche Telekom AG (AS3320)	1
Georgian Research and Educational Networking Association (GRENA)	WHG Hosting Services Ltd (AS209341)	1
Host Europe GmbH	Simpals SRL (AS51954)	1
GANDI SAS	MICROSOFT-CORP-MSN-AS-BLOCK (AS8075)	1
truvisibility.com	MICROSOFT-CORP-MSN-AS-BLOCK (AS8075)	1
socar.ge	MICROSOFT-CORP-MSN-AS-BLOCK (AS8075)	1
SECURITYSERVICES	CENTURYLINK-TIER3-CLOUD (AS6640)	1
creolineserver.com	creoline GmbH (AS205948)	1
dnspod.net	Alibaba US Technology Co., Ltd. (AS45102)	1
cloudns.net	Mittwald CM Service GmbH & Co. KG (AS15817)	1
nokia.com	GOOGLE-CLOUD-PLATFORM (AS396982)	1
freehostingeu.com	Zetta Hosting Solutions LLC. (AS44476)	1
stuff.ge	DIGITALOCEAN-ASN (AS14061)	2
ultradns.biz	Greentube GmbH (AS60368)	1
greengeeks.net	Hetzner Online GmbH (AS24940)	1
domain.tld	Georgian Technical University (AS29289)	1
NETWORK-SOLUTIONS-HOSTING	Wix.com Ltd. (AS58182)	1
MICROSOFT-CORP-MSN-AS-BLOCK	Hetzner Online GmbH (AS24940)	1
DIGITALOCEAN-ASN	AS-VULTR (AS20473)	1
markmonitor.com	Loihde Trust Oy (AS29240)	1
hms.ge	Proservice LLC (AS47810)	1
statiebi.ge	Hetzner Online GmbH (AS24940)	1
socgen.com	AMAZON-AES (AS14618)	1
alwaysdata.com	Scaleway S.a.s. (AS12876)	1
Georgian Research and Educational Networking Association (GRENA)	Georgian Water and Power LLC (AS50647)	1
lemarit.de	Claas KGaA mbH (AS208868)	1
CLOUDFLARENET	Tencent Building, Kejizhongyi Avenue (AS132203)	1
infomaniak.ch	Infomaniak Network SA (AS29222)	1
CLOUDFLARENET	Alexhost Srl (AS200019)	1
CLOUDFLARENET	IS-AS-1 (AS19318)	1
kasperskylabs.net	Kaspersky Lab Switzerland GmbH (AS200107)	1
OVH SAS	JSC Selectel (AS49505)	1
interactivedns.com	Nettigritty Private Limited (AS149580)	1
cloudns.net	Leaseweb Deutschland GmbH (AS28753)	1
CLOUDFLARENET	TimeWeb LLC (AS9123)	1
letsride.ge	Hetzner Online GmbH (AS24940)	1
hosting.de	MICROSOFT-CORP-MSN-AS-BLOCK (AS8075)	1
ihc.ru	EuroByte LLC (AS210079)	1
IS-AS-1	Hetzner Online GmbH (AS24940)	1
cpanel.ge	active 1 GmbH (AS197071)	1
SECURITYSERVICES	SECURITYSERVICES (AS12008)	1
mediamaxx.ru	Tilda Publishing Ltd. (AS205282)	1
fornex.com	Data Storage Center JSC (AS49063)	1
fornex.com	Fornex Hosting S.L. (AS16003)	1
SECURITYSERVICES	Optimizely AB (AS30811)	1
cloudnet.ge	Hetzner Online GmbH (AS24940)	1
CLOUDFLARENET	JSC MFI IntelExpress (AS51841)	1
dnspod.net	ANTI-DDOS (AS35251)	1
ge-hosting.com	WHG Hosting Services Ltd (AS209341)	1
NUCDN	Koninklijke Luchtvaart Maatschappij N.V. (AS28806)	1
phpwebhosting.com	SINGLEHOP-LLC (AS32475)	1
ge-dns.com	GOOGLE-CLOUD-PLATFORM (AS396982)	1
orangehost.com	ORANGEHOST (AS19853)	1
Legal Entity Under Public Law Financial Analytical Service	Georgianairlink LLC (AS209046)	1
rettok.com	Hetzner Online GmbH (AS24940)	1
mysql.ge	Magticom Ltd. (AS16010)	1
diamond-planet.ge	Hetzner Online GmbH (AS24940)	1
Host Europe GmbH	GOOGLE-CLOUD-PLATFORM (AS396982)	1
home.pl	home.pl S.A. (AS12824)	1
proservice.ge	JSC Selectel (AS50340)	1
everylution.com	Tov Host Vds (AS57682)	1
cdnetdns.net	AMAZON-02 (AS16509)	1
CLOUDFLARENET	Delta Telecom Ltd (AS29049)	1
gtu.ge	Georgian Technical University (AS29289)	1
resell.ge	Hetzner Online GmbH (AS24940)	1
CLOUDFLARENET	LLC Skytel (AS49628)	1
activeby.net	GOOGLE-CLOUD-PLATFORM (AS396982)	1
openprovider.be	Signet B.V. (AS20857)	1
hostsharing.net	sinma GmbH (AS8875)	1
ultradns.biz	SECURITYSERVICES (AS12008)	2
46.9	Georgian Technical University (AS29289)	1
caro.ge	Hetzner Online GmbH (AS24940)	1
active24.cz	VSHosting s.r.o. (AS43541)	1
nadns1.com	Hetzner Online GmbH (AS24940)	1
com.tr	Hosting Dunyam Bilisim Teknolojileri Ticaret Limited Sirketi (AS212219)	1
awsdns-41.com	AMAZON-02 (AS16509)	1
proservice.ge	MICROSOFT-CORP-MSN-AS-BLOCK (AS8075)	1
YANDEX LLC	NL-811-40021 (AS40021)	1
Connect Ltd.	Georgian Research and Educational Networking Association (GRENA) (AS20545)	1
daha.net	PremierDC Veri Merkezi Anonim Sirketi (AS42910)	1
netex.ro	Hetzner Online GmbH (AS24940)	1
giftoy.ge	Hetzner Online GmbH (AS24940)	1
