netim.net	Eurofiber France SAS (AS24935)	23
CLOUDFLARENET	CLOUDFLARENET (AS13335)	448
dnsitalia.net	genesys informatica srl (AS24994)	2
AUTOMATTIC	AUTOMATTIC (AS2635)	8
SECURITYSERVICES	CSC (AS19574)	69
CLOUDFLARENET	FASTLY (AS54113)	15
Host Europe GmbH	AMAZON-02 (AS16509)	1016
IONOS SE	united-domains GmbH (AS202108)	226
awsdns-06.org	FASTLY (AS54113)	1
Trellian Pty. Limited	Trellian Pty. Limited (AS133618)	23
Neue Medien Muennich GmbH	Neue Medien Muennich GmbH (AS34788)	75
hoasted.com	Hoasted B.V. (AS205876)	1
sedoparking.com	SEDO GmbH (AS47846)	125
CLOUDFLARENET	INCAPSULA (AS19551)	8
CLOUDFLARENET	CONFLUENCE-NETWORK-INC (AS40034)	187
ui-dns.biz	IONOS SE (AS8560)	662
DinaHosting S.L.	Telefonica De Espana S.a.u. (AS3352)	1
IONOS SE	IONOS SE (AS8560)	30
Knipp Medien und Kommunikation GmbH	ScaleUp Technologies GmbH & Co. KG (AS29014)	72
dyn.com	GOM-DITES-AS-01 (AS398821)	1
netzfabrik.com	Giuliano Schindler (AS51699)	2
CLOUDFLARENET	NETWORK-SOLUTIONS-HOSTING (AS19871)	70
qwest.net	LEVEL3 (AS3356)	1
SECURITYSERVICES	Entain Services Austria GmbH (AS13008)	4
ORACLE-BMC-31898	AMAZON-AES (AS14618)	3
AMAZON-AES	AMAZON-AES (AS14618)	17
CLOUDFLARENET	AMAZON-02 (AS16509)	99
CLOUDFLARENET	LEXIS2-AS (AS32472)	1
IONOS SE	Hetzner Online GmbH (AS24940)	9
checkdomain.de	Hetzner Online GmbH (AS24940)	11
awsdns-39.com	AMAZON-02 (AS16509)	1
CLOUDFLARENET	GMO Internet Group, Inc. (AS58791)	7
awsdns-20.net	AMAZON-02 (AS16509)	1
onepage.io	GOOGLE-CLOUD-PLATFORM (AS396982)	1
ipower.com	BIZLAND-SD (AS29873)	4
systemhaus-wachter.de	OVH SAS (AS16276)	1
dnn.ms	InterNetX GmbH (AS15456)	5
Hetzner Online GmbH	dogado GmbH (AS45012)	3
Host Europe GmbH	GOOGLE-CLOUD-PLATFORM (AS396982)	42
namepros-dns.com	AMAZON-AES (AS14618)	2
awsdns-02.org	AMAZON-02 (AS16509)	1
Domain names registrar REG.RU, Ltd	Fornex Hosting S.L. (AS44051)	1
DIGICERT	DIGICERT (AS16552)	9
dynu.com	British Telecommunications PLC (AS6871)	1
GANDI SAS	OVH SAS (AS16276)	2
markmonitor.com	AMAZON-02 (AS16509)	115
AMAZON-02	Team Internet AG (AS206834)	33
CLOUDFLARENET	DIGITALOCEAN-ASN (AS14061)	25
Host Europe GmbH	GO-DADDY-COM-LLC (AS398101)	24
gomjobs.com	IMH-IAD (AS54641)	2
mdnsservice.com	TUCOWS (AS15348)	81
bodis.com	AMAZON-02 (AS16509)	13
iwantmyname.net	AS-COLOCROSSING (AS36352)	1
CLOUDFLARENET	WOLFPAWSERVICES (AS30500)	1
domainkunden.de	QualityHosting AG (AS25260)	2
CLOUDFLARENET	GOOGLE-CLOUD-PLATFORM (AS396982)	13
awsdns-05.net	AMAZON-AES (AS14618)	1
ipcom GmbH	InterNetworX Management GmbH (AS48596)	39
Host Europe GmbH	FASTLY (AS54113)	12
oo.ms	AS-30083-US-VELIA-NET (AS30083)	1
DIGICERT	LVLT-3549 (AS3549)	1
register.it	Register S.p.A. (AS39729)	4
domainpeople.com	DMNL-ASN-01 (AS401348)	1
MICROSOFT-CORP-MSN-AS-BLOCK	MICROSOFT-CORP-MSN-AS-BLOCK (AS8075)	148
ihc.ru	EuroByte LLC (AS210079)	1
dnsip.com	CTG Server Limited (AS152194)	9
EPIK-LLC	EPIK-LLC (AS394456)	6
auroradns.eu	CLDIN B.V. (AS48635)	1
CLOUDFLARENET	DREAMHOST-AS (AS26347)	26
Host Europe GmbH	Akamai Connected Cloud (AS63949)	2
name-services.com	TUCOWS-3 (AS32491)	5
whirlpool.com	ATT-INTERNET4 (AS7018)	1
Domain names registrar REG.RU, Ltd	Domain names registrar REG.RU, Ltd (AS197695)	6
artfiles.de	Artfiles New Media GmbH (AS8893)	2
dialogika.de	VSE NET GmbH (AS8937)	1
ipcom GmbH	netcup GmbH (AS197540)	10
dnsimple.com	DIGITALOCEAN-ASN (AS14061)	1
CLOUDFLARENET	Contabo GmbH (AS51167)	2
CLOUDFLARENET	ATT-INTERNET4 (AS7018)	3
checkdomain.de	Xirra GmbH (AS51191)	5
cloudns.net	COGENT-174 (AS174)	2
ipcom GmbH	AMAZON-02 (AS16509)	28
Host Europe GmbH	MICROSOFT-CORP-MSN-AS-BLOCK (AS8075)	17
CLOUDFLARENET	MICROSOFT-CORP-MSN-AS-BLOCK (AS8075)	9
name-services.com	AMAZON-02 (AS16509)	12
wordpress.org	SINGLEHOP-LLC (AS32475)	1
ipcom GmbH	Hetzner Online GmbH (AS24940)	23
az.pl	home.pl S.A. (AS12824)	1
G-Core Labs S.A.	OWGELS INTERNATIONAL CO., LIMITED (AS139880)	3
Host Europe GmbH	Host Europe GmbH (AS34011)	5
DIGICERT	MICROSOFT-CORP-MSN-AS-BLOCK (AS8075)	1
NSONE	AMAZON-AES (AS14618)	13
DIGITALOCEAN-ASN	Stichting DIGI NL (AS206281)	18
co.uk	IONOS SE (AS8560)	2
arvixeshared.com	UNIFIEDLAYER-AS-1 (AS46606)	1
Core-Backbone GmbH	Mittwald CM Service GmbH & Co. KG (AS15817)	13
SECURITYSERVICES	COGECO-PEER1 (AS13768)	5
GOOGLE	GOOGLE-CLOUD-PLATFORM (AS396982)	11
Host Europe GmbH	RACKSPACE (AS27357)	1
ns14.net	Hetzner Online GmbH (AS24940)	7
lesjoforsab.com	Telia Company AB (AS3301)	2
afraid.org	GOOGLE-CLOUD-PLATFORM (AS396982)	1
GANDI SAS	MICROSOFT-CORP-MSN-AS-BLOCK (AS8075)	2
MICROSOFT-CORP-MSN-AS-BLOCK	KYN-GTS (AS14904)	2
ns14.net	Mittwald CM Service GmbH & Co. KG (AS15817)	10
UNIFIEDLAYER-AS-1	NETWORK-SOLUTIONS-HOSTING (AS19871)	1
kk-ca.net	OPTAGE Inc. (AS17511)	1
Host Europe GmbH	VERISIGN-ILG1 (AS30060)	5
hostway.net	AFFINITY-INTER (AS18447)	3
SECURITYSERVICES	AZO (AS16677)	1
Hetzner Online GmbH	dogado GmbH (AS8648)	10
IONOS SE	netcup GmbH (AS197540)	3
websupport.sk	WebSupport s.r.o. (AS51013)	1
nike.com	AMAZON-02 (AS16509)	1
CLOUDFLARENET	Akamai Connected Cloud (AS63949)	2
SECURITYSERVICES	MICROSOFT-CORP-MSN-AS-BLOCK (AS8075)	17
Host Europe GmbH	AMAZON-AES (AS14618)	27
dns.nexus	webgo GmbH (AS48324)	1
selectel.ru	JSC Selectel (AS49505)	2
internetbilisim.net	Onur Ekren (AS203576)	1
SECURITYSERVICES	AMAZON-02 (AS16509)	9
GOOGLE	Wix.com Ltd. (AS58182)	21
Akamai International B.V.	Akamai International B.V. (AS20940)	4
CLOUDFLARENET	Hostinger International Limited (AS47583)	16
checkdomain.de	dogado GmbH (AS45012)	6
registrar-servers.com	UDELNET (AS34)	1
linode.com	Akamai Connected Cloud (AS63949)	5
sevenm.in	Akamai Connected Cloud (AS63949)	1
MICROSOFT-CORP-MSN-AS-BLOCK	VERISIGN-ILG1 (AS30060)	1
justhost.com	UNIFIEDLAYER-AS-1 (AS46606)	2
ns53.be	UpCloud Ltd (AS202053)	1
wix.com	Wix.com Ltd. (AS58182)	2
awsdns-12.org	AMAZON-02 (AS16509)	1
awsdns-10.com	AMAZON-AES (AS14618)	1
hostingcentar.com	DIGITALOCEAN-ASN (AS14061)	1
HURRICANE	AMAZON-AES (AS14618)	1
cloudns.net	JSC IOT (AS29182)	2
dnn.ms	AMAZON-02 (AS16509)	2
awsdns-19.com	AMAZON-02 (AS16509)	2
GANDI SAS	Free Pro SAS (AS30781)	20
Hetzner Online GmbH	Hetzner Online GmbH (AS24940)	45
parktons.com	Gransy s.r.o. (AS60592)	1
Host Europe GmbH	AS-26496-GO-DADDY-COM-LLC (AS26496)	18
SERVERSTACK-ASN	SERVERSTACK-ASN (AS46652)	4
awsdns-25.org	AMAZON-02 (AS16509)	2
dnsexit.com	PFNL-ASN (AS46208)	1
shockhosting.net	SHOCK-1 (AS395092)	1
CLOUDFLARENET	Cloudflare London, LLC (AS209242)	9
IONOS SE	Strato GmbH (AS6724)	1
OVH SAS	OVH SAS (AS16276)	16
dnsip.com	ABCDE GROUP (AS133201)	5
Deutsche Telekom AG	Deutsche Telekom AG (AS3320)	6
nearlyfreespeech.net	GRIDFURY-AS (AS40630)	1
SECURITYSERVICES	SECURITYSERVICES (AS12008)	11
Host Europe GmbH	Hostkey B.v. (AS50867)	1
nameself.com	KrasPromStroy, LLC (AS12737)	1
Host Europe GmbH	DATABANK-DFW (AS13767)	2
GANDI SAS	GANDI SAS (AS29169)	20
awsdns-13.net	AMAZON-02 (AS16509)	1
Iomart Cloud Services Limited	VERISIGN-ILG1 (AS30060)	1
Host Europe GmbH	Cloudflare London, LLC (AS209242)	11
ab stract ltd	CHEAPY-HOST (AS401120)	1
regzone.cz	ZONER a.s. (AS34222)	2
GMO Internet Group, Inc.	Sony Network Communications Inc. (AS2527)	1
awsdns-08.com	AMAZON-02 (AS16509)	2
chotaire.cloud	Hetzner Online GmbH (AS24940)	1
123ns.de	Globe Development GmbH (AS12470)	1
regfish-ns.net	AMAZON-02 (AS16509)	1
awsdns-12.net	Cloudflare London, LLC (AS209242)	1
servidoresdns.net	IONOS SE (AS8560)	1
AMAZON-02	LATITUDE-SH (AS396356)	1
globalfastcloud.com	20i Limited (AS48254)	2
bbcdns.net	BBC (AS2818)	2
one.com	One.com A/S (AS51468)	8
CLOUDFLARENET	IQWeb FZ-LLC (AS59692)	1
ne.jp	SAKURA Internet Inc. (AS9371)	4
DTS Systeme Muenster GmbH	Aschendorff Medien GmbH & Co. KG (AS39077)	5
dns-service.net	Globe Development GmbH (AS12470)	2
awsdns-04.org	AMAZON-02 (AS16509)	2
CLOUDFLARENET	AS-26496-GO-DADDY-COM-LLC (AS26496)	6
dominiando.asia	Register S.p.A. (AS39729)	2
awsdns-03.org	AMAZON-02 (AS16509)	1
Signet B.V.	Signet B.V. (AS20857)	6
can02.de	dogado GmbH (AS8648)	1
ab stract ltd	AMAZON-AES (AS14618)	1
easydns.com	DIGITALOCEAN-ASN (AS14061)	3
ab stract ltd	Epinatura LLC (AS207656)	1
DTS Systeme Muenster GmbH	DTS Systeme Muenster GmbH (AS12437)	2
SECURITYSERVICES	CENTURYLINK-LEGACY-SAVVIS (AS3561)	2
DTS Systeme Muenster GmbH	23M GmbH (AS47447)	2
IONOS SE	Host Europe GmbH (AS8972)	3
CLOUDFLARENET	UNIFIEDLAYER-AS-1 (AS46606)	14
awsdns-30.com	AMAZON-AES (AS14618)	1
RACKSPACE	RACKSPACE (AS19994)	2
dnsimple.com	MICROSOFT-CORP-MSN-AS-BLOCK (AS8075)	2
DIGICERT	GOOGLE-CLOUD-PLATFORM (AS396982)	2
CLOUDFLARENET	IONOS SE (AS8560)	4
kasperskylabs.net	Kaspersky Lab Switzerland GmbH (AS200107)	1
CLOUDFLARENET	SAKURA Internet Inc. (AS9371)	2
34sp.com	34SP.com Limited (AS41357)	1
zent.net	BPS Inc. (AS59110)	1
nameshield.net	Nameshield SAS (AS20756)	1
netcup GmbH	netcup GmbH (AS197540)	3
forpsi.cz	INTERNET CZ, a.s. (AS24806)	5
domainnetwork.se	CSC (AS19574)	2
vultr.com	AS-VULTR (AS20473)	1
rrpproxy.net	OVH SAS (AS16276)	1
kk-ca.net	IDC Frontier Inc. (AS4694)	3
ts9.net	IHNET (AS33494)	2
co.uk	OVH SAS (AS16276)	1
Host Europe GmbH	GITHUB (AS36459)	1
srv53.com	Contabo GmbH (AS51167)	1
alfahosting.info	dogado GmbH (AS45012)	13
mantaqhosting.com	AS-VULTR (AS20473)	2
domainpeople.com	AFFINITY-INTER (AS18447)	1
AMAZON-02	GOOGLE (AS15169)	9
siteprotect.com	AFFINITY-INTER (AS18447)	2
CLOUDFLARENET	COXAUTO (AS393340)	2
amigokit.com	UNINET (AS8151)	3
NSONE	AS-XFERNET (AS27630)	1
uk2.net	GOOGLE-CLOUD-PLATFORM (AS396982)	1
haisoft.net	Dyjix SAS (AS212815)	1
DIGITALOCEAN-ASN	DIGITALOCEAN-ASN (AS14061)	8
Host Europe GmbH	SINGLEHOP-LLC (AS32475)	1
ne.jp	SAKURA Internet Inc. (AS9370)	2
perfectdns.com	OVH SAS (AS16276)	1
webhostingbuzz.com	WHG Hosting Services Ltd (AS14670)	1
simplymailsolutions.com	SIPNAV-WEST (AS401298)	1
hostnet.nl	One.com A/S (AS51468)	1
ipcom GmbH	GOOGLE-CLOUD-PLATFORM (AS396982)	3
1&1 Versatel Deutschland GmbH	Hetzner Online GmbH (AS24940)	3
Hetzner Online GmbH	DIGITALOCEAN-ASN (AS14061)	2
nuagerie.com	OVH SAS (AS16276)	1
awsdns-01.org	AMAZON-AES (AS14618)	2
ignum.com	Webglobe, s.r.o. (AS29134)	1
ns14.net	Neue Medien Muennich GmbH (AS34788)	2
toolscoreweb.com	UNIFIEDLAYER-AS-1 (AS46606)	1
dnchosting.com	TP (AS399522)	1
net.au	Cynergic (AS9301)	1
anycast.me	OVH SAS (AS16276)	2
CLOUDFLARENET	Asahi Net (AS4685)	1
ipcom GmbH	Host Europe GmbH (AS8972)	2
Host Europe GmbH	WEHOSTWEBSITES-COM (AS30475)	3
casecorp.com	MICROSOFT-CORP-MSN-AS-BLOCK (AS8075)	1
dns.sb	CLOUDFLARENET (AS13335)	1
awsdns-00.net	AMAZON-02 (AS16509)	2
ab stract ltd	AMAZON-02 (AS16509)	3
HURRICANE	Chinanet (AS4134)	1
ovh.ca	OVH SAS (AS16276)	2
Host Europe GmbH	Iomart Cloud Services Limited (AS20860)	1
Host Europe GmbH	ATT-INTERNET4 (AS7018)	1
cscudns.com	CSC (AS19574)	1
ms-hosting.at	Hetzner Online GmbH (AS24940)	1
Host Europe GmbH	WEEBLY (AS27647)	5
ns14.net	InterNetX GmbH (AS15456)	4
CLOUDFLARENET	AMAZON-AES (AS14618)	8
argewebhosting.com	Accenture B. V. (AS8315)	2
MICROSOFT-CORP-MSN-AS-BLOCK	ALYRICA (AS25961)	1
dnsimple.com	AMAZON-02 (AS16509)	1
Host Europe GmbH	SQUARESPACE (AS53831)	15
gn2.hosting	Keyweb AG (AS31103)	4
AMAZON-02	OVH SAS (AS16276)	8
DTS Systeme Muenster GmbH	Envia Tel GmbH (AS21413)	4
DIGICERT	LIQUIDWEB (AS53824)	4
com.mx	OVH SAS (AS16276)	1
Safenames Ltd.	Safenames Ltd. (AS60819)	12
vultr.com	PRIVATESYSTEMS (AS63410)	1
cloudns.net	Hostinger International Limited (AS47583)	1
NSONE	AMAZON-02 (AS16509)	12
cronos.be	Combell NV (AS34762)	1
SECURITYSERVICES	UUNET (AS701)	2
lands-concepts.com	INTERNET AG Global Network (AS8495)	9
CLOUDFLARENET	NEXCESS-NET (AS36444)	1
MICROSOFT-CORP-MSN-AS-BLOCK	GOOGLE-CLOUD-PLATFORM (AS396982)	3
Host Europe GmbH	MICROSOFT-CORP-MSN-AS-BLOCK (AS8070)	1
awsdns-17.org	AMAZON-02 (AS16509)	1
Signet B.V.	DIGITALOCEAN-ASN (AS14061)	1
AMAZON-02	Akamai Connected Cloud (AS63949)	6
MICROSOFT-CORP-MSN-AS-BLOCK	IPGOMA (AS46713)	1
liquidweb.com	MICROSOFT-CORP-MSN-AS-BLOCK (AS8075)	1
nameshield.net	AMAZON-02 (AS16509)	1
CLOUDFLARENET	Fastmail Pty Ltd (AS151847)	9
void.ms	Hetzner Online GmbH (AS24940)	1
world4you.at	World4You Internet Services GmbH (AS38955)	1
1and1.com	IONOS SE (AS8560)	3
SECURITYSERVICES	HWSERVICES-32400 (AS32400)	1
simply.com	team.blue Denmark A/S (AS48854)	1
namecheaphosting.com	NAMECHEAP-NET (AS22612)	3
CLOUDFLARENET	JSC ER-Telecom Holding (AS41403)	1
CLOUDFLARENET	FreeBit Co.,Ltd. (AS10013)	1
iwantmyname.net	DIGITALOCEAN-ASN (AS14061)	3
xtom.com	xTom GmbH (AS3214)	1
honeycomb.net	HONEYCOMB (AS25720)	1
Host Europe GmbH	Host Europe GmbH (AS21499)	9
CLOUDFLARENET	OVH SAS (AS16276)	3
CLOUDFLARENET	AS-VULTR (AS20473)	3
routing.net	Mittwald CM Service GmbH & Co. KG (AS15817)	4
eolas.fr	Orange Business Services SA (AS15401)	1
edlio.com	CLOUDFLARENET (AS13335)	1
Knipp Medien und Kommunikation GmbH	Strato GmbH (AS6724)	1
co.uk	Andrews & Arnold Ltd (AS20712)	3
YANDEX LLC	Domain names registrar REG.RU, Ltd (AS197695)	1
awsdns-04.com	AMAZON-AES (AS14618)	1
awsdns-14.net	AMAZON-02 (AS16509)	1
Host Europe GmbH	Alibaba US Technology Co., Ltd. (AS45102)	4
Akamai International B.V.	DEERE (AS10846)	2
interna.me	IONOS SE (AS8560)	1
awsdns-10.com	GO-DADDY-COM-LLC (AS398101)	1
co.uk	AMAZON-AES (AS14618)	9
rightsdns.com	AMAZON-02 (AS16509)	2
DIGICERT	RMH-14 (AS33070)	2
dodns.net	Hetzner Online GmbH (AS24940)	9
MICROSOFT-CORP-MSN-AS-BLOCK	BT Italia S.p.A. (AS3313)	1
systemdns.com	AMAZON-AES (AS14618)	6
sika.com	CLOUDFLARENET (AS13335)	1
awsdns-13.com	AMAZON-02 (AS16509)	1
dns1.de	Hetzner Online GmbH (AS24940)	1
nic.ru	Yandex.Cloud LLC (AS200350)	1
CLOUDFLARENET	DigiRock, Inc. (AS37907)	7
Host Europe GmbH	FUSE-NET (AS6181)	1
apple.com	APPLE-ENGINEERING (AS714)	1
awsdns-05.org	AMAZON-02 (AS16509)	1
Host Europe GmbH	ACTIVE 24, s.r.o. (AS25234)	1
afraid.org	Mittwald CM Service GmbH & Co. KG (AS15817)	1
iecc.com	POUNDBANG-HOSTING (AS23086)	1
Hangzhou Alibaba Advertising Co.,Ltd.	PT. EXABYTES NETWORK INDONESIA (AS136170)	1
reclaimhosting.com	Wix.com Ltd. (AS58182)	1
CLOUDFLARENET	HongKong Commercial Internet Exchange (AS7540)	2
adcmsp.com	ESTRUXTURE-ON-19122 (AS19122)	1
Host Europe GmbH	ANAXA3-ASN (AS989)	1
gofruits.co	GOOGLE-CLOUD-PLATFORM (AS396982)	3
OVH SAS	Free Pro SAS (AS30781)	1
awsdns-02.net	GOOGLE (AS15169)	1
Hostpoint AG	Hostpoint AG (AS29097)	5
Host Europe GmbH	Wix.com Ltd. (AS58182)	8
co.uk	GOOGLE-CLOUD-PLATFORM (AS396982)	1
CLOUDFLARENET	4on LTD (AS59816)	1
levi.com	NAVE-CONX-A (AS4544)	1
awsdns-05.org	MICROSOFT-CORP-MSN-AS-BLOCK (AS8075)	1
CLOUDFLARENET	Tilda Publishing Ltd. (AS205282)	1
AMAZON-02	Virgin Media (AS5089)	1
srv53.com	OVH SAS (AS16276)	4
bunny.net	Host Europe GmbH (AS21499)	1
nsroot1.com	CSC (AS19574)	3
Host Europe GmbH	WIIT AG (AS24961)	1
scannet2.dk	team.blue Denmark A/S (AS48854)	1
Knipp Medien und Kommunikation GmbH	Combell NV (AS34762)	2
Knipp Medien und Kommunikation GmbH	Mittwald CM Service GmbH & Co. KG (AS15817)	2
SECURITYSERVICES	GOOGLE-CLOUD-PLATFORM (AS396982)	1
tfgms.com	LIQUIDWEB (AS32244)	2
Host Europe GmbH	AS-BUSINESS-COMMUNICATIONS (AS33069)	1
infoacces.net	Servicios Administrados Mexis, S.A. de C.V. (AS8007)	1
DIGICERT	GOM-DITES-AS-01 (AS398821)	2
Host Europe GmbH	CLOUDFLARENET (AS13335)	6
CLOUDFLARENET	Megagroup.ru LLC (AS60357)	1
registrar-servers.com	DIGITALOCEAN-ASN (AS14061)	1
CLOUDFLARENET	Botik Technologies LTD (AS5572)	1
avency GmbH	avency GmbH (AS12371)	2
ipcom GmbH	uvensys GmbH (AS58010)	2
IONOS SE	firstcolo GmbH (AS44066)	1
jino.ru	JSC RTComm.RU (AS8342)	1
thelinuxfix.com	INTERSTAR (AS4986)	3
Cloud DNS Ltd	creoline GmbH (AS205948)	6
awsdns-28.net	AMAZON-02 (AS16509)	1
Knipp Medien und Kommunikation GmbH	1&1 Versatel Deutschland GmbH (AS8881)	1
ipcom GmbH	IONOS SE (AS8560)	1
WIZ1	AS-VULTR (AS20473)	2
dealer.ms	OVH SAS (AS16276)	1
cylex.de	1&1 Versatel Deutschland GmbH (AS8881)	1
GOOGLE	CLOUDFLARENET (AS13335)	6
CLOUDFLARENET	green.ch AG (AS1836)	1
Hetzner Online GmbH	MICROSOFT-CORP-MSN-AS-BLOCK (AS8075)	1
beprominent.com	GOOGLE-CLOUD-PLATFORM (AS396982)	1
NSONE	CSC (AS19574)	6
open-telekom-cloud.com	Hetzner Online GmbH (AS24940)	1
comtrance.de	comtrance service GmbH (AS30962)	2
abdns.biz	Aruba S.p.A. (AS31034)	1
com.br	NETWORK-SOLUTIONS-HOSTING (AS19871)	1
OVH SAS	Free SAS (AS12322)	2
domserver.de	InterNetX GmbH (AS15456)	4
com.ua	TheHost LLC (AS56485)	1
AMAZON-02	GOOGLE-CLOUD-PLATFORM (AS396982)	8
GANDI SAS	AMAZON-02 (AS16509)	5
cobblesoft.de	Hetzner Online GmbH (AS24940)	2
iwantmyname.net	Hetzner Online GmbH (AS213230)	1
myip.ms	OVH SAS (AS16276)	1
co.uk	Shane Mc Cormack (AS15490)	1
smsbox1.net	OVH SAS (AS16276)	1
Host Europe GmbH	netcup GmbH (AS197540)	1
GANDI SAS	Akamai Connected Cloud (AS63949)	1
why3s.com	AS-COLOCROSSING (AS36352)	2
GMO Internet Group, Inc.	IDC Frontier Inc. (AS4694)	1
IONOS SE	SQUARESPACE (AS53831)	2
Host Europe GmbH	Host Europe GmbH (AS20773)	1
cronon.de	Strato GmbH (AS6724)	2
Host Europe GmbH	COMCAST-7922 (AS7922)	3
Host Europe GmbH	Hetzner Online GmbH (AS24940)	10
markmonitor.com	SPLUNK-WEST (AS22024)	2
cloudns.net	Domain names registrar REG.RU, Ltd (AS197695)	4
nameself.com	JSC IOT (AS29182)	1
Iomart Cloud Services Limited	Iomart Cloud Services Limited (AS20860)	6
Host Europe GmbH	Mittwald CM Service GmbH & Co. KG (AS15817)	1
Akamai International B.V.	GOOGLE-CLOUD-PLATFORM (AS396982)	1
IONOS SE	snafu Gesellschaft fuer interaktive Netzwerke mbH (AS34171)	1
proisp.no	One.com A/S (AS51468)	1
ns35.de	SpaceNet AG (AS5539)	1
Neue Medien Muennich GmbH	Host Europe GmbH (AS21499)	2
millenniumarts.net	Hetzner Online GmbH (AS24940)	2
CLOUDFLARENET	SAKURA Internet Inc. (AS9370)	3
dnsblizzard.com	Xidras GmbH (AS42557)	1
MICROSOFT-CORP-MSN-AS-BLOCK	WEEBLY (AS27647)	1
Hetzner Online GmbH	Hostinger International Limited (AS47583)	2
awsdns-15.com	AMAZON-AES (AS14618)	1
webglobe.cz	VSHosting s.r.o. (AS43541)	1
desec.io	TKRZ Stadtwerke GmbH (AS42184)	1
Knipp Medien und Kommunikation GmbH	23M GmbH (AS47447)	1
slik.eu	Tilaa B.V. (AS196752)	1
CLOUDFLARENET	SAKURA Internet Inc. (AS7684)	3
ibscorp.ru	FASTLY (AS54113)	1
CLOUDFLARENET	MYTEK TRADING PTY LTD (AS132825)	5
awsdns-07.com	AMAZON-02 (AS16509)	1
awsdns-28.org	AMAZON-AES (AS14618)	1
zoneedit.com	EDNS (AS16686)	2
netim.net	AMAZON-02 (AS16509)	1
dodns.net	united-domains GmbH (AS202108)	10
markmonitor.com	MICROSOFT-CORP-MSN-AS-BLOCK (AS8075)	1
netzone.ch	Bluewin (AS3303)	2
usnx.com	USNX (AS30647)	6
shellhosts.com	REFLECTED (AS29789)	1
CLOUDFLARENET	Hetzner Online GmbH (AS24940)	7
Host Europe GmbH	SOFTLAYER (AS36351)	2
IONOS SE	Deutsche Telekom AG (AS3320)	3
aftermarket.com	AMAZON-02 (AS16509)	1
dfn.de	Verein zur Foerderung eines Deutschen Forschungsnetzes e.V. (AS680)	1
Neue Medien Muennich GmbH	Hetzner Online GmbH (AS24940)	3
freedns.si	MICROSOFT-CORP-MSN-AS-BLOCK (AS8075)	1
megagroup.ru	Megagroup.ru LLC (AS60357)	1
IONOS SE	DIGITALOCEAN-ASN (AS14061)	1
cniweb.net	SD-DATA-CENTER (AS13984)	1
ipcom GmbH	Kazakov Viktor Aleksandrovich (AS200702)	1
olm.net	ESTRUXTURE-ON-19122 (AS19122)	2
Hetzner Online GmbH	Contabo GmbH (AS51167)	1
wada.ms	AS17378 (AS17378)	1
IONOS SE	Host Europe GmbH (AS21499)	2
CLOUDFLARENET	Rackspace Ltd. (AS15395)	1
CLOUDFLARENET	LINK Mobility SAS (AS43702)	1
swizzonic.ch	Sunrise GmbH (AS6730)	1
GMO Internet Group, Inc.	GOOGLE-CLOUD-PLATFORM (AS396982)	1
ipcom GmbH	Strato GmbH (AS6724)	2
metapeer.com	YOUR-ORG-INC-NA (AS19255)	2
Host Europe GmbH	Host Europe GmbH (AS60253)	1
dotmed.com	INTERNAP-BLK3 (AS13789)	1
IONOS SE	Contabo GmbH (AS51167)	1
MICROSOFT-CORP-MSN-AS-BLOCK	SAKURA Internet Inc. (AS9371)	1
deltagroup.com	INVOLTA (AS14230)	1
IONOS SE	TelemaxX Telekommunikation GmbH (AS12843)	1
icicibank.com	ICICIBANK Ltd, Banking, Mumbai (AS17436)	1
Host Europe GmbH	ASN-CXA-ALL-CCI-22773-RDC (AS22773)	1
loopia.se	Loopia AB (AS39570)	1
hetzner.com	Hetzner Online GmbH (AS24940)	2
Host Europe GmbH	DIGITALOCEAN-ASN (AS14061)	10
duonet.net	COMCAST-7922 (AS7922)	1
shoogee.com	kyberio GmbH (AS24679)	1
spaceship.net	AMAZON-02 (AS16509)	3
xeonserv.de	rh-tec Business GmbH (AS25560)	1
nshost2.de	TelemaxX Telekommunikation GmbH (AS12843)	3
awsdns-09.net	AMAZON-02 (AS16509)	1
Nessus GmbH	Nessus GmbH (AS47692)	2
ref.de	velia.net Internetdienste GmbH (AS29066)	1
Domain names registrar REG.RU, Ltd	Clinic of Aesthetic Medicine CJSC (AS56935)	1
Knipp Medien und Kommunikation GmbH	Hetzner Online GmbH (AS24940)	3
ab stract ltd	AS-VULTR (AS20473)	1
Domain names registrar REG.RU, Ltd	Rostelecom (AS12389)	1
SECURITYSERVICES	AS14725 (AS14725)	1
cloudbear.eu	Bahnhof AB (AS8473)	1
name-services.com	SQUARESPACE (AS53831)	1
s-url.org	IONOS SE (AS8560)	1
webreus.net	Signet B.V. (AS20857)	1
CLOUDFLARENET	UMMC (AS395073)	1
ab stract ltd	ab stract ltd (AS39287)	2
ns14.net	Andreas Otto (AS199644)	2
IONOS SE	1&1 Versatel Deutschland GmbH (AS8881)	1
Knipp Medien und Kommunikation GmbH	Verein zur Foerderung eines Deutschen Forschungsnetzes e.V. (AS680)	2
ab stract ltd	Green Floid LLC (AS204957)	2
carrierzone.com	INFB2-AS (AS30447)	1
MICROSOFT-CORP-MSN-AS-BLOCK	OVH SAS (AS16276)	3
awsdns-11.org	QTS-SUW1-ATL1 (AS20141)	1
CLOUDFLARENET	LeaseWeb Netherlands B.V. (AS60781)	1
ns14.net	Host Europe GmbH (AS21499)	1
webreus.net	NetBase BV (AS213192)	1
casecorp.com	KYNDR-RTP (AS16734)	1
hexonet.net	UNIFIEDLAYER-AS-1 (AS46606)	2
awsdns-20.org	AMAZON-AES (AS14618)	1
guhlke.net	Host Europe GmbH (AS8972)	1
NUCDN	Keepit A/S (AS9120)	1
manitu.net	manitu GmbH (AS34240)	3
igbau.ms	Hetzner Online GmbH (AS24940)	1
kcs-netz.de	Hetzner Online GmbH (AS24940)	1
register.be	GOOGLE-CLOUD-PLATFORM (AS396982)	1
markmonitor.com	HILTON-E (AS26529)	3
ipcom GmbH	POWER LINE DATACENTER (AS132839)	1
managed-ip.com	MICROSOFT-CORP-MSN-AS-BLOCK (AS8075)	1
ns14.net	METANET AG (AS21069)	1
cloud86.nl	Duocast B.V. (AS31477)	1
proisp.no	ServeTheWorld AS (AS34989)	1
ignum.eu	Webglobe, s.r.o. (AS29134)	1
awsdns-15.org	QTS-SUW1-ATL1 (AS20141)	1
net.au	SYNERGY WHOLESALE PTY LTD (AS45638)	4
Host Europe GmbH	SUCURI-SEC (AS30148)	4
awsdns-23.com	AMAZON-02 (AS16509)	1
registrar-servers.com	British Telecommunications PLC (AS2856)	1
antol.cloud	Hetzner Online GmbH (AS24940)	1
Akamai International B.V.	MASTER-7-AS (AS26380)	2
fal.cn	AMAZON-02 (AS16509)	1
ab stract ltd	Partner Hosting LTD (AS215826)	1
inmotionhosting.com	INMOTION (AS22611)	2
Domain names registrar REG.RU, Ltd	TimeWeb LLC (AS9123)	2
hostico.ro	AMAZON-02 (AS16509)	1
ipcom GmbH	COGENT-174 (AS174)	1
DIGICERT	SOFTLAYER (AS36351)	1
ipcom GmbH	TKRZ Stadtwerke GmbH (AS42184)	1
first-ns.de	FASTLY (AS54113)	1
CLOUDFLARENET	WEEBLY (AS27647)	1
MICROSOFT-CORP-MSN-AS-BLOCK	MICROSOFT-CORP-MSN-AS-BLOCK (AS8068)	1
awsdns-02.com	Hetzner Online GmbH (AS24940)	1
facebook.com	FACEBOOK (AS32934)	2
awsdns-06.com	AMAZON-02 (AS16509)	1
CLOUDFLARENET	DMNL-ASN-01 (AS401348)	4
digimagical.com	Nessus GmbH (AS47692)	1
awsdns-14.com	AMAZON-AES (AS14618)	1
linode.com	GOOGLE-CLOUD-PLATFORM (AS396982)	1
smilehost.net	DIGITALOCEAN-ASN (AS14061)	1
CLOUDFLARENET	Intrahost Solutions Ltd (AS214124)	1
safenames.com	Safenames Ltd. (AS60819)	4
secureserver.net	AMAZON-02 (AS16509)	1
Knipp Medien und Kommunikation GmbH	AMAZON-02 (AS16509)	2
AMAZON-02	AMAZON-02 (AS16509)	3
net-server.de	Net-Build GmbH (AS38927)	1
nmmn.com	AMAZON-02 (AS16509)	1
mail.ru	Beget LLC (AS198610)	1
awsdns-25.net	AMAZON-02 (AS16509)	3
MICROSOFT-CORP-MSN-AS-BLOCK	imos Gesellschaft fuer Internet-Marketing und Online-Services mbH (AS20677)	1
Signet B.V.	CLDIN B.V. (AS48635)	1
machsol.com	MachCloud B.V. (AS39146)	1
timeweb.org	TimeWeb LLC (AS9123)	1
Hetzner Online GmbH	Nessus GmbH (AS47692)	1
megaservers-dns.de	Megaservers.de (AS197890)	1
com.br	Under Servicos de Internet Ltda (AS28209)	1
iwantmyname.net	RACKDOG-LLC (AS398465)	1
tldr.ms	AMAZON-02 (AS16509)	1
DIGICERT	IWEB-AS (AS32613)	1
cloudns.net	Netulu Incorporated (AS215740)	1
websitescreator.de	IONOS SE (AS8560)	4
tophost.ch	NovaTrend Services GmbH (AS35206)	2
dynu.com	DYNU (AS398019)	2
com.br	TELEFONICA BRASIL S.A (AS27699)	1
Host Europe GmbH	Enflow B.V. (AS209626)	1
markmonitor.com	VERISIGN-ILG1 (AS30060)	1
awsdns-19.org	AMAZON-02 (AS16509)	1
Groupe LWS SARL	Groupe LWS SARL (AS210403)	2
yahoo.com	AMAZON-02 (AS16509)	1
srv53.com	Internet Invest, Ltd. (AS25393)	1
vhost.net	LIQUIDWEB (AS53824)	1
directnic.com	AMAZON-02 (AS16509)	2
awardspace.com	Zetta Hosting Solutions LLC. (AS44476)	1
WIZ1	SQUARESPACE (AS53831)	1
afraid.org	SHARKTECH (AS46844)	1
UNIFIEDLAYER-AS-1	UNIFIEDLAYER-AS-1 (AS46606)	5
hostpapa.com	WEBINT (AS11989)	2
managed-ip.com	InterNetX GmbH (AS15456)	1
CLOUDFLARENET	LIQUIDWEB (AS53824)	1
Akamai International B.V.	AS-26496-GO-DADDY-COM-LLC (AS26496)	1
entnet11.com	LIQUIDWEB (AS32244)	1
zoneedit.com	AMAZON-02 (AS16509)	1
webnames.ca	COGECO-PEER1 (AS13768)	3
srv53.com	CLOUDFLARENET (AS13335)	1
Host Europe GmbH	GOOGLE (AS15169)	5
greatnet.de	EVANZO e-commerce GmbH (AS42730)	2
webb.net	Hetzner Online GmbH (AS24940)	1
inmotionhosting.com	IMH-IAD (AS54641)	3
Domain names registrar REG.RU, Ltd	SpaceWeb Ltd (AS44112)	1
tiscomhosting.eu	Totaalnet Internet Works B.V. (AS43190)	3
brightervisionsites200.com	PRIVATESYSTEMS (AS63410)	1
hostica.com	AMAZON-AES (AS14618)	1
CLOUDFLARENET	LEVEL3 (AS3356)	1
3claws.de	Hetzner Online GmbH (AS24940)	1
ipcom GmbH	INCAPSULA (AS19551)	1
CLOUDFLARENET	Sony Network Communications Inc. (AS2527)	1
alwaysdata.com	Alwaysdata Sarl (AS60362)	1
bosch.de	Robert Bosch Gesellschaft mit Beschraenkter Haftung (AS9183)	1
ea.ms	AS-30083-US-VELIA-NET (AS30083)	1
CLOUDFLARENET	GMO Internet Group, Inc. (AS7506)	4
awsdns-04.com	FRONTIER-FRTR (AS5650)	1
ch-meta.net	METANET AG (AS21069)	1
ungleich.ch	Rulematch Ag (AS208731)	1
conexcol.net	GTD COLOMBIA S.A.S (AS26619)	1
ipcom GmbH	Verein zur Foerderung eines Deutschen Forschungsnetzes e.V. (AS680)	1
parrot-media.de	netcup GmbH (AS197540)	1
domaisy.de	23M GmbH (AS47447)	1
ipcom GmbH	Key-Systems GmbH (AS196763)	1
Host Europe GmbH	Signet B.V. (AS20857)	1
CLOUDFLARENET	Tencent Building, Kejizhongyi Avenue (AS132203)	1
yourdomainprovider.net	Metaregistrar B.V. (AS42585)	1
first-ns.de	Hetzner Online GmbH (AS24940)	5
ewfz.com	Zen Internet Ltd (AS13037)	1
CLOUDFLARENET	imos Gesellschaft fuer Internet-Marketing und Online-Services mbH (AS20677)	1
sedo.com	SEDO GmbH (AS47846)	2
CLOUDFLARENET	SingTel Optus Pty Ltd (AS7474)	1
nr-city.net	Deutsche Telekom AG (AS3320)	1
IONOS SE	FASTLY (AS54113)	2
awsdns-11.com	AMAZON-AES (AS14618)	1
srv53.com	Hetzner Online GmbH (AS24940)	4
MICROSOFT-CORP-MSN-AS-BLOCK	COMCAST-7922 (AS7922)	1
SECURITYSERVICES	Telia Company AB (AS3301)	1
MICROSOFT-CORP-MSN-AS-BLOCK	LIQUIDWEB (AS32244)	1
webmasters.com	ACEHOST (AS398779)	1
jpberlin.de	Heinlein-Support GmbH (AS199118)	1
ipcom GmbH	AUTOMATTIC (AS2635)	1
CLOUDFLARENET	COMCAST-7922 (AS7922)	3
CLOUDFLARENET	ACME Universal Co. (AS56190)	1
phase8.net	Team Blue Internet Services Uk Limited (AS8622)	2
awsdns-13.org	AMAZON-02 (AS16509)	1
yandexcloud.net	The Center of Dedicated Servers LLC (AS51783)	1
EPIK-LLC	AMAZON-AES (AS14618)	2
ns14.net	IP-Projects GmbH & Co. KG (AS48314)	1
webmo.fr	CTS Computers and Telecommunications Systems SAS (AS35393)	1
inetdns.com	MachCloud B.V. (AS39146)	2
uwi.edu	UWI-OPEN-CAMPUS (AS46764)	1
ab stract ltd	OVH SAS (AS16276)	2
CLOUDFLARENET	netcup GmbH (AS197540)	4
Host Europe GmbH	Zettagrid Pty Ltd (AS7604)	1
co.uk	DIGITALOCEAN-ASN (AS14061)	1
netzoomi.net	UK Dedicated Servers Limited (AS42831)	1
3m.com	AMAZON-02 (AS16509)	2
hosting.de	Hetzner Online GmbH (AS24940)	1
awsdns-07.org	GOOGLE-CLOUD-PLATFORM (AS396982)	1
ipcom GmbH	Host Europe GmbH (AS34011)	1
NSONE	GOOGLE (AS15169)	3
cyon.ch	cyon GmbH (AS47302)	2
iwantmyname.net	InterNetX GmbH (AS15456)	4
dnsvisa.com	CLOUDFLARENET (AS13335)	2
nextgenerationservers.com	CL-1763-47869 (AS47869)	1
Akamai International B.V.	ADP1 (AS14299)	1
awsdns-36.com	IT7NET (AS25820)	1
awsdns-33.com	AMAZON-02 (AS16509)	1
CLOUDFLARENET	HOSTHATCH (AS63473)	1
DIGICERT	Hostinger International Limited (AS47583)	1
bv8.net	AMAZON-AES (AS14618)	1
Host Europe GmbH	SH.cz s.r.o. (AS39392)	1
RACKSPACE	Akamai Connected Cloud (AS63949)	3
Nessus GmbH	Hetzner Online GmbH (AS24940)	1
awsdns-20.com	AMAZON-02 (AS16509)	1
transat.com	TRANSAT (AS54447)	1
plusserver.com	PlusServer GmbH (AS61157)	1
inwx.ch	InterNetworX Management GmbH (AS48596)	1
IONOS SE	Verein zur Foerderung eines Deutschen Forschungsnetzes e.V. (AS680)	1
awsdns-20.net	AMAZON-AES (AS14618)	1
markmonitor.com	Deutsche Telekom AG (AS3320)	1
Hetzner Online GmbH	Verein zur Foerderung eines Deutschen Forschungsnetzes e.V. (AS680)	3
edcus.com	IMDC-AS12025 (AS12025)	1
Host Europe GmbH	MIRhosting B.V. (AS52000)	1
alfahosting.info	dogado GmbH (AS8648)	3
nsdns.info	Hetzner Online GmbH (AS24940)	1
mijndnsserver.nl	Tilaa B.V. (AS196752)	1
websitescreator.de	Deutsche Telekom AG (AS3320)	1
awsdns-12.org	Akamai Connected Cloud (AS63949)	1
IONOS SE	23M GmbH (AS47447)	1
awsdns-14.com	AMAZON-02 (AS16509)	2
Host Europe GmbH	GO-DADDY-COM-LLC (AS398787)	4
b-smarthosting.net	Stichting DIGI NL (AS206281)	1
Host Europe GmbH	TT-US-1 (AS46642)	1
remonversteeg.nl	M3 Groep BV (AS208537)	1
CLOUDFLARENET	TZULO (AS11878)	1
awsdns-29.com	VS-MEDIA-IPV4 (AS395412)	1
site.be	AMAZON-02 (AS16509)	1
ispuk.net	UK-2 Limited (AS13213)	3
Host Europe GmbH	AMANAHA-NEW (AS32489)	1
cmd.su	Jsc ru-center (AS39494)	1
Host Europe GmbH	Digital United Inc. (AS4780)	1
name-services.com	Cloudflare London, LLC (AS209242)	2
CLOUDFLARENET	OIS1 (AS26337)	8
alfahosting.info	23M GmbH (AS47447)	1
open-telekom-cloud.com	T-Systems International GmbH (AS6878)	2
CLOUDFLARENET	X4B DDoS Protected Announcements (AS136165)	1
express.ms	Yandex.Cloud LLC (AS200350)	1
CLOUDFLARENET	IS-AS-1 (AS19318)	1
natrohost.com	Hosting Dunyam Bilisim Teknolojileri Ticaret Limited Sirketi (AS212219)	1
Knipp Medien und Kommunikation GmbH	Neue Medien Muennich GmbH (AS34788)	2
Host Europe GmbH	20i Limited (AS48254)	1
live-net.sk	VNET a.s. (AS29405)	1
IONOS SE	GOOGLE-CLOUD-PLATFORM (AS396982)	2
mdtechcorp.com	HK Broadband Network Ltd. (AS10103)	1
cygnus.de	IONOS SE (AS8560)	1
name-services.com	Host Europe GmbH (AS21499)	1
ns14.net	Nawork Internet Informationssysteme GmbH (AS9211)	1
GANDI SAS	Mammoth Media Pty Ltd (AS133159)	1
Host Europe GmbH	AUTOMATTIC (AS2635)	1
ns0.nl	Signet B.V. (AS20857)	2
ns-network.org	Hetzner Online GmbH (AS24940)	1
portsdns.net	Tele2 SWIPnet (AS1257)	1
usnetworx.net	GOOGLE (AS15169)	1
awsdns-19.org	FASTLY (AS54113)	1
checkdomain.de	SQUARESPACE (AS53831)	1
netcup GmbH	Bradler & Krantz GmbH & Co. KG (AS29141)	2
IONOS SE	AMAZON-02 (AS16509)	3
GOOGLE	FASTLY (AS54113)	3
ip-projects.de	IP-Projects GmbH & Co. KG (AS48314)	1
cargo.site	AMAZON-AES (AS14618)	2
Host Europe GmbH	NTT Com Asia Limited (AS9293)	1
G-Core Labs S.A.	HKCLOUDX (AS62468)	1
Host Europe GmbH	LIQUIDWEB (AS32244)	1
vsvr.de	Hetzner Online GmbH (AS24940)	1
CLOUDFLARENET	BELLSOUTH-NET-BLK (AS6389)	1
CLOUDFLARENET	ROGERS-COMMUNICATIONS (AS812)	1
awsdns-01.net	AMAZON-02 (AS16509)	2
hoststar.hosting	Hetzner Online GmbH (AS24940)	2
portfast.net	Ans Academy Limited (AS61323)	1
inetworx.ch	iNetWorx AG (AS199003)	1
awsdns-17.org	CLOUDFLARENET (AS13335)	1
Xserver Inc.	Xserver Inc. (AS131965)	3
blacknight.com	GOOGLE-CLOUD-PLATFORM (AS396982)	1
webhosting4.me	Hetzner Online GmbH (AS24940)	1
1gb.ru	Hostlab LLC (AS51734)	1
radinko.com	Gransy s.r.o. (AS60592)	1
dns1.de	Artfiles New Media GmbH (AS8893)	1
domain-hosting.name	InterNetX GmbH (AS15456)	1
awsdns-04.net	AMAZON-02 (AS16509)	1
SECURITYSERVICES	CL-1379-14537 (AS14537)	1
CLOUDFLARENET	GANDI SAS (AS29169)	2
gmoserver.jp	GMO Internet Group, Inc. (AS58791)	1
Host Europe GmbH	AS-VULTR (AS20473)	1
NUCDN	Team Internet AG (AS61969)	3
CLOUDFLARENET	Enet Telecommunications Networks Limited (AS207044)	1
firstvds.ru	JSC IOT (AS29182)	1
dnsbycomodo.net	CONFLUENCE-NETWORK-INC (AS40034)	1
Host Europe GmbH	RAMNODE (AS3842)	1
GANDI SAS	GMO Internet Group, Inc. (AS7506)	1
att.net	UPS (AS12217)	1
SECURITYSERVICES	AS-26496-GO-DADDY-COM-LLC (AS26496)	3
awsdns-49.com	AMAZON-02 (AS16509)	1
ns14.net	Plusnet GmbH (AS20676)	1
ipcom GmbH	aurologic GmbH (AS30823)	1
CLOUDFLARENET	GOOGLE (AS15169)	4
ipcom GmbH	Deutsche Telekom AG (AS3320)	1
Knipp Medien und Kommunikation GmbH	green.ch AG (AS1836)	1
ne.jp	Xserver Inc. (AS131965)	1
dondominio.com	Gurbtec Iguana Telecom SL (AS208909)	1
ed-net.de	NetCologne Gesellschaft fur Telekommunikation mbH (AS8422)	1
trouble-free.net	IS-AS-1 (AS19318)	1
alda.ms	HZ Hosting Ltd (AS59711)	1
Host Europe GmbH	UNIFIEDLAYER-AS-1 (AS46606)	3
GOOGLE	Cloudflare London, LLC (AS209242)	1
adfc-msl.de	Hetzner Online GmbH (AS24940)	1
Iomart Cloud Services Limited	IONOS SE (AS8560)	1
cloudns.net	Verizon Nederland B.V. (AS2830)	1
com.br	IWEB-AS (AS32613)	2
dns-h.com	Hetzner Online GmbH (AS24940)	1
dnspod.net	Hangzhou Alibaba Advertising Co.,Ltd. (AS37963)	1
1&1 Versatel Deutschland GmbH	1&1 Versatel Deutschland GmbH (AS8881)	2
IONOS SE	Mittwald CM Service GmbH & Co. KG (AS15817)	2
GOOGLE	Netcen Teknoloji Ltd. Sti (AS197143)	1
Host Europe GmbH	CABLEONE (AS11492)	1
DIGICERT	AMAZON-02 (AS16509)	5
GANDI SAS	AS-VULTR (AS20473)	2
ab stract ltd	UAB Interneto vizija (AS212531)	1
cbsv.jp	DigiRock, Inc. (AS37907)	1
Host Europe GmbH	WOW-INTERNET (AS12083)	1
dodns.net	'items GmbH & Co. KG' (AS43397)	2
DTS Systeme Muenster GmbH	IP-Projects GmbH & Co. KG (AS48314)	1
umc.edu	UMMC (AS395073)	1
dns1.de	dogado GmbH (AS8648)	1
HURRICANE	Bahnhof AB (AS8473)	1
secureserver.net	GO-DADDY-COM-LLC (AS398101)	1
digicertdns.com	Neterra Ltd. (AS34224)	1
loyal.ms	GOOGLE-CLOUD-PLATFORM (AS396982)	1
stabletransit.com	Node4 Limited (AS31727)	1
domain24.com	Key-Systems GmbH (AS13246)	1
Host Europe GmbH	ASN-FLEXENTIAL (AS13649)	1
HURRICANE	LIQUIDNETLTD1 (AS14555)	1
hostinger.ru	Hostinger International Limited (AS47583)	1
your-web.ch	BIG IT AG (AS208378)	1
DTS Systeme Muenster GmbH	FM-Datacenter GmbH & Co. KG (AS44599)	1
awsdns-26.net	AMAZON-AES (AS14618)	1
CLOUDFLARENET	ROAMR-COMMUNICATIONS (AS400414)	1
mithis.com	Hetzner Online GmbH (AS24940)	2
domains.ch	Sunrise GmbH (AS6730)	1
DIGICERT	Akamai Connected Cloud (AS63949)	1
contabo.net	Contabo GmbH (AS51167)	1
name-services.com	Advania Island ehf (AS50613)	1
hostforweb.net	WHG Hosting Services Ltd (AS14670)	1
ne.jp	IDC Frontier Inc. (AS4694)	1
itgrator.org	Hetzner Online GmbH (AS24940)	1
mschosting.cloud	Exa Bytes Network Sdn.Bhd. (AS46015)	1
cargo.site	AMAZON-02 (AS16509)	1
managed-ip.com	InfoServe GmbH (AS9188)	1
awsdns-09.com	GOOGLE-CLOUD-PLATFORM (AS396982)	1
dodns.net	PlusServer GmbH (AS61157)	1
de-nserver.de	dogado GmbH (AS45012)	1
AMAZON-02	AMAZON-AES (AS14618)	2
GOOGLE	GOOGLE (AS15169)	2
dontask.us	PANIX (AS2033)	1
blg.ms	Contabo GmbH (AS51167)	1
netsoniccloud.com	NETSONIC (AS11595)	1
CLOUDFLARENET	TimeWeb LLC (AS9123)	1
G-Core Labs S.A.	FD-298-8796 (AS8796)	1
IONOS SE	AMAZON-AES (AS14618)	1
srv53.com	A2HOSTING (AS55293)	2
Deutsche Telekom AG	T-Systems International GmbH (AS34086)	3
funcli.net	Hetzner Online GmbH (AS24940)	1
schemann.ms	Hetzner Online GmbH (AS24940)	1
CLOUDFLARENET	COGENT-174 (AS174)	2
Host Europe GmbH	Brasilfone SA (AS52820)	1
dnsdienst.de	dogado GmbH (AS45012)	1
SECURITYSERVICES	BE DC Connect UK Limited (AS25577)	1
CLOUDFLARENET	Hostpro Lab LLC (AS196645)	1
CLOUDFLARENET	Nessus GmbH (AS47692)	1
ab stract ltd	Alexhost Srl (AS200019)	2
awsdns-35.net	AMAZON-02 (AS16509)	1
awsdns-16.org	AMAZON-02 (AS16509)	1
YANDEX LLC	JSC IOT (AS29182)	1
mcnw.in	CLOUDFLARENET (AS13335)	1
spaceweb.pro	SpaceWeb Ltd (AS44112)	1
iwantmyname.net	MICROSOFT-CORP-MSN-AS-BLOCK (AS8075)	1
bunny.net	Datacamp Limited (AS60068)	1
CLOUDFLARENET	INFOTECHSYS (AS6943)	1
ignum.com	VSHosting s.r.o. (AS43541)	1
CLOUDFLARENET	SQUARESPACE (AS53831)	4
exohosting.cz	VNET a.s. (AS29405)	1
domainnetwork.se	TCIS (AS22747)	1
GANDI SAS	Hetzner Online GmbH (AS24940)	2
awsdns-42.org	AMAZON-02 (AS16509)	1
routing.net	Hosting.de GmbH (AS12574)	2
awsdns-07.net	GO-DADDY-COM-LLC (AS398101)	1
domainers.de	Hetzner Online GmbH (AS24940)	1
seohost.pl	AMAZON-02 (AS16509)	1
awsdns-02.net	AMAZON-02 (AS16509)	1
CLOUDFLARENET	Cloudie Limited (AS55933)	1
openprovider.be	ORACLE-BMC-31898 (AS31898)	1
dnsimple.com	AMAZON-AES (AS14618)	1
GOOGLE	Bharti Airtel Ltd., Telemedia Services (AS24560)	1
parklogic.com	Akamai Connected Cloud (AS63949)	2
MICROSOFT-CORP-MSN-AS-BLOCK	FASTLY (AS54113)	3
c025jp1940.info	SAKURA Internet Inc. (AS9371)	1
Hetzner Online GmbH	FASTLY (AS54113)	1
MICROSOFT-CORP-MSN-AS-BLOCK	ADC-ATLANTA (AS54649)	1
axc.nl	CLDIN B.V. (AS48635)	2
adcmsp.com	LNH-INC (AS20021)	1
MICROSOFT-CORP-MSN-AS-BLOCK	Juergen Bachinger (AS198638)	1
xtra-nice.de	velia.net Internetdienste GmbH (AS29066)	1
routing.net	Hetzner Online GmbH (AS24940)	1
ab stract ltd	AS-COLOCROSSING (AS36352)	1
x-dot.de	1&1 Versatel Deutschland GmbH (AS8881)	1
MICROSOFT-CORP-MSN-AS-BLOCK	INTERNAP-BLK (AS10913)	2
registrar-servers.com	NAMECHEAP-NET (AS22612)	1
few.ms	Akamai Connected Cloud (AS63949)	1
DIGICERT	NETWORK-SOLUTIONS-HOSTING (AS19871)	1
ns0.com	PAIR-NETWORKS (AS7859)	1
hosterion.com	Hosterion Srl (AS43927)	1
domain-hosting.name	Hetzner Online GmbH (AS24940)	2
Host Europe GmbH	Ddos-guard Ltd (AS57724)	1
NUCDN	Datacenter Luxembourg S.A. (AS24611)	3
sap-ag.de	SAP-NIE (AS14114)	1
IONOS SE	Combell NV (AS34762)	1
HURRICANE	IT7NET (AS25820)	1
ipcom GmbH	Gamsjaeger Kabel-TV & ISP Betriebs GmbH (AS43848)	1
juuze.de	Deutsche Telekom AG (AS3320)	1
CLOUDFLARENET	Eurofiber France SAS (AS39405)	1
awsdns-14.org	AMAZON-02 (AS16509)	1
sectigoweb.com	LeaseWeb Netherlands B.V. (AS60781)	1
checkdomain.de	Optitrust GmbH (AS200062)	1
ip-projects.de	uvensys GmbH (AS58010)	1
awsdns-03.com	AMAZON-02 (AS16509)	1
dnsdienst.de	AMAZON-02 (AS16509)	1
yahoo.ms	NTT-DATA-2914 (AS2914)	1
Host Europe GmbH	RMH-14 (AS33070)	2
co.uk	Ans Academy Limited (AS61323)	1
MICROSOFT-CORP-MSN-AS-BLOCK	NSS S.A. (AS16814)	2
CLOUDFLARENET	Under Servicos de Internet Ltda (AS28209)	1
dns1dns2dns3.com	OVH SAS (AS16276)	1
digicertdns.com	VENTURETECHNOLOGIES (AS23081)	1
nadns1.com	Nameshield SAS (AS20756)	2
celeros.de	Nawork Internet Informationssysteme GmbH (AS9211)	1
proisp.no	Emp Secure As (AS28824)	1
amenworld.com	Register S.p.A. (AS39729)	1
aftermarket.pl	AS48707 OPS PL sp. z o.o. (AS48707)	1
sixtechcms.net	Hetzner Online GmbH (AS24940)	1
awsdns-11.net	AMAZON-02 (AS16509)	1
CLOUDFLARENET	Net Solutions - Consultoria Em Tecnologias De Informacao, Sociedade Unipessoal LDA (AS47674)	1
awsdns-37.com	Hetzner Online GmbH (AS24940)	1
mixhost.jp	SAKURA Internet Inc. (AS7684)	2
mixtmedia.ro	Contabo GmbH (AS51167)	1
1&1 Versatel Deutschland GmbH	Host Europe GmbH (AS34011)	1
awsdns-31.net	GOOGLE-CLOUD-PLATFORM (AS396982)	2
CLOUDFLARENET	KTCFV-USA (AS33134)	1
dominiok.it	Hetzner Online GmbH (AS24940)	1
GANDI SAS	GANDI SAS (AS203476)	1
DinaHosting S.L.	DinaHosting S.L. (AS42612)	2
IONOS SE	Host Europe GmbH (AS20773)	2
rightsdns.com	GOOGLE-CLOUD-PLATFORM (AS396982)	2
Host Europe GmbH	RENDER (AS397273)	2
awsdns-21.com	AMAZON-02 (AS16509)	1
markmonitor.com	GOOGLE-CLOUD-PLATFORM (AS396982)	1
Host Europe GmbH	NEOCITIES (AS395409)	1
eurovoice.net	AS-VULTR (AS20473)	1
thirdeye.it	Parvati Srl (AS60975)	1
philips.com	AMAZON-02 (AS16509)	1
Knipp Medien und Kommunikation GmbH	CLOUDFLARENET (AS13335)	1
Host Europe GmbH	OVH SAS (AS16276)	1
galaxyit.solutions	LIQUIDWEB (AS32244)	1
Host Europe GmbH	GO-DADDY-COM-LLC (AS400754)	1
Host Europe GmbH	Vodafone GmbH (AS3209)	1
dodns.net	Strato GmbH (AS6724)	1
nazwa.pl	Nazwa.pl Sp.z.o.o. (AS15967)	1
topdns.com	NForce Entertainment B.V. (AS43350)	1
viennacix.com	AZISTA GmbH (AS20751)	1
issociate.de	InterNetX GmbH (AS15456)	1
Host Europe GmbH	Dattatec.com (AS27823)	1
privatesystems.net	PRIVATESYSTEMS (AS63410)	1
GOOGLE	DIGITALOCEAN-ASN (AS14061)	1
work.de	ScaleUp Technologies GmbH & Co. KG (AS29014)	1
netrider.ua	PE Vinokurov Anton Vladyslavovych (AS59585)	1
Akamai International B.V.	NCUBE-OREGON-AS (AS1219)	1
incognito.ms	Hetzner Online GmbH (AS24940)	1
stabletransit.com	LIQUIDWEB (AS32244)	1
first-ns.de	Verein zur Foerderung eines Deutschen Forschungsnetzes e.V. (AS680)	1
IONOS SE	Neue Medien Muennich GmbH (AS34788)	2
GANDI SAS	O2switch SAS (AS50474)	1
virtualsolution.net	Netsons s.r.l. (AS60087)	1
CLOUDFLARENET	VERISIGN-ILG1 (AS30060)	2
websitescreator.de	Wix.com Ltd. (AS58182)	2
bcom.cz	CASABLANCA INT a.s. (AS15685)	1
jupiter.ms	Internet Invest, Ltd. (AS28907)	1
ipcom GmbH	LEASEWEB-USA-WDC (AS30633)	1
Hangzhou Alibaba Advertising Co.,Ltd.	Alibaba US Technology Co., Ltd. (AS45102)	1
net.il	Partner Communications Ltd. (AS12400)	1
airfiber.net	TELEPAK-NETWORKS-INC (AS11272)	2
directnic.com	TP (AS399522)	2
Domain names registrar REG.RU, Ltd	Ddos-guard Ltd (AS57724)	3
IONOS SE	Hotel Reservation Service Robert Ragge GmbH (AS28801)	1
CLOUDFLARENET	IP-Projects GmbH & Co. KG (AS48314)	1
CLOUDFLARENET	Beget LLC (AS198610)	1
longbsants.com	Under Servicos de Internet Ltda (AS28209)	1
Host Europe GmbH	IMH-IAD (AS54641)	1
DIGITALOCEAN-ASN	FASTLY (AS54113)	1
awsdns-31.net	AMAZON-02 (AS16509)	1
systemdns.com	GO-DADDY-COM-LLC (AS398101)	1
wwe.com	AMAZON-AES (AS14618)	1
bravehost.com	IMH-IAD (AS54641)	1
usnx.com	GOOGLE-CLOUD-PLATFORM (AS396982)	1
GANDI SAS	GOOGLE-CLOUD-PLATFORM (AS396982)	1
buddyns.com	OVH SAS (AS16276)	1
75p.de	IONOS SE (AS8560)	1
awsdns-16.com	AS-VULTR (AS20473)	1
usnetworx.net	USNX (AS30647)	1
systemdns.com	IMH-IAD (AS54641)	1
Host Europe GmbH	CABLE-NET-1 (AS6128)	1
CLOUDFLARENET	JSC IOT (AS29182)	1
fastdns24.com	OOO VPS (AS200487)	1
heatvision.co	GOOGLE-CLOUD-PLATFORM (AS396982)	1
eastman.com	AMAZON-02 (AS16509)	1
AMAZON-02	Bralu Jurjanu biedriba (AS198620)	1
smtusa.com	MICROSOFT-CORP-MSN-AS-BLOCK (AS8075)	2
com.tr	Turk Telekom (AS9121)	1
netflix.net	AMAZON-02 (AS16509)	1
Domain names registrar REG.RU, Ltd	DIGITALOCEAN-ASN (AS14061)	1
42.ms	AMAZON-02 (AS16509)	1
apicius.com	OVH SAS (AS16276)	1
evetsites.net	VIN-01 (AS397060)	1
CLOUDFLARENET	Single Mode Networks Ltd (AS61337)	1
MICROSOFT-CORP-MSN-AS-BLOCK	MSFT (AS63314)	1
awsdns-03.net	AMAZON-AES (AS14618)	1
awsdns-02.com	AMAZON-02 (AS16509)	1
ui-global-dns.biz	IONOS SE (AS8560)	1
imendo.at	IMENDO GmbH (AS204081)	1
MICROSOFT-CORP-MSN-AS-BLOCK	Cloudflare London, LLC (AS209242)	1
ab stract ltd	British Telecommunications PLC (AS6871)	1
Akamai International B.V.	CSC (AS19574)	1
com.br	CYBERWEB NETWORKS LTDA (AS28299)	1
Host Europe GmbH	NOCIX (AS33387)	1
greengeeks.net	SINGLEHOP-LLC (AS32475)	1
dditservices.com	JWE S.a r.l. (AS34655)	1
nordicway.dk	Hetzner Online GmbH (AS24940)	1
iwantmyname.net	VERISIGN-ILG1 (AS30060)	2
CLOUDFLARENET	i3D.net B.V (AS49544)	1
casecorp.com	Fca Information Technology, Excellence And Methods S.p.A. (AS24771)	1
teleco.ch	Bluewin (AS3303)	1
CLOUDFLARENET	Okay-Telecom Ltd. (AS199669)	1
kcs-netz.de	PlusServer GmbH (AS61157)	2
is-fun.net	TelemaxX Telekommunikation GmbH (AS12843)	1
ipcom GmbH	Emirates Telecommunications Group Company (etisalat Group) Pjsc (AS5384)	1
webglobe.cz	Webglobe, s.r.o. (AS29134)	2
jw.ms	METANET AG (AS21069)	1
CLOUDFLARENET	Storm Networks LLC (AS43298)	1
regfish-ns.net	Hetzner Online GmbH (AS24940)	1
CLOUDFLARENET	RMH-14 (AS33070)	1
asok.de	Deutsche Telekom AG (AS3320)	1
CLOUDFLARENET	PEG-TY (AS398993)	1
amphi-dns.com	23M GmbH (AS47447)	3
Host Europe GmbH	webgo GmbH (AS48324)	1
vegasystems.de	VegaSystems GmbH & Co. KG (AS34372)	1
cmsmadesimple.org	Akamai Connected Cloud (AS63949)	1
hostek.com	CYBERCON (AS7393)	2
CLOUDFLARENET	DC MATRIX INTERNET SA (AS10733)	1
Host Europe GmbH	INCAPSULA (AS19551)	1
hostweb-dns.net	Hostserver GmbH (AS29140)	1
infrastruktur.ms	WEBDISCOUNT GmbH & Co. KG (AS24637)	1
dnsimple.com	LIQUIDWEB (AS53824)	1
a2hosting.com	A2HOSTING (AS55293)	2
Host Europe GmbH	Arabian Internet & Communications Services Co.ltd (AS201771)	1
name-services.com	CHARTER-20115 (AS20115)	1
MICROSOFT-CORP-MSN-AS-BLOCK	SQUARESPACE (AS53831)	1
stabletransit.com	AMAZON-AES (AS14618)	1
cats.ms	Hetzner Online GmbH (AS24940)	1
nowcom.com	NOWCOM-BGP (AS32337)	1
wwdh.hu	Hetzner Online GmbH (AS24940)	1
tyler.ms	CLOUDFLARENET (AS13335)	1
CLOUDFLARENET	MERRICK-AS (AS20229)	1
skynet.be	GOOGLE-CLOUD-PLATFORM (AS396982)	1
GOOGLE	AMAZON-02 (AS16509)	1
SECURITYSERVICES	BAYER-ARCH (AS23167)	1
systemdns.com	DIGITALOCEAN-ASN (AS14061)	1
natrohost.com	Cizgi Telekomunikasyon Anonim Sirketi (AS34619)	1
Akamai International B.V.	AMERICAN-EXPRESS (AS6307)	1
1and1-dns.com	IONOS SE (AS8560)	1
CLOUDFLARENET	Telekom Austria (AS8447)	1
venne-hosting.de	netcup GmbH (AS197540)	1
awsdns-22.com	AMAZON-AES (AS14618)	1
IONOS SE	CLOUDFLARENET (AS13335)	1
xnameserver.de	InterNetworX Management GmbH (AS48596)	1
hetzner.com	FASTLY (AS54113)	1
ipcom GmbH	Nawork Internet Informationssysteme GmbH (AS9211)	1
DTS Systeme Muenster GmbH	Host Europe GmbH (AS8972)	1
neostrada.nl	MICROSOFT-CORP-MSN-AS-BLOCK (AS8075)	1
qsgdns.com	AUTOMATTIC (AS2635)	1
MICROSOFT-CORP-MSN-AS-BLOCK	Neue Medien Muennich GmbH (AS34788)	1
noc34.com	NewMedia Express Pte Ltd (AS38001)	1
dnspod.net	Alibaba US Technology Co., Ltd. (AS45102)	1
registrar-servers.com	ASN-CXA-ALL-CCI-22773-RDC (AS22773)	1
awsdns-17.com	AMAZON-02 (AS16509)	1
CLOUDFLARENET	FlokiNET ehf (AS200651)	1
Host Europe GmbH	NEXCESS-NET (AS36444)	1
panola.net	COMPLETE-COMPUTERS (AS29902)	2
awsdns-14.net	DIGITALOCEAN-ASN (AS14061)	1
netim.net	Eurofiber France SAS (AS35625)	1
easydns.com	Amarutu Technology Ltd (AS206264)	2
inmotionhosting.com	Australian Crime Commission (AS153381)	1
awsdns-06.net	AMAZON-AES (AS14618)	1
iwantmyname.net	GOOGLE-CLOUD-PLATFORM (AS396982)	1
whirlpool.com	LUMOS (AS7795)	1
bid.ms	LIQUIDWEB (AS32244)	1
CLOUDFLARENET	Infomaniak Network SA (AS29222)	1
Host Europe GmbH	M1 NET LTD (AS17547)	1
uk10.com	AMAZON-02 (AS16509)	1
SECURITYSERVICES	Bridge Fibre Limited (AS51055)	1
nameserver01.com	OVH SAS (AS16276)	1
CLOUDFLARENET	KAGOYA JAPAN Inc. (AS24282)	1
directnic.com	FASTLY (AS54113)	1
IONOS SE	webgo GmbH (AS48324)	1
DIGICERT	Cloudflare London, LLC (AS209242)	1
CLOUDFLARENET	VENTURETECHNOLOGIES (AS23081)	1
lavabits.com	GO-DADDY-COM-LLC (AS398101)	1
as207960.net	FASTLY (AS54113)	1
netclusive.net	Equinix (Germany) GmbH (AS24989)	1
credit-suisse.com	UBS Group AG (AS8729)	2
bb-online.biz	AS-VULTR (AS20473)	1
openprovider.be	AMAZON-02 (AS16509)	1
AS-VULTR	HURRICANE (AS6939)	3
name2ip.de	1&1 Versatel Deutschland GmbH (AS8881)	2
Deutsche Telekom AG	Enflow B.V. (AS209626)	1
dnsip.com	HONG KONG KOWLOON TELECOMMUNICATIONS CO.,LIMITED (AS135357)	1
tdmp.net	OVH SAS (AS16276)	1
CLOUDFLARENET	CENTURYLINK-LEGACY-SAVVIS (AS3561)	1
YANDEX LLC	GOOGLE (AS15169)	1
awsdns-01.org	ORACLE-BMC-31898 (AS31898)	1
gestiondecuenta.com	DinaHosting S.L. (AS42612)	2
CLOUDFLARENET	Ganesh Hosting SARL (AS43800)	1
sehen-design.com	IONOS SE (AS8560)	1
rackspace.com	RACKSPACE (AS27357)	2
SECURITYSERVICES	BANKAMERICA (AS10794)	1
dondominio.com	AMAZON-02 (AS16509)	1
DTS Systeme Muenster GmbH	avency GmbH (AS12371)	1
teamartwork.com	Hetzner Online GmbH (AS24940)	1
itfab.zone	ASL-691 (AS400153)	1
Host Europe GmbH	HUAWEI CLOUDS (AS136907)	1
iwantmyname.net	HOSTWINDS (AS54290)	1
dnsbycomodo.net	GO-DADDY-COM-LLC (AS398101)	1
f95.com	Pars Parva System LLC (AS60631)	1
profinance.ru	JSC RTComm.RU (AS8342)	1
easydns.com	EICAT (AS30528)	1
domainit.de	Bradler & Krantz GmbH & Co. KG (AS29141)	1
AMAZON-02	CLOUDFLARENET (AS13335)	1
oray.net	UCLOUD INFORMATION TECHNOLOGY HK LIMITED (AS135377)	1
mediactive.fr	Mediactive SAS (AS197133)	1
awsdns-26.com	AMAZON-AES (AS14618)	1
SECURITYSERVICES	NETWORK-SOLUTIONS-HOSTING (AS19871)	1
NSONE	CLOUDFLARENET (AS13335)	2
Host Europe GmbH	Hostinger International Limited (AS47583)	1
porsche.asia	Dr. Ing. h.c. F. Porsche AG (AS33848)	1
routing.net	DIGITALOCEAN-ASN (AS14061)	1
Host Europe GmbH	Host Europe GmbH (AS21501)	1
123ns.de	'ingenit GmbH & Co. KG' (AS57376)	1
illuminedarms.com	ROLLERNETWORK (AS11170)	1
Host Europe GmbH	IONOS SE (AS8560)	1
SECURITYSERVICES	HOPONE-GLOBAL (AS14361)	1
Host Europe GmbH	kabelplus GmbH (AS8339)	1
co.il	Bezeq International Ltd. (AS8551)	1
bnamed.eu	AMAZON-02 (AS16509)	1
awsdns-03.com	GOOGLE-CLOUD-PLATFORM (AS396982)	1
whc.ca	OVH SAS (AS16276)	2
volkswagen.de	Volkswagen AG (AS206618)	1
ipcom GmbH	Contabo GmbH (AS51167)	1
awsdns-16.net	SAKURA Internet Inc. (AS9371)	1
bhphoto.com	BHPHOTO (AS17116)	1
beget.com	Beget LLC (AS198610)	2
linevast.de	Droptop GmbH (AS201206)	1
sprinthost.net	Sprinthost.ru LLC (AS35278)	1
easywebshop.com	Combell NV (AS34762)	1
topproducer.net	CLOUDFLARENET (AS13335)	1
nicns.net	Verein zur Foerderung eines Deutschen Forschungsnetzes e.V. (AS680)	1
Host Europe GmbH	TWC-11426-CAROLINAS (AS11426)	1
Nessus GmbH	OVH SAS (AS16276)	1
ipcom GmbH	DIGITALOCEAN-ASN (AS14061)	1
perf1.com	Nameshield SAS (AS20756)	1
G-Core Labs S.A.	GNET INC. (AS9294)	1
exceedtech.net	TELEPAK-NETWORKS-INC (AS11272)	1
isp-nameserver.de	HL komm Telekommunikations GmbH (AS16097)	1
Hetzner Online GmbH	netcup GmbH (AS197540)	3
cloudns.net	NL-811-40021 (AS40021)	1
HURRICANE	OVH SAS (AS16276)	1
Host Europe GmbH	Cuzdan Elektronik Para Ve Odeme Hizmetleri Anonim Sirketi (AS202678)	1
routing.net	Contabo GmbH (AS51167)	1
DTS Systeme Muenster GmbH	Mittwald CM Service GmbH & Co. KG (AS15817)	1
webland.ch	Webland AG (AS25563)	1
liquidweb.com	LIQUIDWEB (AS32244)	2
Groupe LWS SARL	CLOUDFLARENET (AS13335)	1
verisigndns.com	DIGICERT (AS16552)	1
dnsdienst.de	dogado GmbH (AS8648)	1
dig.com	AMAZON-02 (AS16509)	1
CLOUDFLARENET	MCECFIBER-A01 (AS394475)	1
skyweb.hosting	Hetzner Online GmbH (AS24940)	1
wuschl.ch	Synextra Limited (AS59778)	1
awsdns-26.com	AMAZON-02 (AS16509)	1
net.pl	Livenet Sp. z o.o. (AS59491)	1
awsdns-17.com	GOOGLE-CLOUD-PLATFORM (AS396982)	1
dn-s.nl	AMAZON-02 (AS16509)	1
awsdns-16.net	Global Speech Networks Pty Ltd (AS138002)	1
my-ndns.com	SHARKTECH (AS46844)	1
localtonet.com	ORACLE-BMC-31898 (AS31898)	1
NSONE	GOOGLE-CLOUD-PLATFORM (AS396982)	1
Domain names registrar REG.RU, Ltd	Iron Hosting Centre LTD (AS216139)	1
MICROSOFT-CORP-MSN-AS-BLOCK	Techtel LMDS Comunicaciones Interactivas S.A. (AS11664)	1
hostnet.nl	Vodafone Libertel B.V. (AS33915)	1
cloudns.net	OVH SAS (AS16276)	1
DIGICERT	INMOTION (AS22611)	1
Knipp Medien und Kommunikation GmbH	Cronon GmbH (AS6786)	1
CLOUDFLARENET	GTS Telecom SRL (AS5606)	1
digimagical.com	Hetzner Online GmbH (AS24940)	1
Host Europe GmbH	Cloudi Nextgen Sl (AS49635)	1
CLOUDFLARENET	GVTCINTERNET (AS16527)	1
ipcom GmbH	DXC-AS3360 (AS3360)	1
vpsie.com	247RACK (AS62731)	1
Host Europe GmbH	WINDSTREAM (AS7029)	1
SECURITYSERVICES	AMAZON-AES (AS14618)	2
netmask.hu	ATW Internet Kft. (AS41075)	1
Host Europe GmbH	CLDIN B.V. (AS48635)	1
pancil.net	MASSIVE-NETWORKS (AS21777)	1
owlhost.net	WIBO Baltic UAB (AS59939)	1
dnshost.net	GOOGLE-CLOUD-PLATFORM (AS396982)	1
ipcom GmbH	EVANZO e-commerce GmbH (AS42730)	1
CLOUDFLARENET	LEASEWEB-USA-WDC (AS30633)	1
thinkfirefly.com	AMAZON-AES (AS14618)	1
extdns.com	Dr.-Ing. Nepustil & Co. GmbH Internet Service Center Ingenieurgesellschaft fuer Systemsoftwa (AS33843)	1
1and1-dns.biz	IONOS SE (AS8560)	1
hostiq.ua	PE Skurykhin Mukola Volodumurovuch (AS56851)	1
login-center.eu	netcup GmbH (AS197540)	1
CLOUDFLARENET	HERABIT S.p.A. (AS21309)	1
awsdns-18.com	GOOGLE (AS15169)	1
GMO Internet Group, Inc.	SAKURA Internet Inc. (AS9371)	1
srvz.it	Hetzner Online GmbH (AS24940)	1
Host Europe GmbH	Host Europe GmbH (AS8972)	2
mijndomein.nl	Metaregistrar B.V. (AS42585)	1
ngninfra.net	HCL Technologies Sweden AB (AS209236)	1
nic.ru	JSC Avantel (AS25549)	1
NSONE	INTERNAP-BLOCK-4 (AS14742)	1
Host Europe GmbH	USNX (AS30647)	1
MICROSOFT-CORP-MSN-AS-BLOCK	AMAZON-02 (AS16509)	1
cloudyne.org	CLOUDFLARENET (AS13335)	1
mijn.host	MICROSOFT-CORP-MSN-AS-BLOCK (AS8075)	1
ipcom GmbH	Scaleway S.a.s. (AS12876)	1
awsdns-19.org	Xserver Inc. (AS131965)	1
awsdns-03.org	SQUARESPACE (AS53831)	1
co.kr	AMAZON-02 (AS16509)	1
1cloud.ru	Domain names registrar REG.RU, Ltd (AS197695)	1
CLOUDFLARENET	RoyaleHosting BV (AS212477)	1
natrohost.com	Vodafone Net Iletisim Hizmetler AS (AS15924)	1
CLOUDFLARENET	SOFTLAYER (AS36351)	1
alfahosting.info	Wix.com Ltd. (AS58182)	1
audi.de	Audi AG (AS12331)	1
Domain names registrar REG.RU, Ltd	Hetzner Online GmbH (AS24940)	1
directnic.com	Deutsche Telekom AG (AS3320)	1
europa3.com	OVH SAS (AS16276)	1
ORACLE-BMC-31898	ORACLE-BMC-31898 (AS31898)	1
sergas.es	Telefonica De Espana S.a.u. (AS3352)	1
markmonitor.com	GTT Communications Inc. (AS3257)	1
ns14.net	PlusServer GmbH (AS61157)	1
awsdns-37.net	AMAZON-02 (AS16509)	1
confidential.im	MICROSOFT-CORP-MSN-AS-BLOCK (AS8075)	1
ab stract ltd	aurologic GmbH (AS30823)	1
IONOS SE	EVANZO e-commerce GmbH (AS42730)	1
fornex.com	AS62904 (AS62904)	1
ibc.pl	Cyber_Folks S.A. (AS29522)	1
anycast.me	GOOGLE-CLOUD-PLATFORM (AS396982)	1
it-impress.de	Hetzner Online GmbH (AS24940)	2
coaching.ms	GOOGLE-CLOUD-PLATFORM (AS396982)	1
name-services.com	GOOGLE-CLOUD-PLATFORM (AS396982)	1
dns-dc.com	LeaseWeb Netherlands B.V. (AS60781)	1
turbify.com	AMAZON-AES (AS14618)	1
Host Europe GmbH	TimeWeb LLC (AS9123)	1
orz.ms	KDDI CORPORATION (AS2516)	1
guests.ch	PlusServer GmbH (AS61157)	1
awsdns-10.org	AMAZON-02 (AS16509)	1
dnshosting.me	Hetzner Online GmbH (AS24940)	1
securepod.com	Easyhost Srl (AS39756)	1
cdmon.net	10dencehispahard, S.L. (AS197712)	1
stroeer-om.de	Hetzner Online GmbH (AS24940)	1
datakat.net	LLC Smart Ape (AS56694)	1
leaseweb.nl	LeaseWeb Netherlands B.V. (AS60781)	1
or.jp	GOOGLE-CLOUD-PLATFORM (AS396982)	1
HURRICANE	Scaleway S.a.s. (AS12876)	1
co.uk	Netcetera Ltd. (AS24851)	1
CLOUDFLARENET	Parknet F.M.B.A. (AS197301)	1
compositiv.com	Artfiles New Media GmbH (AS8893)	1
1awww.net	OVH SAS (AS16276)	1
Domain names registrar REG.RU, Ltd	LLC VK (AS47764)	1
edgedns.ru	Servicepipe LLC (AS201706)	1
wer.pl	Cyber_Folks S.A. (AS29522)	1
lahno-web6.de	Keyweb AG (AS31103)	1
hostinger.com	Hostinger International Limited (AS47583)	1
awsdns-10.com	AMAZON-02 (AS16509)	1
awsdns-14.com	AUTOMATTIC (AS2635)	1
ffi.ms	WEBDISCOUNT GmbH & Co. KG (AS24637)	1
SECURITYSERVICES	Cloudflare London, LLC (AS209242)	1
oxilion.nl	NovoServe B.V. (AS24875)	1
CLOUDFLARENET	Signet B.V. (AS20857)	1
noorms.com	M247 Ltd (AS16247)	1
Host Europe GmbH	NEXTLEVELINTERNET (AS16582)	1
webdiscount.net	IONOS SE (AS8560)	1
dns2go.be	VERISIGN-ILG1 (AS30060)	1
CLOUDFLARENET	GTT Communications Inc. (AS3257)	1
exohosting.sk	VNET a.s. (AS29405)	1
Host Europe GmbH	ORACLE-BMC-31898 (AS31898)	1
lolipop.jp	GMO Internet Group, Inc. (AS7506)	1
starchapterhost.com	CLOUDFLARENET (AS13335)	1
awsdns-25.org	UUNET (AS701)	1
extremedatacenter.com	OVH SAS (AS16276)	1
webgo.de	webgo GmbH (AS48324)	1
com.br	Ascenty Data Centers e Telecomunicacoes SA (AS52925)	1
CLOUDFLARENET	VIDEOTRON (AS5769)	1
CLOUDFLARENET	Alibaba US Technology Co., Ltd. (AS45102)	1
awsdns-17.org	AMAZON-AES (AS14618)	1
directnic.com	DIGITALOCEAN-ASN (AS14061)	1
nixihost.com	NIXIHOST (AS46505)	1
CLOUDFLARENET	ConnectingBytes GmbH (AS34568)	1
DIGICERT	AMAZON-AES (AS14618)	1
CLOUDFLARENET	High Family Technology Co., Limited (AS142032)	1
easydns.com	GOOGLE-CLOUD-PLATFORM (AS396982)	1
webhostingpad.com	ASN-GIGENET (AS32181)	1
GANDI SAS	Itinsell Cloud SAS (AS34235)	1
awsdns-33.org	AMAZON-02 (AS16509)	1
vioma.at	euNetworks GmbH (AS13237)	1
awsdns-18.net	AMAZON-02 (AS16509)	2
hostway.net	Hetzner Online GmbH (AS24940)	1
proxi.technology	OVH SAS (AS16276)	1
awsdns-09.org	AS-VULTR (AS20473)	1
awsdns-12.com	firstcolo GmbH (AS44066)	1
systemdns.com	RACKSPACE (AS19994)	1
ab stract ltd	Comvive Servidores S.L. (AS39020)	1
EPIK-LLC	FASTLY (AS54113)	1
fizon.de	Hetzner Online GmbH (AS24940)	1
verilink.net	Murat Aktas (AS47721)	1
directnic.com	GNET INC. (AS9294)	1
jethost.pl	OVH SAS (AS16276)	1
ch-inter.net	METANET AG (AS21069)	1
CLOUDFLARENET	Jordan Data Communications Company LLC (AS8376)	1
coolicehost.com	OVH SAS (AS16276)	1
G-Core Labs S.A.	CTG Server Limited (AS152194)	1
Akamai International B.V.	AKAMAI-AS (AS16625)	1
DTS Systeme Muenster GmbH	Hetzner Online GmbH (AS24940)	1
mysecurecloudhost.com	WHG Hosting Services Ltd (AS36218)	1
Iomart Cloud Services Limited	UK Dedicated Servers Limited (AS42831)	1
ipcom GmbH	Miss Hosting AB (AS200719)	1
yandexcloud.net	Yandex.Cloud LLC (AS200350)	1
Host Europe GmbH	DREAMHOST-AS (AS26347)	1
Host Europe GmbH	AS-COLOCROSSING (AS36352)	1
high5.nl	High5! B.V. (AS60131)	1
teamviewer.com	ANEXIA Internetdienstleistungs GmbH (AS42473)	1
dn-s.nl	Signet B.V. (AS20857)	1
nprofit-hosting.pl	OVH SAS (AS16276)	1
hawkhost.com	HAWKHOST (AS20068)	1
awsdns-04.net	AMAZON-AES (AS14618)	1
valuehost.ru	ZAO Web Hosting (AS30943)	1
xlnk.ms	Yandex.Cloud LLC (AS200350)	1
iwantmyname.net	Hosterion Srl (AS43927)	1
netgate.net	CTC-INTERNET-MN (AS20283)	1
awsdns-36.net	MICROSOFT-CORP-MSN-AS-BLOCK (AS8075)	1
vi-ps.nl	Hetzner Online GmbH (AS24940)	1
monopost.com	Greysom Limited (AS12678)	1
CLOUDFLARENET	RACKSPACE (AS27357)	1
tmd.cloud	SINGLEHOP-LLC (AS32475)	1
nexcess.net	NEXCESS-NET (AS36444)	1
DTS Systeme Muenster GmbH	AMAZON-02 (AS16509)	1
rebel.ca	AMAZON-AES (AS14618)	1
globvill.de	Global Village GmbH (AS13039)	1
progtechwd.ca	OVH SAS (AS16276)	1
markmonitor.zone	AMAZON-02 (AS16509)	1
levi.com	CW Vodafone Group PLC (AS1273)	1
getgo.com	AMAZON-AES (AS14618)	1
OVH SAS	AMAZON-AES (AS14618)	1
MICROSOFT-CORP-MSN-AS-BLOCK	AMAZON-AES (AS14618)	1
consensus.com	AS-TING-BACKBONE (AS32133)	1
one.com	FASTLY (AS54113)	1
SECURITYSERVICES	DXC-AS3360 (AS3360)	1
Domain names registrar REG.RU, Ltd	LLC Flex (AS203714)	1
dodns.net	CLOUDFLARENET (AS13335)	1
Signet B.V.	Combell NV (AS34762)	1
ukfast.net	AMAZON-02 (AS16509)	1
CLOUDFLARENET	InterNetworX Management GmbH (AS48596)	1
usnx.com	CLOUDFLARENET (AS13335)	1
mythic-beasts.com	AMAZON-02 (AS16509)	1
shockmedia.nl	CLDIN B.V. (AS48635)	1
markmonitor.com	ASHLANDFIBERNETWORK (AS14188)	1
huaweicloud-dns.cn	OVH SAS (AS16276)	1
Domain names registrar REG.RU, Ltd	Domain names registrar REG.RU, Ltd (AS49352)	1
checkdomain.de	webgo GmbH (AS48324)	1
nocdirect.com	NTHL (AS11042)	1
awsdns-13.net	AMAZON-AES (AS14618)	1
ipcom GmbH	Combell NV (AS34762)	1
