AMAZON-02	tii.do	1
NSONE	Datacamp Limited	1
hostaro.com	espartana.do	1
CLOUDFLARENET	MICROSOFT-CORP-MSN-AS-BLOCK	287
CLOUDFLARENET	CLOUDFLARENET	511
CLOUDFLARENET	dili.do	1
com.do	Akamai International B.V.	2
dnsexterno.com	orenesgrancasino.do	1
cloudflare.com	MICROSOFT-CORP-MSN-AS-BLOCK	116
IONOS SE	IONOS SE	35
CLOUDFLARENET	mailchannels.net	30
coralanm.com	coralanm.com	1
AMAZON-02	citizen.do	1
AMAZON-02	GOOGLE-CLOUD-PLATFORM	72
UNIFIEDLAYER-AS-1	avola.do	1
Host Europe GmbH	MICROSOFT-CORP-MSN-AS-BLOCK	42
vrvy.net	eurodns.com	1
awsdns-17.net	turner.com	1
SECURITYSERVICES	SECURITYSERVICES	163
cloudflare.com	sabordominicano.do	1
CLOUDFLARENET	ZOHO-AS	66
linode.com	plural.do	1
SERVERCENTRAL	akio.do	1
CLOUDFLARENET	arco.do	1
mediatemple.net	srl.do	1
sered.net	gruasorion.do	1
cloudflare.com	GOOGLE	282
sedoparking.com	localhost	43
AMAZON-02	h-email.net	32
mota-engil.pt	MICROSOFT-CORP-MSN-AS-BLOCK	1
sedo.com	localhost	3
cloudflare.com	Fastmail Pty Ltd	13
world4you.at	madava.do	1
cafe24.com	cafe24.com	7
CLOUDFLARENET	GOOGLE	517
AMAZON-02	prometa.do	1
hostgator.com	frankabate.do	1
CLOUDFLARENET	prestoweb.do	1
awsdns-21.org	GOOGLE	2
romarg.com	whmpanels.com	1
Hangzhou Alibaba Advertising Co.,Ltd.	feishu.cn	1
GANDI SAS	GANDI SAS	31
hostgator.com	cmcseguros.do	1
cloudflare.com	kunos.do	1
Host Europe GmbH	GOOGLE	24
GOOGLE	GOOGLE	59
CLOUDFLARENET	AUTOMATTIC	34
sureserver.com	rapidonet.do	1
Trellian Pty. Limited	above.com	8
OVH SAS	OVH SAS	89
nubemediahosting.com	nubemediahosting.com	1
CLOUDFLARENET	hostinger.mx	1
MICROSOFT-CORP-MSN-AS-BLOCK	MICROSOFT-CORP-MSN-AS-BLOCK	76
CLOUDFLARENET	valda.do	1
Host Europe GmbH	anivelde.do	1
dnns.net	drnoe.do	1
MICROSOFT-CORP-MSN-AS-BLOCK	negox.com	2
cloudflare.com	sysadmin.win	2
jotecnomedia.com	sequre.do	1
Neue Medien Muennich GmbH	Neue Medien Muennich GmbH	14
NETWORK-SOLUTIONS-HOSTING	AUTOMATTIC	3
spaceweb.pro	ZOHO Corporation B.V	1
cloudflare.com	ZOHO-AS	52
afraid.org	Eurofiber France SAS	1
seeweb.it	seeweb.it	1
kalei.do	kalei.do	1
register.it	Register S.p.A.	25
CLOUDFLARENET	newagemedia.do	1
AMAZON-02	optimumgameservices.do	1
cloudflare.com	CLOUDFLARENET	165
CLOUDFLARENET	garkal.do	1
cloudflare.com	passline.do	1
CLOUDFLARENET	corvi.do	1
cloudflare.com	villasky.do	1
AMAZON-02	moonpalaceresortspuntacana.do	1
SERVERCENTRAL	metadatos.do	1
cloudflare.com	Eurofiber France SAS	6
NSONE	co.uk	1
hostgator.com	casalogia.do	1
cooperativasanjose.do	com.do	1
NUCDN	rugi.do	1
CLOUDFLARENET	atlanticaservicios.do	1
netim.net	Eurofiber France SAS	125
cloudflare.com	OVH SAS	2
SECURITYSERVICES	NAMECHEAP-NET	28
cloudflare.com	com.do	2
SERVERCENTRAL	construccion.do	1
MICROSOFT-CORP-MSN-AS-BLOCK	swatchgroup.com	2
difovi.net	clinicasur.do	1
prinsoft.do	MICROSOFT-CORP-MSN-AS-BLOCK	1
DIGITALOCEAN-ASN	RACKSPACE	8
second-ns.com	your-server.de	3
supremepanel.com	milink.do	1
GLOBAL-IP-NETWORKS	vraja.do	1
IONOS SE	pattydoo.de	1
CLOUDFLARENET	Fastmail Pty Ltd	8
dnsexterno.com	versusbet.do	1
stablehost.com	tete.do	1
awsdns-25.net	GOOGLE	1
meritdesignshost.net	GOOGLE	1
NETWORK-SOLUTIONS-HOSTING	innovacentro.do	1
HVC-AS	rentaire.do	1
CLOUDFLARENET	mymailhosting.com	1
AMAZON-02	MICROSOFT-CORP-MSN-AS-BLOCK	11
cloudflare.com	dbi.do	1
subnet4.com	incon.do	1
supremedns.com	LIQUIDNETLTD1	9
likebets.do	likebets.do	1
inmotionhosting.com	supermercadoslacadena.do	1
NSONE	GOOGLE	14
CLOUDFLARENET	ZOHO Corporation B.V	6
AMAZON-02	greengear.do	1
hostbharat.in	ind.do	1
com.do	confia.do	1
cloudns.io	hostns.io	1
CLOUDFLARENET	prestacar.do	1
NUCDN	igus.de	1
DIGITALOCEAN-ASN	correnet.do	1
SECURITYSERVICES	MICROSOFT-CORP-MSN-AS-BLOCK	5
NETWORK-SOLUTIONS-HOSTING	GOOGLE	2
cloudflare.com	cognitio.do	2
cloudns.net	frie.do	1
SERVERCENTRAL	feriados.do	1
AMAZON-02	telefono.do	1
CLOUDFLARENET	163.com	1
HVC-AS	MICROSOFT-CORP-MSN-AS-BLOCK	12
Safenames Ltd.	Safenames Ltd.	17
AMAZON-02	Delta HighTech Ltd.	7
cloudflare.com	pcut.do	1
NUCDN	mail.ru	1
cloudns.net	MICROSOFT-CORP-MSN-AS-BLOCK	5
DIGICERT	MICROSOFT-CORP-MSN-AS-BLOCK	3
CLOUDFLARENET	pz.do	1
webserversystems.com	realacademy.do	1
MICROSOFT-CORP-MSN-AS-BLOCK	merck.de	2
dnns.net	rodac.do	1
awsdns-04.com	AMAZON-02	1
awsdns-00.com	GOOGLE	3
domainoo.fr	domainoo.fr	2
mediatemple.net	acento.do	1
co.il	GOOGLE	1
dnns.net	reasanto.do	1
ACTIVE 24, s.r.o.	websupport.sk	2
AMAZON-02	GOOGLE	42
HVC-AS	roama.do	1
CLOUDFLARENET	qboxmail.com	1
CLOUDFLARENET	enerjet.do	1
AMAZON-02	implantech.do	1
cloudflare.com	NAMECHEAP-NET	14
contabo.net	cps.do	1
CLOUDFLARENET	qq.com	1
CLOUDFLARENET	gdlinea.com	2
OVH SAS	MICROSOFT-CORP-MSN-AS-BLOCK	6
checkdomain.de	accl.do	1
dnns.net	GOOGLE	6
OVH SAS	adme.do	1
CLOUDFLARENET	ppe-hosted.com	2
hostgator.com	aura.do	1
IONOS SE	NorthC Deutschland GmbH	36
awsdns-07.org	GOOGLE	2
NUCDN	x-ion GmbH	2
CLOUDFLARENET	gmx.do	1
NSONE	inditex.com	1
ascio.com	ascio.com	1
SERVERCENTRAL	cuerpoperfecto.do	1
AMAZON-02	arena.do	1
cloudflare.com	cti.do	1
cloudflare.com	raesservices.com	1
AMAZON-02	europinturas.do	1
GOOGLE-CLOUD-PLATFORM	GOOGLE	3
OVH SAS	GOOGLE	14
cdmon.net	GOOGLE	1
cloudns.io	GOOGLE	1
AMAZON-02	pegatanke.do	1
CLOUDFLARENET	dxc.do	1
vogon.hr	pride.do	1
cloudflare.com	zapi.do	1
AMAZON-02	andersenconsulting.do	1
AMAZON-02	miseguroenlinea.do	1
NSONE	ZOHO-AS	1
exclusivehosting.net	LIQUIDNETLTD1	10
SERVERCENTRAL	migente.do	1
parklogic.com	plingest.com	7
cloudflare.com	faber.do	1
DIGICERT	Akamai International B.V.	2
zagirova.design	lafuente.do	1
awsdns-09.org	AMAZON-02	1
greenhost.nl	greenhost.nl	1
bvshosting.com	elhumanista.do	1
com.do	duty.do	1
phz.dev	phz.fi	1
SERVERCENTRAL	politicos.do	1
cloudflare.com	Cloudflare London, LLC	6
cloudflare.com	botflow.do	1
AMAZON-02	moonpalacepuntacanacasinospa.do	1
corona.do	corona.do	1
AMAZON-02	crpt.do	1
SECURITYSERVICES	micable.do	1
easiest-website.com	tomalciere.do	1
controldns.mx	MICROSOFT-CORP-MSN-AS-BLOCK	1
SERVERCENTRAL	elnoticiero.do	1
GLOBAL-IP-NETWORKS	dragi.do	1
hostgator.com	quezada.do	1
cloudflare.com	imcool.do	3
ns14.net	louis.de	1
cloudflare.com	AMAZON-AES	3
AS-VULTR	ZOHO-AS	1
bauer-kirch.biz	MICROSOFT-CORP-MSN-AS-BLOCK	1
dnns.net	hfs.do	1
AMAZON-02	moonpalacepuntacanaresort.do	1
max-it.de	MICROSOFT-CORP-MSN-AS-BLOCK	1
dnns.net	MICROSOFT-CORP-MSN-AS-BLOCK	11
CLOUDFLARENET	musalab.do	1
ensegundos.do	ensegundos.do	1
cloudflare.com	APPLE-ENGINEERING	10
AMAZON-02	neilmed.do	1
ab stract ltd	Proton AG	7
UNIFIEDLAYER-AS-1	bahia.do	1
webhosting.do	webhosting.do	1
CLOUDFLARENET	nerdone.do	1
CLOUDFLARENET	megastar.do	1
AS-VULTR	mangu.do	1
hostgator.com	GOOGLE	11
directorysecure.com	ascend.do	1
GOOGLE-CLOUD-PLATFORM	stackmail.com	5
cloudflare.com	montpellier.do	1
hostgator.com	championforlife.do	1
cloudhosting.uk	cloudhosting.uk	1
jumpvps.org	lotedom.do	1
neubox.net	AMAZON-02	1
managed-vps.net	capriana.do	1
NETWORK-SOLUTIONS-HOSTING	oteica.do	1
AMAZON-02	isolstore.do	1
Host Europe GmbH	GO-DADDY-COM-LLC	11
tarhely.eu	ela.do	1
AMAZON-02	aquarium.do	1
Hetzner Online GmbH	your-server.de	1
az.pl	online.pro	1
CLOUDFLARENET	mecanicosrd.do	1
NUCDN	fruugo.net	1
yandexcloud.net	YANDEX LLC	1
west-datacenter.net	brian.do	1
LIQUIDNETLTD1	YANDEX LLC	1
CLOUDFLARENET	simetec.do	1
DIGICERT	gpas.do	1
cloudflare.com	hotelcarmen.do	1
DIGITALOCEAN-ASN	GOOGLE	2
aplus.net	INFB2-AS	2
difovi.org	cmm.do	1
mydevil.net	mydevil.net	3
SERVERCENTRAL	alice.do	1
NETWORK-SOLUTIONS-HOSTING	ripeca.do	1
hostinginbox.com	MICROSOFT-CORP-MSN-AS-BLOCK	1
ui-global-dns.biz	IONOS SE	1
deya.do	GOOGLE	1
AMAZON-02	printisland.do	1
VITAL-DNS	no-ip.com	1
netim.net	GOOGLE	8
inhostedns.com	mx.services	1
GOOGLE	prebytes.net	1
GOOGLE	CLOUDFLARENET	10
Hostinger International Limited	CLOUDFLARENET	2
SECURITYSERVICES	hwc.do	1
awsdns-02.org	GOOGLE	2
NSONE	t-msedge.net	1
SECURITYSERVICES	speednames.com	3
cloudflare.com	ltempurl.com	1
cloudflare.com	playapalmera.do	1
interway.ch	iway.ch	1
Hostpoint AG	Hostpoint AG	9
HVC-AS	econsulting.do	1
AMAZON-02	sii.do	1
UNIFIEDLAYER-AS-1	urbana.do	1
nameshield.net	nameshield.com	5
creatyhost.com	GOOGLE	1
AMAZON-02	trojanbattery.do	1
savvii.com	MICROSOFT-CORP-MSN-AS-BLOCK	1
hostgator.com	MICROSOFT-CORP-MSN-AS-BLOCK	10
CLOUDFLARENET	informan.do	1
dnns.net	blite.do	1
CLOUDFLARENET	forociudadano.do	1
dnsexterno.com	versusapuestas.do	1
awsdns-06.org	GOOGLE	2
dnns.net	synapnet.do	1
cloudflare.com	ori.do	1
Hetzner Online GmbH	MICROSOFT-CORP-MSN-AS-BLOCK	3
HVC-AS	fc.do	1
tricom.net	bebemundo.do	1
CLOUDFLARENET	olamoisture.do	1
dnns.net	loshidalgos.do	1
AMAZON-02	humano.do	1
desec.io	itcomesinwaves.org	1
CLOUDFLARENET	INFB2-AS	1
iptwins.com	iptwins.com	6
SERVERCENTRAL	cotizar.do	1
BIZLAND-SD	casacana.do	1
CLOUDFLARENET	resilienciaenergetica.do	1
cloudflare.com	sendgrid.net	1
gpmemorial.com	gpmemorial.com	1
HVC-AS	lumiagroup.do	1
CLOUDFLARENET	circulotextil.do	1
quicca.com	udon.do	1
GOOGLE	MICROSOFT-CORP-MSN-AS-BLOCK	10
cloudflare.com	Proton AG	21
IS-AS-1	cineate.do	1
Host Europe GmbH	gps.do	1
AMAZON-02	chama.do	1
cloudflare.com	tickets.do	1
stix.do	stix.do	1
AMAZON-02	capse.do	1
CLOUDFLARENET	inout.do	1
dnsimple.com	GOOGLE	5
SERVERCENTRAL	GOOGLE	5
checkdomain.de	things.do	1
HVC-AS	GOOGLE	16
SERVERCENTRAL	fireav.do	1
cloudflare.com	RACKSPACE	4
AMAZON-02	carton.do	1
CLOUDFLARENET	vanduurenmedia.nl	1
cloudflare.com	GOOGLE-CLOUD-PLATFORM	12
markmonitor.com	markmonitor.com	9
1and1-dns.biz	GOOGLE	1
manitu.net	aboca.do	1
SERVERCENTRAL	2rh.do	1
IS-AS-1	MICROSOFT-CORP-MSN-AS-BLOCK	1
moneyflow1.com	katrina.do	1
SERVERCENTRAL	salesianos.do	1
CLOUDFLARENET	autogo.do	1
cloudns.net	QUICKPACKET	1
gransy.com	tomket.do	1
CLOUDFLARENET	oran.do	1
BIZLAND-SD	lamy.do	1
awsdns-27.com	cloudfront.net	1
emirates.com	psmtp.com	1
Akamai International B.V.	klm.com	1
gransy.com	helps.do	1
Host Europe GmbH	fortimailcloud.com	1
myfcloud.com	odontologia.do	1
ipcom GmbH	altice-premiere.do	1
checkdomain.de	acceleran.do	1
dnspod.net	MICROSOFT-CORP-MSN-AS-BLOCK	2
cloudflare.com	arinu.do	1
arvixe.com	agrobadia.do	1
AMAZON-02	AMAZON-02	2
hostgator.com	clinicas.do	1
difovi.com	medimage.do	1
hostgator.com	hache.do	1
cloudflare.com	kit.do	1
AMAZON-02	moviesshop.do	1
cloudflare.com	hostingas.lt	1
cloudgusto.com	stackmail.com	1
SERVERCENTRAL	mangopos.do	1
CLOUDFLARENET	jaedencalderon.do	1
HURRICANE	MICROSOFT-CORP-MSN-AS-BLOCK	4
awsdns-04.com	ZOHO-AS	1
cloudflare.com	ray.do	1
UNIFIEDLAYER-AS-1	cpn.do	1
millenio.io	millenio.io	2
com.co	GOOGLE	1
cloudsector.net	qya.do	1
CLOUDFLARENET	hcs.do	1
ufinetlatam.net	ufinet.do	1
SECURITYSERVICES	telia.com	1
cloudflare.com	seznam.cz	1
CLOUDFLARENET	midominio.do	1
CLOUDFLARENET	mobilegallery.do	1
CLOUDFLARENET	mehd.do	1
cloudflare.com	deno.do	1
CLOUDFLARENET	enter-system.com	1
awsdns-10.com	GOOGLE	2
BIZLAND-SD	MICROSOFT-CORP-MSN-AS-BLOCK	1
CLOUDFLARENET	APPLE-ENGINEERING	16
linovate.de	linovate.de	1
AUTOMATTIC	CLOUDFLARENET	2
cloudflare.com	ledrd.do	1
AMAZON-02	flashlube.do	1
AMAZON-02	royalbrush.do	1
SECURITYSERVICES	danonino.do	1
ipcom GmbH	merck.de	2
startlogic.com	rooftec.do	1
web4u.cz	mailchannels.net	2
CLOUDFLARENET	paginauno.do	1
ipcom GmbH	augmenting-life.do	1
cloudflare.com	workspace.org	1
Hetzner Online GmbH	sgl.do	1
dynect.net	messagelabs.com	1
nominalia.com	Register S.p.A.	7
awsdns-20.net	MICROSOFT-CORP-MSN-AS-BLOCK	1
interserver.net	dasi.do	1
AMAZON-02	wurstmeister.do	1
cloudflare.com	linux.do	2
proisp.no	tao.do	1
CLOUDFLARENET	m2h.do	1
GOOGLE-CLOUD-PLATFORM	MICROSOFT-CORP-MSN-AS-BLOCK	1
MICROSOFT-CORP-MSN-AS-BLOCK	unilever.com	3
Host Europe GmbH	ispgateway.de	2
site4now.net	site4now.net	4
cloudflare.com	dimelo.do	1
SERVERCENTRAL	migps.do	1
AMAZON-02	process.do	1
cloudns.net	techblocks.com	1
NSONE	CLOUDFLARENET	1
CLOUDFLARENET	YANDEX LLC	2
mybluehost.me	cbc.do	1
cloudflare.com	muchoauto.do	1
CLOUDFLARENET	lumaconsulting.do	1
AMAZON-02	perfectos.do	1
IONOS SE	Neue Medien Muennich GmbH	1
GOOGLE	euroinnova.do	1
CLOUDFLARENET	otocloudrd.do	1
CLOUDFLARENET	afcconsulting.do	1
IS-AS-1	enresumen.do	1
almanzarortiz.com	familiacristiana.do	1
dnsbackup.net	mx-hub.cz	1
cloudwebhosting.com	aselec.do	1
tepuyserver.net	loseventos.do	1
cloudflare.com	radiorepublica.do	1
brandable.do	GOOGLE	1
awsdns-01.org	AMAZON-02	1
SERVERCENTRAL	mesci.do	1
dnspod.net	qq.com	1
SERVERCENTRAL	tumenu.do	1
cloudflare.com	mail.ru	1
AMAZON-02	thnk.do	1
harmoniaechiado.net	harmoniaechiado.net	1
AMAZON-02	zennioptical.do	1
awsdns-00.org	webnode.com	1
DinaHosting S.L.	iberico.do	1
DIGICERT	GOOGLE	6
cloudflare.com	resinsa.do	1
SERVERCENTRAL	ceballos.do	1
diefraktion.do	diefraktion.do	1
neteksolutions.com	GOOGLE	2
markmonitor.zone	MICROSOFT-CORP-MSN-AS-BLOCK	3
evoletpharma.com	spey.do	1
cloudflare.com	wellhosted.ch	1
is-fun.net	pphosted.com	1
awsdns-25.org	MICROSOFT-CORP-MSN-AS-BLOCK	1
xc-ns.de	CLOUDFLARENET	1
omnis.com	omnis.com	2
cloudflare.com	spamora.net	1
AMAZON-02	puntacanamoonpalace.do	1
AMAZON-02	moonpalacepuntacanaspaandcasino.do	1
Host Europe GmbH	ZOHO-AS	2
rg1.eu	a1.do	1
AMAZON-02	future.do	1
mybluehost.me	unionmedica.do	1
fensolutions.com	virtualoffice.do	1
cloudflare.com	AUTOMATTIC	6
AMAZON-02	hyper.do	1
cloudflare.com	knu.do	1
CLOUDFLARENET	billar.do	1
SECURITYSERVICES	GOOGLE	6
CLOUDFLARENET	GO-DADDY-COM-LLC	5
dominet.net	emarket.do	1
cloudflare.com	equity.do	1
DinaHosting S.L.	thedome.do	1
dnns.net	viralata.do	1
dnsfacil.com	network.do	1
cloudflare.com	chezaad.com	2
hostingmarketers.com	blockpc.do	1
com.do	MICROSOFT-CORP-MSN-AS-BLOCK	5
UNIFIEDLAYER-AS-1	MICROSOFT-CORP-MSN-AS-BLOCK	7
cloudflare.com	home.pl	1
cloudflare.com	mymailcheap.com	1
awsdns-34.com	nodo.do	1
awsdns-17.org	motorpaint.do	1
HVC-AS	sabana.do	1
SECURITYSERVICES	hostedemail.com	7
awsdns-10.com	onezerone.com	1
AMAZON-02	moonpalacepuntacanagolfandspa.do	1
NSONE	APPLE-ENGINEERING	2
timeweb.org	timeweb.ru	2
AMAZON-02	henryvinson.do	1
awsdns-00.com	cloudfront.net	1
linode.com	ZOHO-AS	5
OVH SAS	wech.do	1
SERVERCENTRAL	constructoralister.do	1
cloudflare.com	corpojet.do	1
AMAZON-02	moonpalacepuntacanahotel.do	1
cloudflare.com	acciontrabajo.do	1
Cloud DNS Ltd	GOOGLE	1
nameserverseo.com	btc.do	1
SERVERCENTRAL	europiezas.do	1
Hetzner Online GmbH	tecstone.do	1
hostgator.com	raulbartolome.do	1
CLOUDFLARENET	nenox.do	1
inmotionhosting.com	construcosto.do	1
CLOUDFLARENET	artesanal.do	1
cloudflare.com	billyhair.do	1
HVC-AS	centraltech.do	1
hostgator.com	fundacionsura.do	1
CLOUDFLARENET	casadelasalud.do	1
CLOUDFLARENET	nirvana.do	1
eukns.com	think.do	1
SERVERCENTRAL	MICROSOFT-CORP-MSN-AS-BLOCK	2
cloudflare.com	oriconsulting.do	1
cloudflare.com	37signals.com	1
CLOUDFLARENET	Proton AG	14
cloudflare.com	rasi.do	1
NETWORK-SOLUTIONS-HOSTING	cyberarmorsolutions.do	1
serverhostgroup.com	quiick.do	1
awsdns-08.org	x-ion GmbH	1
argewebhosting.com	argewebhosting.nl	2
acens Technologies, S.L.	GOOGLE	2
GOOGLE	inesem.do	1
IONOS SE	donot.do	1
AMAZON-02	intercambia.do	1
AMAZON-02	grupo-pinero.com	1
GLOBAL-IP-NETWORKS	mixmanager.do	1
IONOS SE	MICROSOFT-CORP-MSN-AS-BLOCK	9
cloudflare.com	libreria.do	1
HURRICANE	GOOGLE	1
rebel.com	x-ion GmbH	1
reg.ru	reg.ru	2
awsdns-21.com	AMAZON-02	1
AMAZON-02	payme.do	1
hostingww.com	ott.do	1
tricom.net	labodega.do	1
OVH SAS	mzc.do	1
BIZLAND-SD	metro.do	1
noris.ch	noris.net	1
1and1.com	IONOS SE	3
gransy.com	GOOGLE	2
AMAZON-02	ayde.do	1
dol.do	APPLE-ENGINEERING	1
CLOUDFLARENET	sia.do	1
cloudflare.com	Datacamp Limited	4
CLOUDFLARENET	ivantovar.do	1
HVC-AS	novusmagazine.do	1
SERVERCENTRAL	drh.do	1
CLOUDFLARENET	fisiox.do	1
CLOUDFLARENET	NAMECHEAP-NET	5
GOOGLE	site4now.net	1
UNIFIEDLAYER-AS-1	snak.do	1
acens Technologies, S.L.	lactovit.do	1
awsdns-17.com	GOOGLE	1
SERVERCENTRAL	ameliaproperties.do	1
MICROSOFT-CORP-MSN-AS-BLOCK	pphosted.com	2
contabo.net	comosoy.do	1
CLOUDFLARENET	visitsantiago.do	1
ab stract ltd	edwa.do	1
NUCDN	entorno.es	3
cloudflare.com	promomundo.do	1
HVC-AS	gesport.do	1
interserver.net	basket.do	1
SERVERCENTRAL	perfyles.do	1
efiservers.com	efiservers.com	1
hostgator.com	filtrax.do	1
dnspod.net	sg-tencentclb.net	1
AMAZON-02	thedots.do	1
AMAZON-02	autobahn.do	1
awsdns-45.com	GOOGLE	1
hlprod.ru	2do.do	1
AUTOMATTIC	RACKSPACE	1
SERVERCENTRAL	inder.do	1
cloudflare.com	IONOS SE	1
cloudflare.com	masterhost.ru	1
Soluciones Corporativas IP, SL	dondominio.com	9
registrar-servers.com	GOOGLE	4
panelbox.net	opinionglobal.do	1
NETWORK-SOLUTIONS-HOSTING	galvarez.do	1
BIZLAND-SD	pimentel.do	1
CLOUDFLARENET	apartamentosrd.do	1
AMAZON-02	moonpalacepuntacanaspaandgolf.do	1
com.do	bkrd.do	1
LIQUIDWEB	RACKSPACE	2
SERVERCENTRAL	2buy.do	1
CLOUDFLARENET	lacanasta.do	1
DIGICERT	iberlayer.com	1
totalenergies.biz	MICROSOFT-CORP-MSN-AS-BLOCK	1
dominiando.asia	dominiando.it	3
checkdomain.de	kufatec.de	1
yourhostingaccount.com	GOOGLE	2
AMAZON-02	moonpalacepuntacanacasinoandgolf.do	1
sombrilla.cloud	elian.do	1
awsdns-00.net	MICROSOFT-CORP-MSN-AS-BLOCK	1
name-services.com	RACKSPACE	1
hostgator.com	envan.do	1
powweb.com	tpack.do	1
acens Technologies, S.L.	MICROSOFT-CORP-MSN-AS-BLOCK	1
dominet.net	GOOGLE	1
infomaniak.com	infomaniak.ch	2
checkdomain.de	GOOGLE	2
amenworld.com	securemail.pro	1
cloudflare.com	unicity.com	1
AMAZON-02	springs.do	1
BIZLAND-SD	radio.do	1
checkdomain.de	dogado GmbH	4
HVC-AS	ingesa.do	1
GOOGLE	RACKSPACE	1
DinaHosting S.L.	batu.do	1
CLOUDFLARENET	AMAZON-02	7
ipcom GmbH	GOOGLE	4
AMAZON-02	sci.do	1
HVC-AS	ZOHO-AS	2
AMAZON-02	gapsa.do	1
gransy.com	purelymail.com	1
com.br	GOOGLE	5
ipcom GmbH	augmented-technology.do	1
bb-online.biz	co.uk	1
vonder.do	vonder.do	1
cloudflare.com	lib.do	3
hostgator.com	innovasg.do	1
second-ns.com	ding.do	1
awsdns-22.com	AMAZON-02	1
HVC-AS	hcsrl.do	1
combell.net	mailprotect.be	4
UNIFIEDLAYER-AS-1	promomgc.do	1
openprovider.be	Heinlein-Support GmbH	1
AMAZON-02	cybr.do	1
ab stract ltd	0x.do	1
cloudflare.com	pavlik.do	1
newtekdns.com	newtekwebhosting.com	1
cloudflare.com	resi.do	1
varvaros.com	loyer.do	1
ab stract ltd	plane.do	1
awsdns-19.org	GOOGLE	1
Dattatec.com	GOOGLE	1
AMAZON-02	primeraars.do	1
prinsoft.do	GOOGLE	1
HURRICANE	CLOUDFLARENET	1
awsdns-35.net	MICROSOFT-CORP-MSN-AS-BLOCK	1
HVC-AS	pdn.do	1
HVC-AS	fiesolutions.do	1
namehero.com	autosbrea.do	1
SERVERCENTRAL	bme.do	1
afraid.org	MICROSOFT-CORP-MSN-AS-BLOCK	1
oficinadigital.do	rmc.do	1
cloudflare.com	facct.ru	1
nameshield.net	saint-gobain.do	1
SERVERCENTRAL	priority.do	1
telemaco.es	gaviotagroup.do	1
linode.com	diarionoticias.do	1
cloudflare.com	lineas.do	1
media3.net	GOOGLE	1
CLOUDFLARENET	nlz.do	1
AMAZON-02	maku.do	1
net.au	MICROSOFT-CORP-MSN-AS-BLOCK	1
HVC-AS	stmichaelsschool.do	1
CLOUDFLARENET	rivia.do	1
ipcom GmbH	havanaclub.do	1
NETWORK-SOLUTIONS-HOSTING	chezspace.do	1
CLOUDFLARENET	snc.do	1
sitesbythey.com	krystal.uk	2
necomplus.net	GOOGLE	1
orangehost.com	grow.do	1
AMAZON-02	indent.do	1
Akamai International B.V.	MICROSOFT-CORP-MSN-AS-BLOCK	1
AMAZON-02	tradeeu.do	1
SERVERCENTRAL	banahosting.com	2
SERVERCENTRAL	trayca.do	1
net.au	lol.do	1
hostgator.com	thrivingpath.do	1
CLOUDFLARENET	arduent.com	1
Akamai International B.V.	SECURITYSERVICES	2
inmobiliario.do	inmobiliario.do	1
HVC-AS	lhs.do	1
gransy.com	onlineshop.do	1
CLOUDFLARENET	spacemail.com	2
net.do	568721-017489901135-1	4
CLOUDFLARENET	santana.do	1
HVC-AS	platinum.do	1
AMAZON-02	prs.do	1
cloudflare.com	purelymail.com	1
opsdns.ch	typo3.do	1
cdmon.net	cabanna.do	1
Hetzner Online GmbH	GOOGLE	1
CLOUDFLARENET	itron.do	1
dynect.net	digikey.com	1
providerbox.de	GOOGLE	1
ab stract ltd	science.do	1
GOOGLE	IONOS SE	1
nic.ru	GOOGLE	1
CLOUDFLARENET	hotmail.com	1
IS-AS-1	colmena.do	1
cloudcify.com	GOOGLE	1
CLOUDFLARENET	sambilonline.do	1
cloudflare.com	privatednsorg.com	1
contabo.net	CLOUDFLARENET	1
cecomsas.net	MICROSOFT-CORP-MSN-AS-BLOCK	2
ipcom GmbH	augmentedmedia.do	1
awsdns-13.com	MICROSOFT-CORP-MSN-AS-BLOCK	1
hostnet.nl	Fastmail Pty Ltd	1
awsdns-10.net	GOOGLE-CLOUD-PLATFORM	1
inmotionhosting.com	qf.do	1
cloudflare.com	YANDEX LLC	6
AMAZON-02	lad.do	1
CLOUDFLARENET	sdq.do	1
penteres.it	penteres.it	1
awsdns-01.org	ZOHO-AS	1
AMAZON-02	echale.do	1
CLOUDFLARENET	bioad.do	1
namehero.com	MICROSOFT-CORP-MSN-AS-BLOCK	2
NUCDN	naturabisse.do	1
1and1-dns.biz	IONOS SE	1
awsdns-36.org	GOOGLE	1
OVH SAS	quest.do	1
IS-AS-1	dyrtech.do	1
DIGITALOCEAN-ASN	iparra.do	1
awsdns-25.com	CLOUDFLARENET	1
Xserver Inc.	goen.do	1
Dattatec.com	cubrete.do	1
aloja.do	MICROSOFT-CORP-MSN-AS-BLOCK	1
CLOUDFLARENET	yatusabe.do	1
tepuyserver.net	entornosonoro.do	1
AMAZON-02	radiomaria.do	1
AMAZON-02	Proton AG	2
HVC-AS	hedron.do	1
verisigndns.com	GOOGLE	3
AMAZON-02	godental.do	1
NSONE	Proton AG	1
ipcom GmbH	augmented-phone.do	1
HVC-AS	preste.do	1
Host Europe GmbH	ambercoastrealty.com	1
cloudflare.com	corourbano.do	1
CLOUDFLARENET	fanpass.do	1
Hetzner Online GmbH	lottocar.do	1
CLOUDFLARENET	donantes.do	1
elatomo.com	MICROSOFT-CORP-MSN-AS-BLOCK	2
hostgator.com	iohp.do	1
GANDI SAS	GOOGLE	4
arvixe.com	rlc.do	1
ipcom GmbH	augmentedbox.do	1
easydns.ca	easydns.com	2
cloudflare.com	loscastillos.do	1
fastglobalserver.com	larazon.do	1
OVH SAS	hubuhost.com	1
cloudflare.com	consultoresrd.do	1
CLOUDFLARENET	trebel.do	1
Host Europe GmbH	visual.do	1
awsdns-19.com	GO-DADDY-COM-LLC	1
cloudflare.com	uberspace.de	1
shin.do	GOOGLE	1
indomco.com	SECURITYSERVICES	1
CLOUDFLARENET	msv1.invalid	4
Hetzner Online GmbH	ZOHO-AS	1
Hetzner Online GmbH	fiducorp.do	1
hostgator.com	inshape.do	1
european-server.com	mailprotect.be	1
co.uk	GOOGLE	1
level43.net	exactaresearch.do	1
robertlora.com	luminalegal.do	1
trueconf.net	trueconf.com	1
IONOS SE	1a.do	1
AMAZON-02	nss.ee	1
nominalia.com	antispameurope.com	1
awsdns-27.com	SECURITYSERVICES	1
CLOUDFLARENET	hostinger.co	1
Host Europe GmbH	alves.do	1
inmotionhosting.com	gvd.do	1
SERVERCENTRAL	ingastro.do	1
CLOUDFLARENET	sat.do	1
CLOUDFLARENET	talentos.do	1
BIZLAND-SD	utilesescolares.do	1
markmonitor.com	MICROSOFT-CORP-MSN-AS-BLOCK	5
SERVERCENTRAL	toplaser.do	1
HVC-AS	lfalegal.do	1
NETWORK-SOLUTIONS-HOSTING	mopax.do	1
Hetzner Online GmbH	ramtech.do	1
cloudflare.com	barracudanetworks.com	1
CLOUDFLARENET	hoo.do	1
cloudflare.com	gala.do	1
hostgator.com	felixysusana.do	1
CLOUDFLARENET	k3d.do	1
AMAZON-02	tca.do	1
cloudpit.com	dogado GmbH	2
AMAZON-02	grupoalmonte.do	1
cloudflare.com	puntointimo.do	1
hostgator.com	japellerano.do	1
SERVERCENTRAL	idasa.do	1
softlayer.com	MICROSOFT-CORP-MSN-AS-BLOCK	1
wp.pl	grupawp.pl	1
hispalisdns.com	bubok.do	1
awsdns-44.com	GOOGLE	1
AMAZON-02	grupohumano.do	1
controlpanel.si	poloche.do	1
inhostedns.com	com.ua	1
opalstack.com	opalstack.com	3
AMAZON-02	sambil.do	1
theservercompany.com	GOOGLE	1
ACTIVE 24, s.r.o.	idem.do	1
NUCDN	eurodns.com	4
DIGICERT	caltec.do	1
Hetzner Online GmbH	wat.do	1
dnspod.net	netease.com	1
CLOUDFLARENET	QUICKPACKET	2
Cloud DNS Ltd	teorema.do	1
AMAZON-02	majesticresidences.do	1
cloudflare.com	zohomail.com	1
cloudflare.com	latenightworks.com	1
awsdns-11.org	GOOGLE	1
awsdns-07.com	AMAZON-02	1
Pontificia Universidad Catolica Madre y Maestra PUCMM	MICROSOFT-CORP-MSN-AS-BLOCK	1
CLOUDFLARENET	sevenrays.do	1
cs4media.com	pediatriccenter.do	1
cloudflare.com	bluedata.do	1
theservercompany.com	azadent.do	1
awsdns-05.net	GOOGLE	1
conoha.io	GOOGLE	1
HVC-AS	pps.do	1
AMAZON-02	vipeq.do	1
CLOUDFLARENET	aguasanta.do	1
tmdcloud.com	tmdcloud.com	1
stabletransit.com	quiropractica.do	1
agxl.name	xl.do	1
HVC-AS	elytek.do	1
dnspod.net	GOOGLE-CLOUD-PLATFORM	1
quicns.net	mailbux.com	1
awsdns-21.com	GOOGLE	4
kei.pl	powroty.do	1
AMAZON-02	tat.do	1
UNIFIEDLAYER-AS-1	dbp.do	1
HVC-AS	setrad.do	1
freehosting.com	freehosting.com	1
CLOUDFLARENET	intercall.do	1
HVC-AS	grupofana.do	1
cloudflare.com	Heinlein-Support GmbH	3
volusion.com	volusion.com	1
hostgator.com	tabarato.do	1
hostgator.com	evermed.do	1
AMAZON-02	democracia.do	1
awsdns-02.com	AMAZON-02	1
SERVERCENTRAL	ditaco.do	1
SCAAM0001	ngninfra.net	7
hostgator.com	wellnessspot.do	1
cloudflare.com	eldemocrata.do	1
HVC-AS	premiumservices.do	1
netjust.com	neen.it	1
Hetzner Online GmbH	aramido.de	1
hostgator.com	hospital.do	1
CLOUDFLARENET	madeco.do	1
IS-AS-1	metaverse.do	1
awsdns-11.net	GOOGLE	1
awsdns-20.com	AMAZON-02	1
hostingtarget.net	GOOGLE	1
ecenica.com	GOOGLE	1
dnns.net	alegria.do	1
SERVERCENTRAL	enerix.do	1
cloudflare.com	rwgusa.net	1
i-net-hosting.net	deuter.do	1
AMAZON-02	doterraeveryday.do	1
AUTOMATTIC	wordpress.com	3
DIGICERT	RACKSPACE	5
CLOUDFLARENET	hotelpro.do	1
myworlddns.com	dolphinexplorercruiser.do	1
Dattatec.com	dominic.do	1
IONOS SE	GOOGLE	2
AMAZON-02	hostea.do	1
SERVERCENTRAL	zerovello.do	1
awsdns-14.org	vadesecure.com	1
awsdns-40.com	ZOHO-AS	1
AMAZON-02	carteradigital.do	1
CLOUDFLARENET	standard.do	1
SERVERCENTRAL	fortuna.do	1
CLOUDFLARENET	ochoa.do	1
UNIFIEDLAYER-AS-1	joico.do	1
nominalia.com	MICROSOFT-CORP-MSN-AS-BLOCK	1
CLOUDFLARENET	GOOGLE-CLOUD-PLATFORM	3
Akamai Connected Cloud	GOOGLE	2
cloudflare.com	castellum.do	1
mdmhost.com	neg.do	1
accountsupport.com	radiotelevisionnacional.do	1
serviclick.do	serviclick.do	1
AMAZON-02	persona.do	1
MICROSOFT-CORP-MSN-AS-BLOCK	Forcepoint Cloud Ltd	6
AMAZON-02	tree.do	1
CLOUDFLARENET	larepublica.do	1
orce.do	orce.do	1
CLOUDFLARENET	nix.do	3
AMAZON-02	graspify.do	1
servidoresph.com	aromcolor.do	1
hostgator.com	promoumbrella.do	1
SERVERCENTRAL	miurl.do	1
Trellian Pty. Limited	Delta HighTech Ltd.	3
AMAZON-02	perroblanco.do	1
trilon.eu	humi.do	1
Hetzner Online GmbH	regery.net	1
acens Technologies, S.L.	lactourea.do	1
cdnetdns.net	wcdnga.com	1
xtom.com	riven.cloud	1
awsdns-06.org	facturan.do	1
dizinc.com	antoja.do	1
CLOUDFLARENET	puntoexpress.do	1
CLOUDFLARENET	strategy.do	1
superdnssite.com	etee.do	1
cloudflare.com	AMAZON-02	2
inmotionhosting.com	mercatodo.do	1
awsdns-11.com	MICROSOFT-CORP-MSN-AS-BLOCK	2
AMAZON-02	cinko.do	1
AMAZON-02	madison.do	1
virtono.com	iem.do	1
meritdesignshost.net	inden.do	1
difovi.net	radar24.do	1
awsdns-08.org	GOOGLE	1
SERVERCENTRAL	geolex.do	1
DinaHosting S.L.	royalpack.do	1
UNIFIEDLAYER-AS-1	tdg.do	1
norat.com	norat.com	1
weblium.com	AUTOMATTIC	1
afterimageweb.com	lcm.do	1
awsdns-17.org	Cloudflare London, LLC	1
awsdns-51.net	GOOGLE	1
web-alm.net	idoodi.do	1
CLOUDFLARENET	milestones.do	1
CLOUDFLARENET	aro.do	1
cloudflare.com	mailcast.io	1
aquilosupo.com	costadelfaro.do	1
caresa.do	Akamai International B.V.	1
HVC-AS	juntadera.do	1
hostek.com	ventas.do	1
mchost.ru	GOOGLE	1
MICROSOFT-CORP-MSN-AS-BLOCK	GOOGLE	4
vodadns.com	GOOGLE	1
cloudflare.com	gnr.do	1
picoteos.do	picoteos.do	1
tmdcloud.com	campoastur.do	1
zelt.ae	donrogelio.do	1
HVC-AS	skyholding.do	1
web4u.cz	MICROSOFT-CORP-MSN-AS-BLOCK	1
YANDEX LLC	mail.ru	1
hostgator.com	oriux.do	1
CLOUDFLARENET	mercaduo.do	1
OVH SAS	eclisse.do	1
nsoft.it	netx64.cloud	1
AUTOMATTIC	GOOGLE	2
cloudflare.com	vtv.do	1
hostgator.com	turbos.do	1
hostgator.com	easycgi.com	1
santiamen.do	GOOGLE	1
netim.net	ZOHO Corporation B.V	1
Cloud DNS Ltd	interenergy.do	1
SERVERCENTRAL	irislivemusic.do	1
Akamai Connected Cloud	fcomet.com	3
NETWORK-SOLUTIONS-HOSTING	MICROSOFT-CORP-MSN-AS-BLOCK	5
careerjet.net	careerjet.net	2
CLOUDFLARENET	natcom.do	1
SERVERCENTRAL	eldigital.do	1
moneyflow1.com	cashly.do	1
hostgator.com	konectame.do	1
MICROSOFT-CORP-MSN-AS-BLOCK	mailspot.info	1
gruposigne.com	MICROSOFT-CORP-MSN-AS-BLOCK	1
cloudflare.com	delti.com	1
ipcom GmbH	avene.do	1
CLOUDFLARENET	babylisspro.do	1
timmehosting.de	pannonia-hosting.at	1
SECURITYSERVICES	ecosea.do	1
site4now.net	MICROSOFT-CORP-MSN-AS-BLOCK	2
hostpapa.com	qan.do	1
SERVERCENTRAL	conditec.do	1
admintekcr.net	gnc.do	1
xponzy.com	xui.do	1
hostgator.com	convir.do	1
copsa.do	copsa.do	1
cloudflare.com	reservan.do	1
dnns.net	flh.do	1
hostingrd.com	GOOGLE	1
beget.com	beget.com	2
AMAZON-02	equalizer.do	1
CLOUDFLARENET	brandum.do	1
AMAZON-02	soy.do	1
shockping.com	MICROSOFT-CORP-MSN-AS-BLOCK	1
CLOUDFLARENET	importadex.do	1
kropatschek.net	procan.do	1
hostgator.com	cloudspeed.do	1
dnsv5.com	MICROSOFT-CORP-MSN-AS-BLOCK	1
Host Europe GmbH	sauna.do	1
SERVERCENTRAL	dermahair.do	1
Cloud DNS Ltd	soma.do	1
Dattatec.com	darse.do	1
HVC-AS	cloudcomputing.do	1
hostgator.com	gens.do	1
AMAZON-02	scrm.do	1
ogicom.pl	ide.do	1
ab stract ltd	tone.do	1
CLOUDFLARENET	ncmuebles.do	1
CLOUDFLARENET	tekla.do	1
magichouse.cz	magichouse.cz	1
MICROSOFT-CORP-MSN-AS-BLOCK	ko.com	1
IS-AS-1	netpoint.do	1
Host Europe GmbH	repsol.do	1
Xserver Inc.	GOOGLE	1
gruponous.net	bhl.do	1
cloudflare.com	qq.com	2
HVC-AS	mibabyen.do	1
HVC-AS	cecop.do	1
NSONE	migadu.com	2
SERVERCENTRAL	elgran.do	1
AMAZON-02	dimagi.do	1
CLOUDFLARENET	phasematter.com	1
afraid.org	gmail.do	1
slinkdns.net	lavoz.do	1
cloudflare.com	site4now.net	2
AMAZON-02	ZOHO-AS	1
alanteinteractive.com	MICROSOFT-CORP-MSN-AS-BLOCK	1
IONOS SE	CLOUDFLARENET	1
AMAZON-02	transparencia.do	1
com.do	hidden.do	1
CLOUDFLARENET	hansa.do	1
cloudflare.com	jys.do	1
cloudns.net	mnsp.do	1
SERVERCENTRAL	aguiluchos.do	1
cloudflare.com	silvergoldbull.com	1
rrpproxy.net	GOOGLE	1
AMAZON-02	moonpalacepuntacanacasino.do	1
awsdns-02.org	MICROSOFT-CORP-MSN-AS-BLOCK	1
AMAZON-02	hfm.do	1
lems.es	casmara.do	1
CLOUDFLARENET	mail.ru	1
com.do	mapaemprendedor.do	1
Host Europe GmbH	als.do	1
merithost50.com	avilalaw.do	1
hostgator.com	GOOGLE-CLOUD-PLATFORM	1
fornite.club	bauval.do	1
variomedia.de	variomedia.de	2
awsdns-26.com	GOOGLE	1
dnns.net	neurociencias.do	1
DIGICERT	ZOHO-AS	2
accu20.com	3dvirtualtours.do	1
dnspod.net	APPLE-ENGINEERING	1
AMAZON-02	ausforex.do	1
NSONE	Fastmail Pty Ltd	2
cloudflare.com	lms-la.com	1
firstfind.nl	firstfind.nl	1
cloudflare.com	Hostpoint AG	1
webhosting.do	bke.do	1
cloudns.net	GOOGLE	1
DIGITALOCEAN-ASN	MICROSOFT-CORP-MSN-AS-BLOCK	1
cloudflare.com	bits.do	1
GOOGLE	wootemple.com	1
AS-VULTR	leveragegroup.do	1
NETWORK-SOLUTIONS-HOSTING	energia.do	1
SERVERCENTRAL	vargas.do	1
dnsimple.com	Cloudflare London, LLC	1
IONOS SE	hosteurope.de	1
ipcom GmbH	augmentedphone.do	1
CLOUDFLARENET	t0.do	1
AMAZON-02	inspiredbywomen.do	1
AS-VULTR	luisherrera.do	1
nameshield.net	saintgobain.do	1
CLOUDFLARENET	armenteros.do	1
ipcom GmbH	alticehome.do	1
AMAZON-02	mygov.do	1
NUCDN	MICROSOFT-CORP-MSN-AS-BLOCK	3
cloudflare.com	tuanisrd.com	1
com.br	arseletronica.do	1
cloudflare.com	autoscout.do	1
UNIFIEDLAYER-AS-1	bacc.do	1
awsdns-20.org	GOOGLE	3
UNIFIEDLAYER-AS-1	casalegal.do	1
AMAZON-02	robertencarnacion.do	1
HVC-AS	elmitin.do	1
cloudflare.com	nar.do	1
Host Europe GmbH	fumax.do	1
CLOUDFLARENET	apollo.do	1
vivawebhost.com	grupoimex.do	1
thundercloud.uk	thatll.do	1
ipcom GmbH	augmentedtv.do	1
CLOUDFLARENET	strategycapital.do	1
CLOUDFLARENET	gaslink.do	1
SERVERCENTRAL	prensa.do	1
wkits.eu	MICROSOFT-CORP-MSN-AS-BLOCK	1
CLOUDFLARENET	Heinlein-Support GmbH	1
mydomain.com	corps.do	1
hostgator.com	pb.do	1
AMAZON-02	wally.do	1
UNIFIEDLAYER-AS-1	GOOGLE	5
AMAZON-02	rinal.do	1
CLOUDFLARENET	say.do	1
jknowsbest.com	oici.do	1
awsdns-01.org	certifica.do	1
cloudflare.com	pagatodo.do	1
hostgator.com	aic.do	1
maquinadigital.net	MICROSOFT-CORP-MSN-AS-BLOCK	2
Host Europe GmbH	chezaad.com	1
awsdns-03.com	GOOGLE	2
cloudflare.com	chillibeans.do	1
Hetzner Online GmbH	ted.do	1
CLOUDFLARENET	awm.do	1
routing.net	routing.net	4
AMAZON-02	excelsior.do	1
DinaHosting S.L.	MICROSOFT-CORP-MSN-AS-BLOCK	1
AMAZON-02	thinklouder.do	1
OVH SAS	infomaniak.ch	1
gridcorner.net	fri.do	1
CLOUDFLARENET	macrofinanzas.do	1
Host Europe GmbH	com.do	1
inmotionhosting.com	supercliente.do	1
CLOUDFLARENET	Cloudflare London, LLC	3
DinaHosting S.L.	necomplus.do	1
AMAZON-02	futswap.do	1
AMAZON-02	reali.do	1
CLOUDFLARENET	homenet.do	1
AMAZON-02	onmedia.do	1
dnsv5.com	bra.email	2
SECURITYSERVICES	Safenames Ltd.	1
cgarciahidalgo.com	inmobiliaria.do	1
CLOUDFLARENET	selfiebooth.do	1
vogon.hr	kwon.do	1
mokuserver.com	GOOGLE	1
AMAZON-02	agile.do	1
aquilosupo.com	pars.do	1
IONOS SE	ionos.de	4
com.do	bancos.do	1
AMAZON-02	onethingto.do	1
Cloud DNS Ltd	MICROSOFT-CORP-MSN-AS-BLOCK	2
hostgator.com	ashtonschool.do	1
Host Europe GmbH	melloinversiones.do	1
AMAZON-02	califica.do	1
Hostinger International Limited	AUTOMATTIC	1
xado.com	xado.do	1
SECURITYSERVICES	pphosted.com	1
linode.com	GOOGLE	2
hostingrd.com	tu-mail.net	1
one.com	GOOGLE	2
nether.net	vulcano.cl	1
awsdns-02.net	MICROSOFT-CORP-MSN-AS-BLOCK	2
cloudflare.com	trouver.do	1
HVC-AS	ampoule.do	1
powerdns.de	zeus01.de	1
CLOUDFLARENET	hostinger.in	1
awsdns-02.com	GOOGLE	1
cloudflare.com	gta6.do	1
HVC-AS	diariovision.do	1
AMAZON-02	perno.do	1
awsdns-11.org	MICROSOFT-CORP-MSN-AS-BLOCK	1
Host Europe GmbH	josearmando.do	1
CLOUDFLARENET	woodmizer.com	1
DinaHosting S.L.	123web.do	1
ipcom GmbH	augmentinglife.do	1
AMAZON-02	gbsc.do	1
SERVERCENTRAL	ecovista.do	1
CLOUDFLARENET	568721-017489901135-1	1
sered.net	almera.do	1
registrar-servers.com	NAMECHEAP-NET	1
SERVERCENTRAL	imbisa.do	1
linode.com	dentista.do	1
CLOUDFLARENET	vf.do	1
cloudflare.com	aquilosupo.com	1
CLOUDFLARENET	marconigroup.do	1
domainoffensive.de	mail-redirect.de	1
NUCDN	ecloudpanel.com	1
cloudflare.com	magic-app.io	1
CLOUDFLARENET	ahorran.do	1
Xserver Inc.	iai.do	1
NETWORK-SOLUTIONS-HOSTING	dreglobalcorp.do	1
AMAZON-02	nuevard.do	1
UNIFIEDLAYER-AS-1	balaxipharma.do	1
cloudflare.com	diy.gd	1
SECURITYSERVICES	olistica.do	1
DinaHosting S.L.	kavidoors.do	1
neubox.net	GOOGLE	1
AMAZON-02	95.do	1
IS-AS-1	cimet.do	1
SECURITYSERVICES	autoonline.de	1
CLOUDFLARENET	ispgateway.de	1
cloudflare.com	especiastutum.do	1
servidoresph.com	ecommerceday.do	1
AMAZON-02	metapwr.do	1
awsdns-12.org	GOOGLE	2
dnsimple.com	GOOGLE-CLOUD-PLATFORM	1
linode.com	farandula.do	1
Host Europe GmbH	saas24x7.com	1
cyberfolks.pl	skocz.do	1
hostgator.com	tasarim.do	1
cloudflare.com	change.do	1
ifastnet.com	lapalabra.do	1
cloudflare.com	hemmet.do	1
linode.com	dominicana.do	1
byethost7.org	reoil.do	1
cloudflare.com	iphmx.com	1
HVC-AS	studiotec.do	1
cloudflare.com	fenabanca.do	1
CLOUDFLARENET	josebreton.do	1
MICROSOFT-CORP-MSN-AS-BLOCK	microsoftonline.com	1
inmotionhosting.com	ahbc.do	1
com.do	lat.do	1
SERVERCENTRAL	picart.do	1
GOOGLE	OVH SAS	1
o2switch.net	educate.do	1
puntumconsulting.com	grupomaq.do	1
dnns.net	alianzabrands.do	1
cloudflare.com	ltd.do	1
globallyhost.com	GOOGLE	1
cloudflare.com	marion.do	1
magindiaz.do	magindiaz.do	1
Hetzner Online GmbH	madin.do	1
tato.do	tato.do	1
wesoftweb.net	GOOGLE	2
powweb.com	rccd.do	1
ipcom GmbH	alticeselect.do	1
BIZLAND-SD	petshop.do	1
AMAZON-02	moonpalacepuntacanaspa.do	1
webb.net	ilait.se	1
CLOUDFLARENET	tutanota.de	1
CLOUDFLARENET	gonzalez.do	1
cloudflare.com	amden.do	1
NSONE	Cloudflare London, LLC	1
ascio.com	Register S.p.A.	1
hostgator.com	cancer.do	1
AMAZON-02	moonpalacepuntacana.do	1
CLOUDFLARENET	fotografian.do	1
nasdns.net	callservices.do	1
astrocloud.host	stackmail.com	1
CLOUDFLARENET	organize.do	1
HVC-AS	omnia.do	1
SERVERCENTRAL	codigoqr.do	1
wfs.hu	kite.do	1
ipcom GmbH	altice-campus.do	1
ipcom GmbH	augmented-tv.do	1
AMAZON-02	fotosintesishumana.do	1
zd.do	zd.do	1
hostgator.com	ims.do	1
CLOUDFLARENET	michelleortiz.do	1
cloudflare.com	SECURITYSERVICES	2
SERVERCENTRAL	condoworld.do	1
CLOUDFLARENET	canal19.do	1
ipcom GmbH	MICROSOFT-CORP-MSN-AS-BLOCK	1
NETWORK-SOLUTIONS-HOSTING	dreamvillage.do	1
BIZLAND-SD	farmaexpo.do	1
CLOUDFLARENET	comercialmejia.do	1
Host Europe GmbH	compradirecta.do	1
cloudflare.com	cq2.net	1
HVC-AS	elitestone.do	1
cloudflare.com	coremi.do	1
AMAZON-02	qntm.do	1
CLOUDFLARENET	datacore.do	1
HVC-AS	masculino.do	1
hostgator.com	trasla.do	1
AMAZON-02	scrum.do	1
ifastnet.com	GOOGLE	1
Host Europe GmbH	APPLE-ENGINEERING	1
hostgator.com	uh.do	1
hostgator.com	tensei.do	1
hostgator.com	sfc.do	1
contabo.net	ZOHO-AS	1
dnns.net	informa.do	1
CLOUDFLARENET	kolibri.do	1
AMAZON-02	signin.do	1
OVH SAS	oui.do	1
cloudflare.com	recargame.do	1
ailogic.do	GOOGLE	1
firstfind.nl	yourfilter.nl	1
CLOUDFLARENET	silimed.do	1
BIZLAND-SD	inalco.do	1
webempresa.eu	narud.do	1
AMAZON-02	puntacanamoon.do	1
ipcom GmbH	calzedonia.com	1
HVC-AS	logyco.do	1
Cloud DNS Ltd	andiel.do	1
CLOUDFLARENET	franklinmunoz.do	1
websitehostserver.net	terranova.do	1
NETWORK-SOLUTIONS-HOSTING	ap.do	1
cloudflare.com	integuer.do	2
SERVERCENTRAL	inconet.do	1
hostgator.com	lasterrenas.do	1
CLOUDFLARENET	capmed.do	1
HVC-AS	erickson.do	1
NETWORK-SOLUTIONS-HOSTING	jimenez.do	1
awsdns-06.com	GOOGLE	1
Host Europe GmbH	gruporegio.us	1
hostgator.com	ldcc.do	1
dnspod.net	server.run	2
AMAZON-02	brittany.do	1
stabletransit.com	GOOGLE	1
SERVERCENTRAL	icytec.do	1
gudaman.com	spindns.com	1
cloudflare.com	GO-DADDY-COM-LLC	1
delmonico.do	delmonico.do	1
AMAZON-02	sertracen.do	1
awsdns-04.org	IONOS SE	1
SERVERCENTRAL	martinezburgos.do	1
NUCDN	evenium.do	1
com.do	INFB2-AS	1
awsdns-14.net	GOOGLE	1
SERVERCENTRAL	tokmakjian.do	1
AMAZON-02	terry.do	1
nsdns.info	Proton AG	1
El Corte Ingles S.A.	MICROSOFT-CORP-MSN-AS-BLOCK	1
404.name	404.name	3
cloudflare.com	231.do	1
difovi.org	lanacion.do	1
IONOS SE	biotropic.do	1
CLOUDFLARENET	mimedonline.do	1
CLOUDFLARENET	rentcar.do	1
cloudflare.com	prestamosya.do	1
CLOUDFLARENET	empirica.do	1
ab stract ltd	anonaddy.me	1
hostgator.com	grupobari.do	1
decodedcloud.com	ppe-hosted.com	1
perf1.com	nameshield.com	4
BIZLAND-SD	farmacia.do	1
NSONE	MICROSOFT-CORP-MSN-AS-BLOCK	1
CLOUDFLARENET	netmxserver.net	2
raiolanetworks.es	visitantes.do	1
AS-VULTR	inc.do	1
supremepanel.com	GOOGLE	3
HVC-AS	sanoja.do	1
ipcom GmbH	a-derma.do	1
Host Europe GmbH	siempre.do	1
dnsexterno.com	versus.do	1
Cloud DNS Ltd	interenergysolutions.do	1
SERVERCENTRAL	canalluz.do	1
acens Technologies, S.L.	aquavida.do	1
scw.cloud	CLOUDFLARENET	1
controlpanel.si	camiseta.do	1
HVC-AS	abresa.do	1
merithost30.com	makinas.do	1
domainoffensive.de	lingue.do	1
SERVERCENTRAL	unnuevodia.do	1
stabletransit.com	gixai.do	1
HVC-AS	com.do	1
HVC-AS	lompar.do	1
AMAZON-02	littlemic.do	1
AMAZON-02	cado.do	1
dnldelarosa.com	dnldelarosa.com	2
dnns.net	claudette.do	1
slinkdns.net	winvestments.do	1
hostgator.com	aeropuertocibao.do	1
cloudflare.com	netkel.do	1
SERVERCENTRAL	troncoso.do	1
IONOS SE	serviciodecorreo.es	2
CLOUDFLARENET	x-ion GmbH	1
registrar-servers.com	Fastmail Pty Ltd	2
phase8.net	co.uk	1
guacahost.com	GOOGLE	2
cloudflare.com	jimmyxu.org	1
AMAZON-02	wiren.do	1
hostgator.com	cryptopay.do	1
Cloud DNS Ltd	santafefc.do	1
OVH SAS	inteve.do	1
awsdns-30.net	pos.do	1
AMAZON-02	rislone.do	1
SECURITYSERVICES	soynikon.do	1
AMAZON-02	bcmotors.do	1
HVC-AS	populab.do	1
NETWORK-SOLUTIONS-HOSTING	frank.do	1
cloudflare.com	drophub.pl	1
Host Europe GmbH	cosmos.do	1
gransy.com	online-shop.do	1
awsdns-13.org	GOOGLE	2
duteserver.com	raam.do	1
AMAZON-02	visit.do	1
CLOUDFLARENET	spamexperts.com	1
cloudflare.com	hotelconstanza.do	1
bvshosting.com	phd.do	1
HVC-AS	stiracketclub.do	1
com.do	mck.do	1
AMAZON-02	midominicana.do	1
CLOUDFLARENET	moverd.do	1
SERVERCENTRAL	brothers.do	1
lh.pl	lh.pl	1
meganameservers.com	megamailservers.com	1
hostgator.com	tisa.do	1
Host Europe GmbH	transwide.do	1
OVH SAS	clczato.do	1
SERVERCENTRAL	creditplus.do	1
CLOUDFLARENET	auraboulevard.do	1
GOOGLE	APPLE-ENGINEERING	1
dnszi.com	cafe24.com	1
com.do	aica.do	1
awsdns-10.org	weeklyd.xyz	1
CLOUDFLARENET	blnsrv.eu	1
contabo.net	diri.do	1
cloudflare.com	bongas.do	1
AMAZON-02	tropigas.do	1
acens.net	GOOGLE	1
first-ns.de	tuxe.do	1
SERVERCENTRAL	manueljimenez.do	1
cloudflare.com	ekfx.com	1
linode.com	isdin.do	1
classicweb.com	classicweb.com	1
ipcom GmbH	augmented-box.do	1
wwdh.hu	mailserver.hu	1
dnetnoc.net	avanex.do	1
HVC-AS	yandex.ru	1
AMAZON-02	bustelo.net	1
HVC-AS	maxell.do	1
UNIFIEDLAYER-AS-1	utvunlimited.do	1
ipcom GmbH	webspace.bz	1
CLOUDFLARENET	raymon.do	1
AUTOMATTIC	AUTOMATTIC	1
com.do	adocine.do	1
CLOUDFLARENET	revela.do	1
HURRICANE	Proton AG	1
AMAZON-02	sectorsalud.do	1
AMAZON-02	seguroshumano.do	1
cloudflare.com	xcloud.email	1
GOOGLE	hotelcaribe.do	1
checkdomain.de	anextour.do	1
hostgator.com	helartesano.do	1
Host Europe GmbH	lhinternacional.do	1
cdmon.net	CLOUDFLARENET	1
HVC-AS	suplimercado.do	1
nitrado.de	GOOGLE	1
CLOUDFLARENET	qrfy.do	1
cloudcify.com	admanagement.do	1
CLOUDFLARENET	cityhub.do	1
HVC-AS	pandorastore.do	1
afraid.org	bdo.do	1
HVC-AS	imprenta.do	1
managed-vps.net	picdraw.do	1
awsdns-09.com	GOOGLE	1
CLOUDFLARENET	termoenvases.do	1
awsdns-10.net	GOOGLE	1
AMAZON-02	robert.do	1
GOOGLE	serviciodecorreo.es	1
CLOUDFLARENET	gruposr.do	1
awsdns-39.net	CLOUDFLARENET	1
cloudflare.com	mailhub.work	1
AMAZON-02	ingenieriametalica.do	1
Cloud DNS Ltd	netservicessecurity.do	1
registrar-servers.com	ZOHO-AS	1
hostgator.com	tuangou.do	1
hostgator.com	amc.do	1
cloudflare.com	mimecast.com	1
SERVERCENTRAL	prografica.do	1
GOOGLE	grupo.host	1
CLOUDFLARENET	fedofutbol.do	1
AMAZON-02	entrelaza.do	1
HVC-AS	delidom.do	1
AMAZON-02	lasamericas.do	1
CLOUDFLARENET	strategypartners.do	1
AMAZON-02	biblio.do	1
SERVERCENTRAL	quintapata.do	1
cloudflare.com	menarve.com	2
cloudflare.com	sitracom.do	1
ipcom GmbH	alticearena.do	1
boberos.com	academix.do	1
cloudflare.com	plato.email	1
AMAZON-02	tldr.do	1
supremecenterhost.com	supremecenterhost.com	1
Cloud DNS Ltd	ona.do	1
CLOUDFLARENET	defen.do	1
resolver.cx	GOOGLE	1
netim.net	APPLE-ENGINEERING	1
NSONE	tutanota.de	1
CLOUDFLARENET	smarket.do	1
my-tss.com	conexiones.do	1
ipcom GmbH	altice-select.do	1
CLOUDFLARENET	vsb.do	1
nic.ru	YANDEX LLC	1
dnns.net	drnoeveterinaria.do	1
yourhostingaccount.com	mascambio.do	1
SERVERCENTRAL	infodiario.do	1
cloudflare.com	koaj.do	1
HVC-AS	reybrit.do	1
yourwebhoster.com	MICROSOFT-CORP-MSN-AS-BLOCK	1
VITAL-DNS	noip.com	2
awsdns-04.net	ewetel.de	1
GOOGLE	provenca.do	1
CLOUDFLARENET	marcaria.com	2
AMAZON-02	petfood.do	1
dopla.eu	iqroutes.do	1
dnns.net	netxion.do	1
registrar-servers.com	copperloop.do	1
exacttarget.com	exacttarget.com	1
AMAZON-02	refun.do	1
ipcom GmbH	alticepremiere.do	1
AMAZON-02	coldwellbanker.do	1
HVC-AS	gmtrade.do	1
Cloud DNS Ltd	archos.do	1
porkbun.com	porkbun.com	1
resilientdns.com	okebienradio.do	1
hostgator.com	sedifa.do	1
cdmon.net	3clics.do	1
tinyurl.com	tinyurl.com	1
SERVERCENTRAL	magicall.do	1
UNIFIEDLAYER-AS-1	bancobacc.do	1
dnsip.com	111tt.icu	1
awsdns-04.com	fixando.do	1
micasino.do	micasino.do	1
hostgator.com	kasher.do	1
NETWORK-SOLUTIONS-HOSTING	grupoalvarez.do	1
YANDEX LLC	YANDEX LLC	4
CLOUDFLARENET	bluetech.do	1
hostgator.com	mcg.do	1
awsdns-20.net	AMAZON-02	1
home.pl	GOOGLE	1
Host Europe GmbH	nextrd.do	1
awsdns-01.com	MICROSOFT-CORP-MSN-AS-BLOCK	1
ezfasthost.com	tony.do	1
CLOUDFLARENET	udoym.do	1
NUCDN	GOOGLE	1
ifastnet14.org	honescon.do	1
ORACLE-BMC-31898	mesoniberia.do	1
cloudflare.com	comunicacionintegral.do	1
HVC-AS	infomac.do	1
imediazip.com	MICROSOFT-CORP-MSN-AS-BLOCK	2
HVC-AS	isola.do	1
merithost30.com	GOOGLE	1
MICROSOFT-CORP-MSN-AS-BLOCK	msv1.invalid	2
dodns.net	zanshin-karate.do	1
AMAZON-02	qcpgroup.do	1
CLOUDFLARENET	colonandpartners.do	1
abbott.com	abbott.com	1
cloudflare.com	easthomerd.do	1
myhostingdomain.net	infofarma.do	1
HVC-AS	baratola.do	1
CLOUDFLARENET	ula.do	1
CLOUDFLARENET	tilseco.do	1
ab stract ltd	schanz.do	1
abdns.biz	arubabusiness.it	1
GOOGLE	bluehost.com	1
equipo3.com	obelisk.do	1
UNIFIEDLAYER-AS-1	cablecomm.do	1
creadigital.net	villadaniela.do	1
HVC-AS	dracma.do	1
ruggero.eu	ruggero.eu	1
cloudflare.com	LIQUIDNETLTD1	1
CLOUDFLARENET	republica.do	1
awsdns-11.org	spacemail.com	1
registrar-servers.com	registrar-servers.com	1
NETWORK-SOLUTIONS-HOSTING	chainsports.do	1
kxe.io	MICROSOFT-CORP-MSN-AS-BLOCK	1
HVC-AS	lista.do	1
hostgator.com	pixel.do	1
CLOUDFLARENET	motomundorunrun.do	1
SERVERCENTRAL	elmilenial.do	1
BUNNYWAY, informacijske storitve d.o.o.	GOOGLE	1
HURRICANE	mxhichina.com	1
Host Europe GmbH	CLOUDFLARENET	2
dnsmx.com	mex.do	1
cloudflare.com	beleza.do	1
CLOUDFLARENET	com.do	1
cloudflare.com	superbrite.do	1
aservidor.com	lsrd.do	1
awsdns-08.org	mxfilter.net	1
CLOUDFLARENET	pzu.do	1
awsdns-22.org	santodomingomotors.do	1
srvcp.com	visionglobal.do	1
NETWORK-SOLUTIONS-HOSTING	lagoma.do	1
cecomsas.net	4x.do	1
CLOUDFLARENET	doctorestevez.do	1
AMAZON-02	nocode.do	1
SERVERCENTRAL	primicias.do	1
loopia.se	loopia.se	1
HVC-AS	lumiere.do	1
CLOUDFLARENET	laguk.do	1
jotecnomedia.com	tralles.do	1
AS-VULTR	sas.do	1
dnns.net	mixart.do	1
hostgator.com	ZOHO-AS	1
SERVERCENTRAL	unigrafica.do	1
godns.net	natural.do	1
AMAZON-02	moonpalacepuntacanagolfcasino.do	1
BIZLAND-SD	gbit.do	1
sureserver.com	elatlantico.do	1
lineadns.com	bluereef.do	1
widhost.net	arubabusiness.it	1
contabo.net	bienes.do	1
NETWORK-SOLUTIONS-HOSTING	apren.do	1
cloudflare.com	hustle.do	1
CLOUDFLARENET	dgii-gov.do	1
IS-AS-1	webstore.do	1
atakdomain.com	MICROSOFT-CORP-MSN-AS-BLOCK	1
cloudflare.com	QUICKPACKET	1
awsdns-11.com	RACKSPACE	1
UNIFIEDLAYER-AS-1	nutriciosa.do	1
tal.de	MICROSOFT-CORP-MSN-AS-BLOCK	1
awsdns-38.com	GOOGLE	1
hostgator.com	voce.do	1
knipp.de	knipp.de	1
slinkdns.net	MICROSOFT-CORP-MSN-AS-BLOCK	1
hostreloj.com	relojinformativo.do	1
AMAZON-02	moonpalaceresortpuntacana.do	1
Cloud DNS Ltd	cifre.do	1
whirlpool.com	SECURITYSERVICES	1
SERVERCENTRAL	fusioncelular.do	1
cloudflare.com	iarsono.do	1
grupostreaming.com	streaming.do	1
alphamega.nl	GOOGLE	1
cymetria.co	talentodigital.do	1
awsdns-10.com	MICROSOFT-CORP-MSN-AS-BLOCK	1
nexloc.ro	rac.do	1
cloudflare.com	zinuz.net	1
HVC-AS	letreros.do	1
HVC-AS	smash.do	1
SERVERCENTRAL	tangelo.do	1
HVC-AS	grupohost.net	1
cloudflare.com	ZOHO Corporation B.V	1
ipcom GmbH	altice-core.do	1
CLOUDFLARENET	agen.do	1
alanteinteractive.com	merkanti.do	1
SERVERCENTRAL	sururbano.do	1
name-services.com	MICROSOFT-CORP-MSN-AS-BLOCK	1
decodedcloud.com	tusalud.do	1
cloudflare.com	imprezion.do	1
DinaHosting S.L.	nii.do	1
cloudflare.com	Register S.p.A.	1
Neue Medien Muennich GmbH	GOOGLE	1
CLOUDFLARENET	desdecero.do	1
SERVERCENTRAL	financiamientosbh.do	1
awsdns-11.net	NAMECHEAP-NET	1
CLOUDFLARENET	sporter.do	1
is-fun.net	is-fun.net	3
timecloud.us	99.fo	1
CLOUDFLARENET	virgilio.do	1
cargo.site	GOOGLE	1
dnns.net	emergenciaspsiquiatricas.do	1
AMAZON-02	mototech.do	1
hostgator.com	RACKSPACE	1
alanteinteractive.com	seacana.do	1
SERVERCENTRAL	capacita.do	1
com.br	com.br	3
NETWORK-SOLUTIONS-HOSTING	ultimatesecurity.do	1
hostgator.com	plures.do	1
awsdns-38.org	MICROSOFT-CORP-MSN-AS-BLOCK	1
AMAZON-02	karamba.do	1
AMAZON-02	Datacamp Limited	1
Akamai International B.V.	iphmx.com	1
cloudflare.com	moven.host	1
AMAZON-02	hq.do	1
astrocloud.host	AMAZON-02	1
CLOUDFLARENET	theoneflow.do	1
intevation.org	intevation.de	1
merithost30.com	cadem.do	1
HVC-AS	cfitrd.do	1
home.pl	cre.do	1
SERVERCENTRAL	mactv.do	1
MICROSOFT-CORP-MSN-AS-BLOCK	CLOUDFLARENET	1
Dattatec.com	vecinos.do	1
cloudflare.com	frenteamplio.com	1
AMAZON-02	yevo.do	1
Host Europe GmbH	happydelivery.do	1
AMAZON-02	jx2tech.do	1
netim.net	Fastmail Pty Ltd	1
AMAZON-02	charsan.do	1
HVC-AS	eldiario.do	1
AMAZON-02	quooker.do	1
Host Europe GmbH	tryninja.io	1
HVC-AS	factura.do	1
neostrada.nl	ado.do	1
GANDI SAS	MICROSOFT-CORP-MSN-AS-BLOCK	2
cloudflare.com	arnemann.do	1
ipower.com	lalp.do	1
cloudflare.com	spdns.eu	1
awsdns-30.com	GOOGLE	1
awsdns-20.com	GOOGLE	1
hostgator.com	scf.do	1
interdomain.net	telxius.do	1
kxe.io	gar.do	1
cloudflare.com	olive.do	1
estatehouse.do	estatehouse.do	1
equipo3.com	estudioreid.do	1
HVC-AS	galerias.do	1
CLOUDFLARENET	agrifeed.do	1
lobocom.es	lobocom.es	2
1and1.es	1and1.es	1
CLOUDFLARENET	verify.do	1
awsdns-01.net	GOOGLE	1
com.do	medspa.do	1
LIQUIDNETLTD1	freehostia.com	5
dnns.net	champignon.do	1
AMAZON-02	moonpalacepuntacanaonline.do	1
exclusivehosting.net	MICROSOFT-CORP-MSN-AS-BLOCK	3
cloudflare.com	maildoma.in	1
awsdns-08.net	turner.com	1
NETWORK-SOLUTIONS-HOSTING	triada.do	1
NETWORK-SOLUTIONS-HOSTING	richardmedina.do	1
ipcom GmbH	justto.do	1
cloudflare.com	smtp.moe	1
eolas.fr	eolas.fr	1
ipcom GmbH	augmentedtechnology.do	1
awsdns-03.net	CLOUDFLARENET	1
cscudns.com	SECURITYSERVICES	1
AMAZON-02	veeam.com	1
LIQUIDWEB	ford.do	1
hostland.ru	howly.do	1
com.do	GOOGLE	2
hostmetro.com	sava.do	1
cloudflare.com	todobet.do	1
conectopia.net	GOOGLE	1
CLOUDFLARENET	site4now.net	1
NETWORK-SOLUTIONS-HOSTING	economico.do	1
IS-AS-1	plataformadeportiva.do	1
inmotionhosting.com	hris.do	1
SERVERCENTRAL	luzonic.do	1
hostiq.ua	pomi.do	1
powweb.com	duvent.do	1
ipcom GmbH	altice-arena.do	1
mijndnsserver.nl	exedo.nl	1
HVC-AS	dekoning.do	1
AMAZON-02	dasale.do	1
hodi.host	hodi.do	1
DinaHosting S.L.	micuarto.do	1
ipcom GmbH	edenred.do	1
cloudflare.com	ut.do	1
pichar.do	pichar.do	1
SERVERCENTRAL	lanetwork.do	1
HVC-AS	proxy.do	1
Hetzner Online GmbH	bbm.do	1
cloudflare.com	985.li	1
tildadns.com	YANDEX LLC	1
IONOS SE	Cloudflare London, LLC	1
DIGITALOCEAN-ASN	investa.do	1
dnns.net	constanzaagro.do	1
ipcom GmbH	alticeone.do	1
AMAZON-02	wis.do	1
cloudflare.com	hairrecovery.do	1
ipcom GmbH	hohenstein.do	1
webempresa.eu	moldex.do	1
awsdns-29.org	com.ua	1
awsdns-12.org	MICROSOFT-CORP-MSN-AS-BLOCK	1
cgarciahidalgo.com	millenia.do	1
ifastnet.com	radiofm.do	1
SERVERCENTRAL	oceanrocks.do	1
BIZLAND-SD	cda.do	1
solo10.com	empresas.do	1
HVC-AS	joia.do	1
awsdns-08.net	com.do	1
elatomo.com	hechoenrd.do	1
hostgator.com	evenworks.do	1
HVC-AS	coopula.do	1
co.uk	messagelabs.com	1
hostpapa.com	GOOGLE	1
alte.pl	kys.do	1
cloudflare.com	transporteraul.do	1
CLOUDFLARENET	trendmicro.com	1
web-solutions.dk	web-solutions.dk	1
UNIFIEDLAYER-AS-1	cubik.do	1
hostgator.com	masivo.do	1
acs.pl	solarpanel.do	1
CLOUDFLARENET	eldaily.do	1
justhost.ru	wlb.do	1
cloudflare.com	contrata.do	1
awsdns-05.com	GOOGLE	1
hostgator.com	lusant.do	1
seaboardmarine.com	msv1.invalid	1
CLOUDFLARENET	value.do	1
Soluciones Corporativas IP, SL	MICROSOFT-CORP-MSN-AS-BLOCK	1
cloudflare.com	ppe-hosted.com	1
domainoffensive.de	intue.do	1
Hetzner Online GmbH	eurocamara.do	1
cloudflare.com	cigars2go.do	1
linode.com	MICROSOFT-CORP-MSN-AS-BLOCK	1
cloudflare.com	iaprem.fun	1
awsdns-13.net	GOOGLE	1
difovi.com	skypro.do	1
CLOUDFLARENET	puntomac.do	1
hostgator.com	patrialibre.do	1
wolverinedns.com	destinosrd.do	1
OVH SAS	Proton AG	1
stserver.net	unifi.do	1
dnns.net	guidogomez.do	1
CLOUDFLARENET	gloex.do	1
HVC-AS	mejel.do	1
netim.net	bertoal.do	1
net.br	casan.do	1
d.sb	d.sb	1
SECURITYSERVICES	vmware.com	1
redzis.com	quintin.do	1
quickroutedns.com	GOOGLE	1
HVC-AS	fibra.do	1
HVC-AS	industriasbisono.do	1
AS-VULTR	atiempo.do	1
awsdns-05.com	AMAZON-02	1
hostgator.com	printworks.do	1
AMAZON-02	step.do	1
cloudcity.fi	cloudcity.fi	1
Hetzner Online GmbH	YANDEX LLC	1
CLOUDFLARENET	estoescambio.do	1
cidenapiel.com	amicigroup.do	1
awsdns-13.com	dvtech.io	1
AS-VULTR	mailjet.com	1
cloudflare.com	grupo.do	1
dnns.net	arquitech.do	1
ipcom GmbH	augmentedlife.do	1
cloudflare.com	emailho.st	1
AMAZON-02	intex.do	1
AMAZON-02	mi.do	1
netuse.de	aiki.de	1
awsdns-27.com	MICROSOFT-CORP-MSN-AS-BLOCK	2
CLOUDFLARENET	salien.do	1
easydns.ca	protectedservice.net	1
MICROSOFT-CORP-MSN-AS-BLOCK	labplus.do	1
dilodr.com	GOOGLE	1
inmotionhosting.com	tecnoweb.do	1
arvixeshared.com	laisabela.do	1
AMAZON-02	motoneo.do	1
cprapid.com	transekur.do	1
dns1.de	kronprinzenviertel.do	1
mbox.lu	mbox.lu	1
dnns.net	bionova.do	1
easybroker.com	GOOGLE	1
AMAZON-02	palacepuntacanahotel.do	1
CLOUDFLARENET	imperquimia.do	1
equipo3.com	pavilion.do	1
HVC-AS	colehaan.do	1
AMAZON-02	palaceresortspuntacana.do	1
appwebit.at	pint-pharma.do	1
CLOUDFLARENET	repuesto.do	1
awsdns-05.org	GOOGLE	1
awsdns-21.net	GOOGLE	1
AMAZON-02	ferracini24h.do	1
CLOUDFLARENET	alterum.do	1
hostnet.nl	MICROSOFT-CORP-MSN-AS-BLOCK	1
CLOUDFLARENET	RACKSPACE	1
CLOUDFLARENET	wpt.do	1
awsdns-26.net	AMAZON-02	1
CLOUDFLARENET	divulga.do	1
Hetzner Online GmbH	innove.do	1
hostxido.com	hostxido.com	1
asetecrd.com	marba.do	1
AMAZON-02	coaching.do	1
tmdcloud.com	leparc.do	1
linode.com	folio.do	1
spaceweb.pro	spaceweb.ru	1
CLOUDFLARENET	dao.do	1
ipcom GmbH	alticecore.do	1
CLOUDFLARENET	of.do	1
outdns.net	tiendafacil.do	1
ab stract ltd	0x23.me	1
IONOS SE	ysdr.eu	1
webempresa.eu	GOOGLE	1
cloudflare.com	arago.do	1
CLOUDFLARENET	flexitrans.do	1
CLOUDFLARENET	gardenpot.do	1
cloudflare.com	simplegreen.do	1
hostchocolatebox.com	alfareros.do	1
gethosted.online	href.do	1
namehero.com	andocreative.do	1
LIQUIDWEB	GOOGLE	1
CLOUDFLARENET	etenonfitness.do	1
AMAZON-02	moonpalacepuntacanagolf.do	1
domingocontreras.do	domingocontreras.do	1
HVC-AS	capitalmovil.do	1
SERVERCENTRAL	refri.do	1
SERVERCENTRAL	canaart.do	1
kagoya.net	kagoya.net	1
OVH SAS	itvinteve.do	1
hostgator.co	lakw.do	1
CLOUDFLARENET	crispy24.com	1
loopia.se	wotodo.com	1
hostgator.com	ecopark.do	1
Hetzner Online GmbH	consultoriosdevisa.do	1
cloudflare.com	coretech.do	1
asetecrd.com	cog.do	1
CLOUDFLARENET	facilitylife.do	1
hoststar.hosting	moja.do	1
Akamai International B.V.	frontbridge.com	2
HVC-AS	postulate.do	1
hostgator.com	reclamos.do	1
globat.com	furnit.do	1
HURRICANE	Fastmail Pty Ltd	1
ipcom GmbH	aderma.do	1
HURRICANE	QUICKPACKET	1
hostgator.com	contraelcancer.do	1
inmotionhosting.com	clou.do	1
mschosting.com	capitalonce.do	1
AS-VULTR	luxmarketing.agency	1
com.do	comunicare.do	1
imediazip.com	cyps.do	1
gransy.com	kimbino.do	1
SERVERCENTRAL	dosac.do	1
CLOUDFLARENET	condoadmin.do	1
AMAZON-02	kabaconsulting.do	1
awsdns-17.net	pphosted.com	1
SERVERCENTRAL	1link.do	1
AMAZON-02	zapzap.do	1
co.uk	MICROSOFT-CORP-MSN-AS-BLOCK	1
NUCDN	Cloudflare London, LLC	1
awsdns-03.net	rattan.do	1
OVH SAS	secureit.es	1
servidor4.net	solatube.do	1
awsdns-13.org	CLOUDFLARENET	1
sureserver.com	sdra.do	1
awsdns-32.net	guiard.do	1
wpdns.host	wpmudev.host	1
oficinadigital.do	oficinadigital.do	1
dnspod.net	vercel-dns.com	1
awsdns-22.org	MICROSOFT-CORP-MSN-AS-BLOCK	1
inmotionhosting.com	bohio.do	1
AMAZON-02	dominicania.do	1
AMAZON-02	growthgroups.do	1
MICROSOFT-CORP-MSN-AS-BLOCK	spamexperts.com	1
cloudflare.com	komplet.do	1
hostgator.com	azak.do	1
difovi.org	panorama.do	1
OVH SAS	notamedica.do	1
hostgator.com	gammatec.do	1
AMAZON-02	intercapital.do	1
CLOUDFLARENET	martur.do	1
CLOUDFLARENET	ofit.do	1
GANDI SAS	francemm.com	2
CLOUDFLARENET	sdctickets.do	1
NETWORK-SOLUTIONS-HOSTING	canamex.do	1
ORACLE-BMC-31898	GOOGLE	2
prodomaines.com	prodomaines.com	1
ifastnet.com	maldonadogroup.do	1
ACTIVE 24, s.r.o.	greenwest.do	1
DIGICERT	cln.do	1
hostingww.com	isla.do	1
ipcom GmbH	altice-one.do	1
raiolanetworks.es	agenciaseo.do	1
cloudflare.com	tse.do	1
dnns.net	happynatura.do	1
equipo3.com	arthouse.do	1
cloudflare.com	spamfiltering.io	1
mediatemple.net	MICROSOFT-CORP-MSN-AS-BLOCK	1
cloudflare.com	directrouter.com	1
CLOUDFLARENET	leyen.do	1
hostgator.com	miapartamento.do	1
cloudflare.com	cgt.do	1
SECURITYSERVICES	activia.do	1
accuwebhosting.com	rmstudio.do	1
CLOUDFLARENET	encedo.com	1
combell.net	register.be	1
CLOUDFLARENET	nss.do	1
UNIFIEDLAYER-AS-1	onecard.do	1
Hetzner Online GmbH	inteligencialegal.do	1
awsdns-15.net	GOOGLE	2
cloudflare.com	revistamedica.do	1
HVC-AS	casadelorfebre.do	1
com.do	bridalweek.do	1
HVC-AS	mirod.do	1
cloudflare.com	viajan.do	1
SERVERCENTRAL	politico.do	1
dnns.net	ecosolar.do	1
awsdns-11.net	cloudfront.net	1
IONOS SE	salse.do	1
awsdns-16.net	MICROSOFT-CORP-MSN-AS-BLOCK	1
Hetzner Online GmbH	homitec.do	1
Host Europe GmbH	alexcom.do	1
AMAZON-02	igualdad.do	1
hostgator.com	dto.do	1
cloudflare.com	banahosting.com	1
hostgator.com	gcj.do	1
cloudflare.com	webfaction.com	1
GLOBAL-IP-NETWORKS	venti.do	1
AMAZON-02	cediah.do	1
host4dreams.org	GOOGLE	1
necomplus.net	necomplus.net	1
plaindns.net	Register S.p.A.	1
BUNNYWAY, informacijske storitve d.o.o.	mailinabox.net	1
cloudflare.com	easydna.do	1
awsdns-04.com	MICROSOFT-CORP-MSN-AS-BLOCK	1
AMAZON-02	converge.do	1
Soluciones Corporativas IP, SL	anamarialajusticia.do	1
tuxtank.com	GOOGLE	1
natrohost.com	pharmaalliance.do	1
AMAZON-02	APPLE-ENGINEERING	1
anony.nl	MICROSOFT-CORP-MSN-AS-BLOCK	1
AMAZON-02	jyrsa.do	1
ns14.net	astrocanal.do	1
CLOUDFLARENET	strategypartnersco.do	1
supremedns.com	MICROSOFT-CORP-MSN-AS-BLOCK	1
evoldesigndr.com	10noticias.do	1
linode.com	gmonsantoconsulting.do	1
SERVERCENTRAL	armada.do	1
cloudflare.com	miao.do	1
HVC-AS	villanoria.do	1
hostiman.ru	YANDEX LLC	1
CLOUDFLARENET	memoriadominicana.do	1
elatomo.com	urbecana.do	1
cloudflare.com	fiscalgo.do	1
NETWORK-SOLUTIONS-HOSTING	vidapositiva.do	1
CLOUDFLARENET	greensite.do	1
CLOUDFLARENET	lidom.do	1
AMAZON-02	omnilife.do	1
CLOUDFLARENET	elgobierno.do	1
CLOUDFLARENET	summit.do	1
ipcom GmbH	augmented-life.do	1
ginernet.com	cocobar.do	1
yoursrs.com	website.es	1
GLOBAL-IP-NETWORKS	rdmarketplace.do	1
com.do	cursos.do	1
CLOUDFLARENET	frost.do	1
HVC-AS	vaca.do	1
UNIFIEDLAYER-AS-1	cizzko.do	1
NETWORK-SOLUTIONS-HOSTING	arthur.do	1
webhostingpad.com	whpservers.com	1
ezhostingserver.com	apo.do	1
arvixeshared.com	007.do	1
DinaHosting S.L.	dinaserver.com	1
SERVERCENTRAL	segurodevehiculo.do	1
cloudflare.com	tcredi.do	1
cloudflare.com	145x.com	1
OVH SAS	berar.do	1
CLOUDFLARENET	lafundacion.do	1
Hetzner Online GmbH	promadre.do	1
AMAZON-02	propi.do	1
HVC-AS	aldogarcia.do	1
hostgator.com	powerdepot.do	1
ipcom GmbH	augmented-home.do	1
hostgator.com	supermercadoamigo.do	1
startlogic.com	mumba.do	1
IS-AS-1	tds.do	1
CLOUDFLARENET	lojack.do	1
SERVERCENTRAL	evermist.do	1
wesoftweb.net	coopcovi.do	1
interserver.net	domiq.do	1
AS-VULTR	odoo.do	1
Cloud DNS Ltd	csabecas.do	1
hostgator.com	aema.do	1
beget.com	YANDEX LLC	1
compi-dns.de	GOOGLE	1
NUCDN	ebrandservices.com	1
cloudflare.com	emailservice.cc	1
ip-94-23-202.eu	firma.do	1
SERVERCENTRAL	grupostp.do	1
DinaHosting S.L.	iara.do	1
zenbox.pl	zenbox.pl	1
fanatiksport.ro	loterianacional.do	1
AMAZON-02	aircharterservice.do	1
CLOUDFLARENET	signsdepot.do	1
UNIFIEDLAYER-AS-1	tangalle.do	1
hostgator.com	smartmenu.do	1
CLOUDFLARENET	hand.do	1
cloudflare.com	xxu.do	1
panelbox.net	GOOGLE	1
cloudflare.com	aliyun.com	1
ich-2.com	influencias.do	1
trdns.com	ep.do	1
SERVERCENTRAL	grupovanoz.do	1
byethost7.org	GOOGLE	1
ipcom GmbH	mail-forwarder.io	1
cgarciahidalgo.com	indigo.do	1
SERVERCENTRAL	bsgp.do	1
CLOUDFLARENET	canyou.do	1
CLOUDFLARENET	ceupe.com	1
AMAZON-02	memories.do	1
AMAZON-02	pavimenta.do	1
CLOUDFLARENET	conversa.do	1
tmdcloud.com	lavecindad.do	1
CLOUDFLARENET	dominicredit.do	1
CLOUDFLARENET	purelymail.com	1
AMAZON-02	arsprimera.do	1
AS-VULTR	shortcut.do	1
cloudflare.com	elpunto.do	1
registrar-servers.com	sendgrid.net	1
SERVERCENTRAL	macroweb.do	1
hostgator.com	letech.do	1
hostgator.com	automartinez.do	1
GOOGLE	carabela.do	1
awsdns-03.net	MICROSOFT-CORP-MSN-AS-BLOCK	1
com.br	duar.do	1
NETWORK-SOLUTIONS-HOSTING	rapidsolution.do	1
cloudflare.com	actor.do	1
HVC-AS	dissa.do	1
Host Europe GmbH	bionex.do	1
CLOUDFLARENET	AMAZON-AES	1
awsdns-26.org	mxfilter.net	1
hostgator.com	bellin.do	1
Cloud DNS Ltd	heynews.do	1
gransy.com	skhosting.eu	1
ipcom GmbH	zive.do	1
cloudflare.com	mailchannels.net	1
imediazip.com	zip.do	1
HVC-AS	republicamovil.do	1
awsdns-14.com	GOOGLE	1
easy.gr	MICROSOFT-CORP-MSN-AS-BLOCK	1
afterimageweb.com	micourier.do	1
CLOUDFLARENET	silversecurity.do	1
ab2ls.net	ab2ls.net	1
netim.net	anonaddy.me	1
SERVERCENTRAL	falud.do	1
SECURITYSERVICES	rwgusa.net	1
contabo.net	MICROSOFT-CORP-MSN-AS-BLOCK	1
ORACLE-BMC-31898	MICROSOFT-CORP-MSN-AS-BLOCK	1
ovh.ca	GOOGLE	1
dnns.net	regala.do	1
SECURITYSERVICES	Cloudflare London, LLC	1
Hetzner Online GmbH	glei.do	1
UNIFIEDLAYER-AS-1	obb.do	1
hostgator.com	bsafe.do	1
cloudflare.com	tmddedicated.com	1
Cloud DNS Ltd	fundacionsantafe.do	1
HVC-AS	canacola.do	1
wolverinedns.com	ones.do	1
AMAZON-02	avec.do	1
UNIFIEDLAYER-AS-1	tankweld.do	1
SERVERCENTRAL	hls.do	1
AMAZON-02	rcpcompany.do	1
AMAZON-02	paramountgroup.do	1
comseso.com	adolfo.do	1
AMAZON-02	cid.do	1
awsdns-03.org	cargill.com	1
hostingww.com	syrsa.do	1
CLOUDFLARENET	british.do	1
interdomain.net	GOOGLE	1
HVC-AS	grupoprisma.do	1
eaton.com	souriau.do	1
AMAZON-02	luckycaribbean.do	1
AMAZON-02	zenni.do	1
webempresa.eu	menugo.do	1
Hetzner Online GmbH	co-ro.de	1
NETWORK-SOLUTIONS-HOSTING	labschool.do	1
awsdns-38.org	GOOGLE	1
HVC-AS	galan.do	1
HVC-AS	funah.do	1
IS-AS-1	buenaradio.do	1
cloudflare.com	kada.do	1
AMAZON-02	hotelmoonpalacepuntacana.do	1
CLOUDFLARENET	macro.do	1
CLOUDFLARENET	laia.do	1
CLOUDFLARENET	divine.do	1
duteserver.com	ccj.do	1
argewebhosting.com	yourfilter.nl	1
omegasus.com	kssmart.do	1
HVC-AS	ander.do	1
AMAZON-02	ezr.do	1
CLOUDFLARENET	mujerbrillante.do	1
Hetzner Online GmbH	telemedico.do	1
SERVERCENTRAL	piward.do	1
checkdomain.de	mica.do	1
SERVERCENTRAL	jaccar.do	1
coopsanjose.do	com.do	1
CLOUDFLARENET	tropicalbeach.do	1
AMAZON-02	gridauto.do	1
awsdns-01.com	GOOGLE	1
cloudflare.com	diariodigital.do	1
raiolanetworks.es	elradar.do	1
CLOUDFLARENET	gtm.do	1
DinaHosting S.L.	aresseguridad.do	1
NUCDN	moroccanoil.do	1
AMAZON-02	electrolit.do	1
cloudflare.com	octopus.do	1
a2dns.com	realestatematching24.do	1
AMAZON-02	maryruthorganics.do	1
wix.com	ecloudpanel.com	1
AS-VULTR	GOOGLE	1
AMAZON-02	opalo.do	1
awsdns-17.net	photonews.do	1
CLOUDFLARENET	zona.do	1
BIZLAND-SD	cabarete.do	1
HVC-AS	hgf.do	1
hostinet.com	prestaplus.do	1
linode.com	municipal.do	1
ipcom GmbH	alticebusiness.do	1
HVC-AS	empleos.do	1
constellix.com	RACKSPACE	1
cloudflare.com	lumon.fi	1
UNIFIEDLAYER-AS-1	coopleal.do	1
OVH SAS	soltes.do	1
superdnssite.com	estelacasanova.do	1
fabercomtec.net	tren.do	1
SERVERCENTRAL	ecosmart.do	1
plughosting.net	tdnlink.do	1
cloudflare.com	spmail.win	1
volvo.com	SECURITYSERVICES	1
fastdns24.com	GOOGLE	1
CLOUDFLARENET	coviem.do	1
awsdns-28.net	GOOGLE	1
cloudns.net	ZOHO-AS	1
cloudflare.com	bitdefender.com	1
knipp.de	pphosted.com	1
mediatemple.net	1411.do	1
hostsilo.com	GOOGLE	1
ipcom GmbH	altice-home.do	1
AMAZON-02	terraintamer.do	1
BIZLAND-SD	puntarena.do	1
HVC-AS	techvision.do	1
awsdns-15.org	GOOGLE-CLOUD-PLATFORM	1
awsdns-09.org	CLOUDFLARENET	1
AMAZON-02	aislamart.do	1
SECURITYSERVICES	mimecast.com	1
ORACLE-BMC-31898	mimecast.com	1
awsdns-13.com	GOOGLE	1
easyname.eu	GOOGLE	1
hostgator.com	transmiti.do	1
NETWORK-SOLUTIONS-HOSTING	maderasibericas.do	1
stabletransit.com	MICROSOFT-CORP-MSN-AS-BLOCK	1
hostgator.com	foodpack.do	1
AMAZON-02	iapsa.do	1
CLOUDFLARENET	one4all.do	1
Akamai International B.V.	dyson.do	1
AMAZON-02	inertia.do	1
AMAZON-02	incident.do	1
cloudflare.com	tuempleord.do	1
rochendns.net	directrouter.com	1
bahiaservers.com	GOOGLE	1
NSONE	jimdo.com	1
cloudflare.com	hostedemail.com	1
CLOUDFLARENET	ecf.do	1
cloudflare.com	todomas.do	1
cloudflare.com	pphosted.com	1
AMAZON-02	sozo.do	1
CLOUDFLARENET	terraverde.do	1
CLOUDFLARENET	structurark.do	1
SERVERCENTRAL	winster.do	1
gransy.com	tok.do	1
afraid.org	financia.do	1
SERVERCENTRAL	socialnetwork.do	1
cloudflare.com	spindns.com	1
cloudflare.com	feishu.cn	1
CLOUDFLARENET	ispeedster.do	1
AMAZON-02	tatt.do	1
awsdns-03.com	MICROSOFT-CORP-MSN-AS-BLOCK	1
BIZLAND-SD	organica.do	1
creasotoldns.com	dftech.do	1
nsprimario.com	hornetsecurity.com	1
com.au	com.au	1
cloudflare.com	imex.do	1
SERVERCENTRAL	depilaser.do	1
acens Technologies, S.L.	besthotels.do	1
Hetzner Online GmbH	tejatec.do	1
reg.ru	cifceh.com	1
cloudflare.com	sleepcenter.do	1
CLOUDFLARENET	proclean.do	1
sureserver.com	civildesign.do	1
xnameserver.de	maecke.net	1
dnsv5.com	GOOGLE	1
lonex.com	lonex.com	1
cloudns.net	cloudns.net	1
startlogic.com	ancla.do	1
linode.com	viatec.do	1
SERVERCENTRAL	retv.do	1
cloudflare.com	stackmail.com	1
smwebdesign.ro	wamos.do	1
hostgator.com	qdc.do	1
VITAL-DNS	GOOGLE	1
CLOUDFLARENET	zss.do	1
SERVERCENTRAL	iqperformance.do	1
register.be	mailprotect.be	1
