host-ww.net	Host-Africa-AS2 (AS329184)	470
cscudns.com	CSC (AS19574)	1
CLOUDFLARENET	DREAMHOST-AS (AS26347)	11
OVH SAS	OVH SAS (AS16276)	352
NSONE	AMAZON-02 (AS16509)	92
AMAZON-02	A2HOSTING (AS55293)	33
NETWORK-SOLUTIONS-HOSTING	MICROSOFT-CORP-MSN-AS-BLOCK (AS8075)	1
AS-VULTR	Contabo GmbH (AS51167)	7
AMAZON-02	GOOGLE (AS15169)	15
CLOUDFLARENET	CLOUDFLARENET (AS13335)	565
AMAZON-02	WHG Hosting Services Ltd (AS14670)	15
Rackspace Ltd.	Akamai Connected Cloud (AS63949)	3
host-ww.net	Host-Africa-AS (AS328364)	223
Leaseweb Deutschland GmbH	Leaseweb Deutschland GmbH (AS28753)	394
CLOUDFLARENET	UNIFIEDLAYER-AS-1 (AS46606)	33
webhostbox.net	NETWORK-SOLUTIONS-HOSTING (AS19871)	17
co.ke	DIGITALOCEAN-ASN (AS14061)	5
awsdns-39.com	CLOUDFLARENET (AS13335)	1
OVH SAS	truehostcloud (AS329278)	297
AMAZON-02	OVH SAS (AS16276)	18
contabo.net	Contabo GmbH (AS51167)	29
tamshi.com	DCSL1-AS (AS328978)	11
GOOGLE-CLOUD-PLATFORM	GOOGLE-CLOUD-PLATFORM (AS396982)	43
co.ke	Safaricom (AS37061)	272
co.ke	Telehouse EAD (AS57344)	104
wordpress.com	AUTOMATTIC (AS2635)	3
dsolutions.host	DIMENOC (AS33182)	1
markmonitor.com	AMAZON-02 (AS16509)	36
AS-VULTR	GOOGLE (AS15169)	2
AS-VULTR	OVH SAS (AS16276)	28
accesskenya.com	GO-DADDY-COM-LLC (AS398101)	1
webhostbox.net	UNIFIEDLAYER-AS-1 (AS46606)	12
NETWORK-SOLUTIONS-HOSTING	NETWORK-SOLUTIONS-HOSTING (AS19871)	27
co.ke	Contabo GmbH (AS51167)	174
co.ke	MyISP (AS37109)	10
HURRICANE	DIGITALOCEAN-ASN (AS14061)	1
CLOUDFLARENET	AMAZON-02 (AS16509)	73
teamweb.africa	Awareness Software Limited (AS34931)	1
CLOUDFLARENET	Hostinger International Limited (AS47583)	102
host-ww.net	CLOUDFLARENET (AS13335)	8
CLOUDFLARENET	MICROSOFT-CORP-MSN-AS-BLOCK (AS8075)	3
host-ww.net	FON (AS37305)	2
co.ke	MICROSOFT-CORP-MSN-AS-BLOCK (AS8075)	1
co.ke	WHG Hosting Services Ltd (AS14670)	2
arvixeshared.com	UNIFIEDLAYER-AS-1 (AS46606)	1
serverseasy.net	AMAZON-02 (AS16509)	1
linode.com	Akamai Connected Cloud (AS63949)	14
host-ww.net	AMAZON-02 (AS16509)	13
SECURITYSERVICES	NAMECHEAP-NET (AS22612)	123
host-ww.net	MICROSOFT-CORP-MSN-AS-BLOCK (AS8075)	10
supremepanel.com	LIQUIDNETLTD1 (AS14555)	31
unknown	CLOUDFLARENET (AS13335)	1
transworldafrica.com	NETWORK-SOLUTIONS-HOSTING (AS19871)	2
Host Europe GmbH	A2HOSTING (AS55293)	8
awasam.com	Contabo GmbH (AS51167)	1
angani.co	ANGANI-AS (AS37684)	3
co.ke	UNIFIEDLAYER-AS-1 (AS46606)	18
desec.io	KENIC (AS36948)	2
IOFLOOD	IOFLOOD (AS53755)	15
chajiocloud.net	netcup GmbH (AS197540)	11
ns14.net	AMAZON-02 (AS16509)	1
Kenyaweb	Kenyaweb (AS329026)	13
co.ke	NETWORK-SOLUTIONS-HOSTING (AS19871)	20
OVH SAS	AMAZON-02 (AS16509)	11
hostgator.com	UNIFIEDLAYER-AS-1 (AS46606)	15
PONYNET	PONYNET (AS53667)	33
rackspace.com	Redcentric Solutions Ltd (AS31463)	2
co.ke	XTRANET (AS37156)	1
GOOGLE	GOOGLE-CLOUD-PLATFORM (AS396982)	4
GOOGLE	Wix.com Ltd. (AS58182)	23
host-ww.net	Contabo GmbH (AS51167)	3
legibra.net	NAMECHEAP-NET (AS22612)	4
kenic.org	UNIFIEDLAYER-AS-1 (AS46606)	1
CLOUDFLARENET	OVH SAS (AS16276)	7
udag.de	united-domains GmbH (AS202108)	2
awsdns-00.org	DIGITALOCEAN-ASN (AS14061)	1
Kenyaweb	IPXO (AS834)	1
cloudns.net	M247 Europe SRL (AS9009)	1
host-ww.net	GOOGLE (AS15169)	5
AMAZON-02	WHG Hosting Services Ltd (AS36454)	22
Leaseweb Deutschland GmbH	RENDER (AS397273)	2
CLOUDFLARENET	ORACLE-BMC-31898 (AS31898)	4
awsdns-20.com	AMAZON-02 (AS16509)	1
co.ke	AMAZON-02 (AS16509)	21
AMAZON-02	WHG Hosting Services Ltd (AS209341)	22
aheri.net	Contabo GmbH (AS51167)	1
awsdns-02.net	AMAZON-02 (AS16509)	1
awsdns-00.org	AMAZON-02 (AS16509)	1
sap-ag.de	SAP SE (AS35039)	1
exclusivehosting.net	UK Dedicated Servers Limited (AS42831)	5
co.ke	NAMECHEAP-NET (AS22612)	33
yangu.me	UNIFIEDLAYER-AS-1 (AS46606)	1
Telehouse EAD	Telehouse EAD (AS57344)	22
CLOUDFLARENET	DIGITALOCEAN-ASN (AS14061)	79
co.ke	LIQUIDNETLTD1 (AS14555)	24
SERVERCENTRAL	SERVERCENTRAL (AS23352)	7
hostgator.com	OVH SAS (AS16276)	1
Hetzner Online GmbH	UNIFIEDLAYER-AS-1 (AS46606)	1
hostclusters.com	Leaseweb Deutschland GmbH (AS28753)	4
hostfiti.com	Contabo GmbH (AS51167)	1
awsdns-02.com	AMAZON-02 (AS16509)	1
Akamai Connected Cloud	Akamai Connected Cloud (AS63949)	7
co.ke	SQUARESPACE (AS53831)	1
sedoparking.com	SEDO GmbH (AS47846)	15
CLOUDFLARENET	GOOGLE (AS15169)	3
kenyawebexperts.com	NETWORK-SOLUTIONS-HOSTING (AS19871)	16
pwanihost.com	NAMECHEAP-NET (AS22612)	3
jijini.com	AMAZON-AES (AS14618)	1
AS-VULTR	GOOGLE-CLOUD-PLATFORM (AS396982)	2
webstacloud.com	Hetzner Online GmbH (AS24940)	3
host-ww.net	GOOGLE-CLOUD-PLATFORM (AS396982)	3
84konnect.africa	Safaricom (AS37061)	1
CLOUDFLARENET	WHG Hosting Services Ltd (AS36454)	2
gigahostingsolutions.com	WHG Hosting Services Ltd (AS14670)	1
AMAZON-02	Team Internet AG (AS61969)	12
registrar-servers.com	NAMECHEAP-NET (AS22612)	24
MICROSOFT-CORP-MSN-AS-BLOCK	MICROSOFT-CORP-MSN-AS-BLOCK (AS8075)	8
dynaweb.cloud	NAMECHEAP-NET (AS22612)	1
co.ke	Enix Ltd (AS52148)	5
MICROSOFT-CORP-MSN-AS-BLOCK	Hostinger International Limited (AS47583)	1
AMAZON-02	WHG Hosting Services Ltd (AS199404)	18
SECURITYSERVICES	CSC (AS19574)	23
savanahost.com	NL-811-40021 (AS40021)	1
CLOUDFLARENET	JTL (AS36866)	2
omreki.net	NAMEHERO-KCDC (AS399250)	2
co.ke	CLOUDFLARENET (AS13335)	2
inmotionhosting.com	INMOTION (AS22611)	13
AMAZON-02	WHG Hosting Services Ltd (AS51713)	55
asterisktech.website	WHG Hosting Services Ltd (AS51713)	3
doityourselfchallenge.com	PONYNET (AS53667)	3
kicha.digital	Host-Africa-AS (AS328364)	1
NUCDN	Combell NV (AS34762)	1
is-fun.net	TelemaxX Telekommunikation GmbH (AS12843)	4
AS-VULTR	Hetzner Online GmbH (AS24940)	4
truehost.cloud	OVH SAS (AS16276)	2
host-ww.net	UNIFIEDLAYER-AS-1 (AS46606)	2
IS-AS-1	IS-AS-1 (AS19318)	7
29cloud.tech	Enix Ltd (AS52148)	1
lgbcould.net	SSASN2 (AS20454)	2
acesolutionafrica.com	NETWORK-SOLUTIONS-HOSTING (AS19871)	1
ipower.com	BIZLAND-SD (AS29873)	4
hostrigel.com	Enix Ltd (AS52148)	2
CLOUDFLARENET	Enix Ltd (AS52148)	1
adtraks.com	GOOGLE-CLOUD-PLATFORM (AS396982)	1
hostgator.com	NETWORK-SOLUTIONS-HOSTING (AS19871)	17
ptempresas.pt	AMAZON-AES (AS14618)	1
hostgator.com	AMAZON-02 (AS16509)	1
MICROSOFT-CORP-MSN-AS-BLOCK	Host-Africa-AS2 (AS329184)	2
interserver.net	IS-AS-1 (AS19318)	2
Contabo GmbH	Contabo GmbH (AS51167)	19
SECURITYSERVICES	PIONEER (AS4868)	1
co.ke	Hostinger International Limited (AS47583)	2
CLOUDFLARENET	IONOS SE (AS8560)	1
acesolutionafrica.com	AMAZON-02 (AS16509)	1
Host Europe GmbH	AMAZON-02 (AS16509)	7
co.ke	Hetzner Online GmbH (AS24940)	18
OVH SAS	CLOUDFLARENET (AS13335)	7
awsdns-25.org	COLT Technology Services Group Limited (AS8220)	1
webrec.it	TIM (AS20746)	1
AMAZON-02	WHG Hosting Services Ltd (AS36218)	1
co.ke	AMAZON-AES (AS14618)	3
AS-VULTR	SQUARESPACE (AS53831)	1
CLOUDFLARENET	Cloudflare London, LLC (AS209242)	6
sawasawa.com	GOOGLE-CLOUD-PLATFORM (AS396982)	2
RAMNODE	HOST4GEEKS-LLC (AS393960)	4
globefinity.com	HOSTWINDS (AS54290)	4
Akamai Connected Cloud	Leaseweb Deutschland GmbH (AS28753)	1
sisd.nl	Signet B.V. (AS35470)	1
mediatemple.net	GO-DADDY-COM-LLC (AS398101)	1
AMAZON-02	Contabo GmbH (AS51167)	2
awsdns-33.net	AMAZON-02 (AS16509)	1
safenames.com	Safenames Ltd. (AS60819)	5
AMAZON-02	FORTRESSITX (AS25653)	9
almondhosting.net	NAMECHEAP-NET (AS22612)	3
afrocom.co	WHG Hosting Services Ltd (AS14670)	2
co.ke	GOOGLE-CLOUD-PLATFORM (AS396982)	3
transworldafrica.com	Akamai Connected Cloud (AS63949)	1
AMAZON-02	AMAZON-02 (AS16509)	13
androcomp.com	A2HOSTING (AS55293)	1
co.uk	WHG Hosting Services Ltd (AS14670)	2
OVH SAS	GOOGLE-CLOUD-PLATFORM (AS396982)	3
contaboserver.net	Contabo GmbH (AS51167)	1
IWEB-AS	IWEB-AS (AS32613)	7
co.ke	SCALAHOSTING (AS40476)	9
kenyawebexperts.com	AS17378 (AS17378)	2
hostkraft.cloud	DIGITALOCEAN-ASN (AS14061)	1
sawasawa.com	SAWASAWA (AS37354)	20
cctv-africa.com	A2HOSTING (AS55293)	4
co.ke	BTL8-AS (AS329170)	1
NUCDN	Team Internet AG (AS61969)	3
AMAZON-02	GOOGLE-CLOUD-PLATFORM (AS396982)	21
awsdns-06.org	AMAZON-02 (AS16509)	2
Safenames Ltd.	Safenames Ltd. (AS60819)	5
kenyawebexperts.com	Telehouse EAD (AS57344)	20
MICROSOFT-CORP-MSN-AS-BLOCK	Contabo GmbH (AS51167)	1
abstractdns.com	Safaricom (AS37061)	1
CLOUDFLARENET	RENDER (AS397273)	2
vistasolutionskenya.com	AS17378 (AS17378)	1
hostingwithgda.com	NETWORK-SOLUTIONS-HOSTING (AS19871)	1
CLOUDFLARENET	INCAPSULA (AS19551)	8
quickhostafrica.com	Awareness Software Limited (AS34931)	1
vps-ag.com	Belcloud LTD (AS44901)	1
coded.cloud	Hetzner Online GmbH (AS24940)	1
vinihost.com	NAMECRANE (AS46824)	1
AS-VULTR	RENDER (AS397273)	1
MICROSOFT-CORP-MSN-AS-BLOCK	INCAPSULA (AS19551)	1
register.it	Register S.p.A. (AS39729)	1
UNIFIEDLAYER-AS-1	DIGITALOCEAN-ASN (AS14061)	2
acesolutionafrica.com	Hostinger International Limited (AS47583)	1
gfsrv.net	Gameforge 4D GmbH (AS47195)	1
dan.com	AMAZON-02 (AS16509)	2
AS-VULTR	truehostcloud (AS329278)	3
GANDI SAS	GANDI SAS (AS29169)	8
co.ke	Host Europe GmbH (AS21499)	5
RAMNODE	Hetzner Online GmbH (AS24940)	1
foundationdns.com	CLOUDFLARENET (AS13335)	1
Hydra Communications Ltd	Enix Ltd (AS52148)	19
almondbusiness.com	NAMECHEAP-NET (AS22612)	2
hostbuddy.cloud	OVH SAS (AS16276)	2
lemarit.de	OMCnet Internet Service GmbH (AS15388)	1
Host Europe GmbH	GOOGLE-CLOUD-PLATFORM (AS396982)	1
PONYNET	Wildcard UK Limited (AS34119)	8
CLOUDFLARENET	NL-811-40021 (AS40021)	1
kenyawebexperts.com	AMAZON-AES (AS14618)	1
hostnet.nl	Signet B.V. (AS20857)	1
co.uk	AMAZON-02 (AS16509)	5
supremedns.com	LIQUIDNETLTD1 (AS14555)	5
DIMENOC	DIMENOC (AS33182)	5
SECURITYSERVICES	AMAZON-02 (AS16509)	4
unknown	Leaseweb Deutschland GmbH (AS28753)	1
host-ww.net	Hetzner Online GmbH (AS24940)	5
CLOUDFLARENET	ANGANI-AS (AS37684)	1
accesskenya.com	Liquid Telecommunications Ltd (AS30844)	3
site.pro	AMAZON-02 (AS16509)	1
da.direct	Host-Africa-AS2 (AS329184)	8
NAMECHEAP-NET	NAMECHEAP-NET (AS22612)	5
gr-ns.com	GETRESPONSE-IMPLIX (AS46469)	1
Host Europe GmbH	Host Europe GmbH (AS21501)	4
hostley.io	Contabo GmbH (AS51167)	1
Hetzner Online GmbH	Hetzner Online GmbH (AS24940)	12
host-ww.net	FASTLY (AS54113)	2
one.com	GOOGLE-CLOUD-PLATFORM (AS396982)	1
SECURITYSERVICES	MICROSOFT-CORP-MSN-AS-BLOCK (AS8075)	5
Hydra Communications Ltd	Hydra Communications Ltd (AS25369)	2
co.ke	FASTLY (AS54113)	3
co.ke	Freethought Internet Limited (AS41000)	6
awsdns-04.com	AMAZON-02 (AS16509)	1
websiteservername.com	AMAZON-02 (AS16509)	1
kemnet.ke	KEMNET-TECHNOLOGIES-AS (AS328578)	1
zomro.com	Podaon SIA (AS211381)	1
registrar-servers.com	AMAZON-02 (AS16509)	2
Host Europe GmbH	Host Europe GmbH (AS21499)	4
netim.net	M247 Europe SRL (AS9009)	2
co.ke	SHOCK-1 (AS395092)	12
co.ke	Cloudflare London, LLC (AS209242)	3
fortyhives.com	NAMECHEAP-NET (AS22612)	4
firstfind.nl	Signet B.V. (AS35470)	2
awsdns-10.net	AMAZON-02 (AS16509)	1
PRIVATESYSTEMS	PRIVATESYSTEMS (AS63410)	4
webhostingpad.com	ASN-GIGENET (AS32181)	1
Akamai International B.V.	Akamai International B.V. (AS20940)	2
oh.mg	Host-Africa-AS2 (AS329184)	1
INMOTION	INMOTION (AS22611)	6
co.ke	IS-AS-1 (AS19318)	7
geocloudafrica.com	Hostinger International Limited (AS47583)	1
accesskenya.com	AMAZON-02 (AS16509)	2
ac.ke	UNIFIEDLAYER-AS-1 (AS46606)	1
ipage.com	OVH SAS (AS16276)	1
AMAZON-02	ASN-DIS (AS393398)	2
CLOUDFLARENET	AS-VULTR (AS20473)	2
ar.cx	WHG Hosting Services Ltd (AS14670)	1
A2HOSTING	A2HOSTING (AS55293)	9
go54.com	SS-ASH (AS19437)	1
CLOUDFLARENET	FASTLY (AS54113)	6
webhostbox.net	AMAZON-02 (AS16509)	2
accesskenya.com	ACCESSKENYA-KE ACCESSKENYA GROUP LTD is an ISP serving (AS15808)	4
awsdns-15.org	AMAZON-02 (AS16509)	1
OVH SAS	Hetzner Online GmbH (AS24940)	3
kasserver.com	Neue Medien Muennich GmbH (AS34788)	1
dns-h.com	AMAZON-02 (AS16509)	1
co.ke	WHG Hosting Services Ltd (AS36454)	3
webcomltd.com	LIQUIDNETLTD1 (AS14555)	4
nsresponse.com	WHG Hosting Services Ltd (AS14670)	3
CLOUDFLARENET	Host-Africa-AS2 (AS329184)	4
co.ke	Akamai Connected Cloud (AS63949)	3
Host Europe GmbH	MICROSOFT-CORP-MSN-AS-BLOCK (AS8075)	3
solohost.cloud	Hydra Communications Ltd (AS25369)	1
kensewe.com	NETWORK-SOLUTIONS-HOSTING (AS19871)	1
AMAZON-02	WHG Hosting Services Ltd (AS204800)	4
hostraha.com	Hetzner Online GmbH (AS24940)	6
ifastnet10.org	Wildcard UK Limited (AS34119)	2
abovedomains.com	Trellian Pty. Limited (AS133618)	2
or.ke	Kenya Education Network (AS36914)	4
msgafrica.com	NETWORK-SOLUTIONS-HOSTING (AS19871)	1
webhostbox.net	DIGITALOCEAN-ASN (AS14061)	2
SERVERCENTRAL	AMAZON-02 (AS16509)	1
host-ww.net	DIGITALOCEAN-ASN (AS14061)	5
CLOUDFLARENET	PT Ikubaru Indonesia (AS135444)	1
noc84.com	IOFLOOD (AS53755)	2
CLOUDFLARENET	Contabo GmbH (AS51167)	11
essilor.com	AMAZON-02 (AS16509)	1
kinetic-ea.com	NAMECHEAP-NET (AS22612)	2
alidns.com	Alibaba US Technology Co., Ltd. (AS45102)	2
bigns.net	Contabo GmbH (AS51167)	1
CLOUDFLARENET	GOOGLE-CLOUD-PLATFORM (AS396982)	9
Host Europe GmbH	GO-DADDY-COM-LLC (AS398101)	8
unknown	IS-AS-1 (AS19318)	1
co.ke	A2HOSTING (AS55293)	4
jijini.com	Hetzner Online GmbH (AS24940)	8
host-ww.net	Afrihost (AS37611)	1
Leaseweb Deutschland GmbH	DIGITALOCEAN-ASN (AS14061)	1
goodwebhost.uk	20i Limited (AS48254)	2
rackspace.com	AMAZON-02 (AS16509)	3
fozzy.com	WZ-US-40824 (AS40824)	1
ultahost.com	TIER-NET (AS397423)	1
thundercloud.uk	Awareness Software Limited (AS34931)	7
co.ke	AS17378 (AS17378)	5
penumos.com	IOFLOOD (AS53755)	3
Leaseweb Deutschland GmbH	CLOUDFLARENET (AS13335)	5
awsdns-21.com	AMAZON-02 (AS16509)	1
OVH SAS	MICROSOFT-CORP-MSN-AS-BLOCK (AS8075)	2
stebohost.com	WHG Hosting Services Ltd (AS51713)	1
AS-VULTR	AMAZON-02 (AS16509)	4
netim.net	senseLAN GmbH (AS31736)	1
da.direct	Hetzner Online GmbH (AS24940)	5
GOOGLE-CLOUD-PLATFORM	20i Limited (AS48254)	7
ezoicns.com	Contabo GmbH (AS51167)	1
webserversystems.com	UNIFIEDLAYER-AS-1 (AS46606)	3
palmsoft.biz	AMAZON-02 (AS16509)	1
CLOUDFLARENET	truehostcloud (AS329278)	1
cloudns.net	Contabo GmbH (AS51167)	2
giantpanda.com	Akamai Connected Cloud (AS63949)	1
awsdns-20.org	MICROSOFT-CORP-MSN-AS-BLOCK (AS8075)	1
mykenyanhost.com	PRIVATESYSTEMS (AS63410)	4
alfronze.com	NAMECHEAP-NET (AS22612)	1
co.ke	IOFLOOD (AS53755)	1
co.ke	JTL (AS36866)	3
spaceship.net	NAMECHEAP-NET (AS22612)	3
co.uk	Krystal Hosting Ltd (AS12488)	1
helioshost.com	UK Dedicated Servers Limited (AS42831)	1
supremedns.com	UK Dedicated Servers Limited (AS42831)	2
markmonitor.com	Itm8 A/S (AS44398)	1
bodis.com	AMAZON-02 (AS16509)	3
koprimlimited.com	NAMECHEAP-NET (AS22612)	2
AS-VULTR	FASTLY (AS54113)	2
obotechsolutions.africa	Contabo GmbH (AS51167)	1
firstdatahost.cloud	NL-811-40021 (AS40021)	1
co.ke	SMARTCLOUD (AS328989)	1
co.ke	FLL2-AS (AS329110)	1
rnp-it-solutions.com	DIMENOC (AS33182)	1
nisccloud.com	HVC-AS (AS29802)	1
Leaseweb Deutschland GmbH	FASTLY (AS54113)	2
kickdns.com	Contabo Asia Private Limited (AS141995)	1
vultr.com	AS-VULTR (AS20473)	1
geohostafrica.com	Contabo GmbH (AS51167)	3
co.ke	PONYNET (AS53667)	1
co.ke	Awareness Software Limited (AS34931)	4
co.ke	OVH SAS (AS16276)	18
CLOUDFLARENET	HUAWEI CLOUDS (AS136907)	1
SECURITYSERVICES	Contabo GmbH (AS51167)	1
webappzhosting.com	NAMECHEAP-NET (AS22612)	1
accesskenya.com	CISCO-UMBRELLA (AS36692)	1
fastnext.com	Serverius Holding B.V. (AS50673)	2
exclusivehosting.net	Safaricom (AS37061)	1
awsdns-24.org	AMAZON-02 (AS16509)	1
ascio.com	Register S.p.A. (AS39729)	1
DIGICERT	IPTRANSIT (AS46786)	1
co.ke	Iomart Managed Services Limited (AS35425)	1
iyisolutions.com	NETWORK-SOLUTIONS-HOSTING (AS19871)	1
SHOCK-1	SHOCK-1 (AS395092)	5
NETWORK-SOLUTIONS-HOSTING	RENDER (AS397273)	1
oracomgroup.com	A2HOSTING (AS55293)	1
OVH SAS	Hostinger International Limited (AS47583)	1
host-ww.net	CKL1-ASN (AS36926)	1
regery.net	Hetzner Online GmbH (AS24940)	2
NSONE	GOOGLE (AS15169)	2
hoster905.com	ICDSoft Ltd. (AS8739)	1
globat.com	BIZLAND-SD (AS29873)	1
CLOUDFLARENET	LEASEWEB-USA-WDC (AS30633)	1
tcloudbusiness.africa	NL-811-40021 (AS40021)	4
co.za	NetConnex Broadband Ltd. (AS21396)	1
SECURITYSERVICES	OVH SAS (AS16276)	1
wananchi.com	WANANCHI (AS15399)	1
peakanddale.com	NAMECHEAP-NET (AS22612)	1
swiftwebhosts.com	WHG Hosting Services Ltd (AS14670)	1
awsdns-12.com	Safenames Ltd. (AS60819)	1
awsdns-11.net	AMAZON-02 (AS16509)	2
servconfig.com	DIGITALOCEAN-ASN (AS14061)	1
3m.com	AMAZON-02 (AS16509)	3
webserversystems.com	AS40676 (AS40676)	1
ihsdnsx3.com	IHS Kurumsal Teknoloji Hizmetleri A.S (AS49126)	1
host-ww.net	SAFARICOM-LIMITED (AS33771)	1
SECURITYSERVICES	GOOGLE (AS15169)	1
cnetglobal.com	STEADFAST (AS32748)	3
accesskenya.com	MyISP (AS37109)	1
hivelocity.net	HVC-AS (AS29802)	1
123ns.de	'ingenit GmbH & Co. KG' (AS57376)	1
or.ke	GOOGLE (AS15169)	1
regery.net	Contabo GmbH (AS51167)	1
onsecurecloud.net	Contabo GmbH (AS51167)	2
AS-VULTR	CLOUDFLARENET (AS13335)	1
hostpinnacleservers.com	Wix.com Ltd. (AS58182)	1
hdeeds.com	NL-811-40021 (AS40021)	1
3dbaremetalcloud.com	IOFLOOD (AS53755)	3
itservesolutions.com	MyISP (AS37109)	2
Hetzner Online GmbH	AS-VULTR (AS20473)	1
solvitsolutions.com	AMAZON-02 (AS16509)	1
hostafrica.net	Host-Africa-AS (AS328364)	1
guzelhosting.com	GNET Internet Telekomunikasyon A.S. (AS42846)	1
site4now.net	SHARKTECH (AS46844)	3
co.ke	Leaseweb Deutschland GmbH (AS28753)	4
hasoftkenya.net	Hetzner Online GmbH (AS24940)	1
jumpvps.org	Delta HighTech Ltd. (AS8860)	1
SECURITYSERVICES	ANGANI-AS (AS37684)	1
co.ke	JAMBONET (AS12455)	8
CLOUDFLARENET	Telehouse EAD (AS57344)	1
SECURITYSERVICES	COGECO-PEER1 (AS13768)	1
Leaseweb Deutschland GmbH	AMAZON-02 (AS16509)	6
host-ww.net	SQUARESPACE (AS53831)	2
unknown	Host-Africa-AS2 (AS329184)	4
hklaw254.xyz	NAMECHEAP-NET (AS22612)	1
rackspace.com	DIGITALOCEAN-ASN (AS14061)	1
ipage.com	BIZLAND-SD (AS29873)	2
hostpinnacleservers.com	Contabo GmbH (AS51167)	1
co.ke	ServeTheWorld AS (AS34989)	1
AS-VULTR	NL-811-40021 (AS40021)	2
dns-h.com	Hetzner Online GmbH (AS24940)	1
boxsecured.com	Hostinger International Limited (AS47583)	1
AS-VULTR	Belcloud LTD (AS44901)	1
1984.is	Host-Africa-AS (AS328364)	1
rhostbh.com	UNIFIEDLAYER-AS-1 (AS46606)	1
CLOUDFLARENET	Hetzner Online GmbH (AS24940)	3
co.ke	ANGANI-AS (AS37684)	9
Leaseweb Deutschland GmbH	GOOGLE (AS15169)	1
Host Europe GmbH	DIGITALOCEAN-ASN (AS14061)	1
DIGICERT	CLOUDFLARENET (AS13335)	1
fuzucloud.ovh	OVH SAS (AS16276)	1
unknown	MICROSOFT-CORP-MSN-AS-BLOCK (AS8075)	1
bountylab.net	NETWORK-SOLUTIONS-HOSTING (AS19871)	1
awsdns-05.org	AMAZON-02 (AS16509)	2
co.ke	WEBHOSTINGHOLDINGS (AS965)	1
email.ke	Contabo GmbH (AS51167)	1
awsdns-10.org	AMAZON-02 (AS16509)	2
AMAZON-02	SQUARESPACE (AS53831)	1
Akamai Connected Cloud	LEASEWEB-USA-PHX (AS19148)	2
zesha.net	OVH SAS (AS16276)	1
corpinter.de	AMAZON-02 (AS16509)	1
CLOUDFLARENET	RAMNODE (AS3842)	1
NSONE	Cloudflare London, LLC (AS209242)	1
jrmhd.tech	RELIABLESITE (AS23470)	3
eukdns.com	Iomart Managed Services Limited (AS35425)	1
hetzner.com	Hetzner Online GmbH (AS24940)	4
poahost.com	IS-AS-1 (AS19318)	1
gcd-dns.com	AMAZON-02 (AS16509)	3
c-orbit.com	Hetzner Online GmbH (AS24940)	2
co.ke	SSASN2 (AS20454)	1
Telehouse EAD	AS17378 (AS17378)	4
krones-group.com	PlusServer GmbH (AS61157)	1
Host Europe GmbH	WEHOSTWEBSITES-COM (AS30475)	1
awsdns-25.com	AMAZON-02 (AS16509)	1
AMAZON-02	SINGLEHOP-LLC (AS32475)	3
basf.com	AMAZON-02 (AS16509)	1
emirates.com	GOOGLE-CLOUD-PLATFORM (AS396982)	1
eabesthosting.com	LIQUIDNETLTD1 (AS14555)	1
MICROSOFT-CORP-MSN-AS-BLOCK	Vilcom-Networks (AS329014)	1
host-ww.net	Web4Africa (AS327813)	2
Hetzner Online GmbH	ORACLE-BMC-31898 (AS31898)	1
digitaledgekenya.com	Hetzner Online GmbH (AS24940)	1
ehost-ea.com	NAMECHEAP-NET (AS22612)	1
sasahivi.com	Wix.com Ltd. (AS58182)	1
marcant.net	dogado GmbH (AS45012)	1
co.ke	IONOS SE (AS8560)	1
awsdns-09.com	AMAZON-02 (AS16509)	1
netim.net	Eurofiber France SAS (AS24935)	4
eacdirectory.com	Host-Africa-AS2 (AS329184)	1
kenyawebexperts.com	WHG Hosting Services Ltd (AS14670)	3
co.uk	20i Limited (AS48254)	2
CLOUDFLARENET	A2HOSTING (AS55293)	3
awsdns-18.com	AMAZON-02 (AS16509)	1
Leaseweb Deutschland GmbH	NOCIX (AS33387)	3
co.ke	WANANCHI (AS15399)	1
1984.is	1984 ehf (AS44925)	1
unknown	Scaleway S.a.s. (AS12876)	1
dynu.com	SAFARICOM-LIMITED (AS33771)	1
serverhostgroup.com	Akamai Connected Cloud (AS63949)	2
afriqnetworks.net	A2HOSTING (AS55293)	1
orangehost.com	ORANGEHOST (AS19853)	2
co.ke	Synextra Limited (AS59778)	2
second-ns.com	Hetzner Online GmbH (AS24940)	3
OVH SAS	internet-solutions-ke (AS12556)	1
teknezi.com	NAMECHEAP-NET (AS22612)	1
survtech.cloud	AS-COLOCROSSING (AS36352)	2
CLOUDFLARENET	PONYNET (AS53667)	1
awsdns-12.com	Safaricom (AS37061)	1
co.ke	WHG Hosting Services Ltd (AS51713)	5
ns1.favitechhosting	NAMECHEAP-NET (AS22612)	1
Host Europe GmbH	AS-VULTR (AS20473)	1
MICROSOFT-CORP-MSN-AS-BLOCK	UNIFIEDLAYER-AS-1 (AS46606)	2
GANDI SAS	OVH SAS (AS16276)	1
OVH SAS	Contabo GmbH (AS51167)	2
IOFLOOD	FASTLY (AS54113)	1
iqimagehost.com	NAMECHEAP-NET (AS22612)	1
mtnbusiness.net	MICROSOFT-CORP-MSN-AS-BLOCK (AS8075)	1
co.za	Opera Norway AS (AS39832)	2
brandshelter.com	AMAZON-02 (AS16509)	2
msgafrica.com	GO-DADDY-COM-LLC (AS400754)	1
awsdns-32.com	AMAZON-02 (AS16509)	1
CLOUDFLARENET	AMAZON-AES (AS14618)	2
Leaseweb Deutschland GmbH	FLY (AS40509)	1
arandomserver.com	HAWKHOST (AS20068)	1
AMAZON-02	LEASEWEB SINGAPORE PTE. LTD. (AS59253)	1
LDSCHURCH1	LDSCHURCH1 (AS19648)	2
pinchafrica.info	Hetzner Online GmbH (AS24940)	1
safenames.net	GOOGLE-CLOUD-PLATFORM (AS396982)	1
awsdns-11.com	AMAZON-02 (AS16509)	1
Akamai International B.V.	AKAMAI-AS (AS16625)	2
CLOUDFLARENET	Host-Africa-AS (AS328364)	1
awsdns-17.org	AMAZON-02 (AS16509)	1
CLOUDFLARENET	GOOGLE-2 (AS19527)	1
GOOGLE	GOOGLE (AS15169)	1
AMAZON-02	IS-AS-1 (AS19318)	1
awsdns-18.net	AMAZON-02 (AS16509)	1
wonderkidonline.com	UNIFIEDLAYER-AS-1 (AS46606)	1
RAMNODE	AMAZON-02 (AS16509)	1
emirates.com	AMAZON-02 (AS16509)	1
gifwebhosting.net	Hetzner Online GmbH (AS24940)	2
Host Europe GmbH	SQUARESPACE (AS53831)	1
host-ww.net	BTL7-AS (AS328793)	1
SECURITYSERVICES	Silverhill Group Holding Ltd (AS202492)	1
awsdns-13.net	AMAZON-02 (AS16509)	2
CLOUDFLARENET	LUCENT-CIO (AS10455)	1
host-ww.net	Cloudflare London, LLC (AS209242)	2
co.ke	SAFARICOM-LIMITED (AS33771)	1
xcmgeastafrica.com	Host-Africa-AS2 (AS329184)	1
comandsolutions.com	COMANDSOLUTIONS (AS400213)	1
uu.net	WUCHICAGO (AS16744)	1
main-hosting.eu	Hostinger International Limited (AS47583)	1
liquidtelecom.net	Liquid Telecommunications Ltd (AS30844)	1
liquidweb.com	LIQUIDWEB (AS32244)	1
cnetglobal.com	INMOTION (AS22611)	1
AMAZON-02	RENDER (AS397273)	2
rayscoweb.com	NAMECHEAP-NET (AS22612)	4
mtandaocloud.com	PONYNET (AS53667)	1
MICROSOFT-CORP-MSN-AS-BLOCK	DIMENOC (AS33182)	1
name.com	SOFTLAYER (AS36351)	2
bnamed.eu	Cloudflare London, LLC (AS209242)	1
gocheapweb.com	OVH SAS (AS16276)	1
rahatamu.com	WHITELABELIT (AS394625)	1
Host Europe GmbH	CLOUDFLARENET (AS13335)	2
MICROSOFT-CORP-MSN-AS-BLOCK	Safaricom (AS37061)	2
co.ke	Africa Online Kenya (AS36915)	1
oracomgroup.com	PONYNET (AS53667)	1
first-ns.de	Hetzner Online GmbH (AS24940)	1
site5.com	UNIFIEDLAYER-AS-1 (AS46606)	4
ripplewave.space	LEASEWEB-USA-DAL (AS394380)	1
MICROSOFT-CORP-MSN-AS-BLOCK	CLOUDFLARENET (AS13335)	2
dsdns.net	xneelo (AS37153)	1
CLOUDFLARENET	Wildcard UK Limited (AS34119)	1
servconfig.com	INMOTION (AS22611)	5
dyn.com	ORACLE-BMC-31898 (AS31898)	1
OVH SAS	RENDER (AS397273)	1
AMAZON-02	FASTLY (AS54113)	1
GOOGLE	Safaricom (AS37061)	1
dnsimple.com	Hetzner Online GmbH (AS24940)	1
webcomke.net	LIQUIDNETLTD1 (AS14555)	3
xenondns.com	Hetzner Online GmbH (AS24940)	1
nvme-servers.com	Hetzner Online GmbH (AS24940)	4
exclusivehosting.net	GOOGLE-CLOUD-PLATFORM (AS396982)	1
webunbounded.cloud	NL-811-40021 (AS40021)	2
geocloudafrica.com	CLOUDFLARENET (AS13335)	1
contabo.net	NL-811-40021 (AS40021)	1
x10premium.com	SINGLEHOP-LLC (AS32475)	1
quicns.com	AS-VULTR (AS20473)	1
nestict.net	Contabo GmbH (AS51167)	1
asoshared.com	UNIFIEDLAYER-AS-1 (AS46606)	1
comtelsys.net	Hostkey B.v. (AS57043)	1
freehostia.com	LIQUIDNETLTD1 (AS14555)	1
zaccodigitaltrustlabs.se	DIGICERT (AS16552)	1
MICROSOFT-CORP-MSN-AS-BLOCK	OVH SAS (AS16276)	2
server280.com	ICDSoft Ltd. (AS8739)	2
whogohost.com	AMAZON-02 (AS16509)	1
co.uk	Awareness Software Limited (AS34931)	1
Leaseweb Deutschland GmbH	GOOGLE-CLOUD-PLATFORM (AS396982)	1
byethost10.org	Wildcard UK Limited (AS34119)	1
host-ww.net	NAMECHEAP-NET (AS22612)	1
co.ke	Wix.com Ltd. (AS58182)	2
spnel.com	Ddos-guard Ltd (AS57724)	1
porterlogicshosting.com	SERVERCENTRAL (AS23352)	2
nairobiwebexperts.com	NAMECHEAP-NET (AS22612)	1
falashahost.com	Hetzner Online GmbH (AS24940)	1
centos-webpanel.com	ACCESSKENYA-KE ACCESSKENYA GROUP LTD is an ISP serving (AS15808)	1
neliumhosting.com	WHG Hosting Services Ltd (AS51713)	1
co.uk	CLOUDFLARENET (AS13335)	1
webhostbox.net	WHG Hosting Services Ltd (AS36454)	1
CLOUDFLARENET	AS-COLOCROSSING (AS36352)	2
hostupon.com	AS-HOSTUPON (AS53479)	1
awsdns-24.net	KE-NET2000 (AS9129)	1
inmotionhosting.com	IMH-IAD (AS54641)	3
awsdns-11.org	AMAZON-02 (AS16509)	1
deveint.live	Akamai Connected Cloud (AS63949)	1
cloudwebhosting.com	NAMEHERO-KCDC (AS399250)	1
AMAZON-02	CLOUDFLARENET (AS13335)	1
Telehouse EAD	SCALAHOSTING (AS40476)	2
CLOUDFLARENET	RELIABLESITE (AS23470)	2
kenyawebexperts.com	SCALAHOSTING (AS40476)	2
host-ww.net	GOOGLE-2 (AS19527)	1
OVH SAS	Cloudflare London, LLC (AS209242)	1
awsdns-07.org	AMAZON-02 (AS16509)	1
ispato.com	Node4 Limited (AS31727)	2
NSONE	FASTLY (AS54113)	1
privatedns.vip	WIIT AG (AS24961)	1
server267.com	ICDSoft Ltd. (AS8739)	1
accesskenya.com	NETWORK-SOLUTIONS-HOSTING (AS19871)	1
bdwebhost.com	velia.net Internetdienste GmbH (AS29066)	1
awsdns-38.com	NETWORK-SOLUTIONS-HOSTING (AS19871)	1
inwx.de	InterNetworX Management GmbH (AS48596)	1
ifennec.com	NAMECHEAP-NET (AS22612)	1
UNIFIEDLAYER-AS-1	NETWORK-SOLUTIONS-HOSTING (AS19871)	3
mainnameserver.com	Heart Internet limited (AS20738)	3
awsdns-00.com	AMAZON-02 (AS16509)	1
accesskenya.com	HOSTWINDS (AS54290)	1
abicomputers.uk	LIQUIDNETLTD1 (AS14555)	1
kenyawebexperts.com	NAMECHEAP-NET (AS22612)	2
perf1.com	Nameshield SAS (AS20756)	2
hawkhost.com	HAWKHOST (AS20068)	1
co.ke	GOOGLE-2 (AS19527)	1
awsdns-23.org	AMAZON-AES (AS14618)	1
markmonitor.zone	AMAZON-02 (AS16509)	1
DIGICERT	RSAWEB Internet Services (AS37053)	1
awsdns-16.com	DIGITALOCEAN-ASN (AS14061)	1
loopiagroup.com	Loopia AB (AS41528)	1
afriregister.com	Contabo GmbH (AS51167)	1
CLOUDFLARENET	Scaleway S.a.s. (AS12876)	2
eachosting.com	Host-Africa-AS (AS328364)	1
ifastnet.com	Wildcard UK Limited (AS34119)	1
nvme-servers.org	Hetzner Online GmbH (AS24940)	4
co.ke	GO-DADDY-COM-LLC (AS398101)	1
awsdns-16.org	AMAZON-02 (AS16509)	1
CLOUDFLARENET	Akamai Connected Cloud (AS63949)	3
awsdns-37.net	AMAZON-02 (AS16509)	1
kickdns.com	NL-811-40021 (AS40021)	1
dnszoneserver.com	OVH SAS (AS16276)	1
dimedns.com	AS40676 (AS40676)	2
wsdcloud.com	OVH SAS (AS16276)	1
hostgator.com	CLOUDFLARENET (AS13335)	1
arvixe.com	UNIFIEDLAYER-AS-1 (AS46606)	1
webline-services.com	WEBLINE19 (AS29757)	1
accesskenya.com	Host-Africa-AS2 (AS329184)	1
exclusivehosting.net	Host-Africa-AS (AS328364)	2
Hetzner Online GmbH	NETWORK-SOLUTIONS-HOSTING (AS19871)	1
arrowcloudlinux.com	PhoenixNAP (AS59210)	1
hostmeke.com	IOFLOOD (AS53755)	2
awsdns-02.org	AMAZON-02 (AS16509)	1
blithost.com	Contabo GmbH (AS51167)	1
accesskenya.com	Zen Internet Ltd (AS13037)	1
bidaweb.com	NTHL (AS11042)	1
SERVERCENTRAL	Akamai Connected Cloud (AS63949)	1
managed-ip.com	Mittwald CM Service GmbH & Co. KG (AS15817)	1
accesskenya.com	OVH SAS (AS16276)	1
truehostdns.com	AS-30083-US-VELIA-NET (AS30083)	1
beninda.net	WHG Hosting Services Ltd (AS36454)	1
wananchi.space	Hetzner Online GmbH (AS24940)	1
co.ke	Host-Africa-AS2 (AS329184)	1
host-ww.net	Syokinet-Solutions-AS (AS328271)	1
GOOGLE	truehostcloud (AS329278)	1
fozzy.com	Webzilla B.V. (AS35415)	1
blairmont.com	NAMECHEAP-NET (AS22612)	3
awsdns-19.com	AMAZON-02 (AS16509)	1
linode.com	Hostinger International Limited (AS47583)	1
zaburihost.net	Contabo GmbH (AS51167)	1
ultahost.com	Host-Africa-AS2 (AS329184)	1
Host Europe GmbH	Hostinger International Limited (AS47583)	1
da.direct	Leaseweb Deutschland GmbH (AS28753)	1
accesskenya.com	internet-solutions-ke (AS12556)	1
w3line.fr	OVH SAS (AS16276)	1
datachip.us	NETWORK-SOLUTIONS-HOSTING (AS19871)	1
kenyawebexperts.com	DIGITALOCEAN-ASN (AS14061)	1
Leaseweb Deutschland GmbH	Contabo GmbH (AS51167)	1
awsdns-31.com	AMAZON-02 (AS16509)	1
superdnssite.com	SINGLEHOP-LLC (AS32475)	2
hp-dns.com	Contabo GmbH (AS51167)	1
AS-VULTR	AS-GLOBALTELEHOST (AS63023)	1
wpworld.host	20i Limited (AS48254)	1
CLOUDFLARENET	Melbikomas UAB (AS56630)	1
deveint.live	NAMECHEAP-NET (AS22612)	1
or.ke	Host-Africa-AS (AS328364)	1
sanofi-synthelabo.com	AMAZON-02 (AS16509)	1
iaasdns.com	MULTA-ASN1 (AS35916)	1
private-nameserver.net	NAMECRANE (AS46824)	1
rcode0.net	Probe Networks (AS29686)	1
Leaseweb Deutschland GmbH	UAB Interneto vizija (AS212531)	1
Leaseweb Deutschland GmbH	MICROSOFT-CORP-MSN-AS-BLOCK (AS8075)	1
webhostbox.net	AMAZON-AES (AS14618)	2
echo-systems.net	HOST4GEEKS-LLC (AS393960)	1
msgafrica.com	Messagelabs-AS (AS328301)	3
SECURITYSERVICES	Gamebuilders Inc. (AS18018)	1
dnsone.cloud	Scaleway S.a.s. (AS12876)	1
AMAZON-02	TZULO (AS11878)	1
accesskenya.com	AMAZON-AES (AS14618)	1
okinyo.com	DIMENOC (AS33182)	1
whogohost.com	WHG Hosting Services Ltd (AS51713)	1
mycoursebay.com	NAMECHEAP-NET (AS22612)	1
geonta.com	OVH SAS (AS16276)	1
accesskenya.com	Hetzner Online GmbH (AS24940)	1
co.ke	AS-26496-GO-DADDY-COM-LLC (AS26496)	3
managed-vps.net	Telehouse EAD (AS57344)	2
host-ww.net	HUAWEI CLOUDS (AS136907)	1
awsdns-48.com	DIGITALOCEAN-ASN (AS14061)	1
MICROSOFT-CORP-MSN-AS-BLOCK	AMAZON-02 (AS16509)	1
host-ww.net	WEEBLY (AS27647)	2
co.ke	SINGLEHOP-LLC (AS32475)	1
AMAZON-02	AMAZON-AES (AS14618)	1
serverarray.net	RELIABLESITE (AS23470)	1
sasaspace.ng	Hetzner Online GmbH (AS24940)	1
hosthela.com	Hetzner Online GmbH (AS24940)	1
grundfos.com	Grundfos Holding A/s (AS31131)	1
awsdns-03.org	DIGITALOCEAN-ASN (AS14061)	1
nocdirect.com	NTHL (AS11042)	1
hakikisha.com	UNIFIEDLAYER-AS-1 (AS46606)	1
hawkhost.com	SINGLEHOP-LLC (AS32475)	1
livingdot.com	IHNET (AS33494)	1
ongea.cloud	20i Limited (AS48254)	1
yourhostingaccount.com	BIZLAND-SD (AS29873)	1
rosehosting.com	OVH SAS (AS16276)	1
asterisktech.africa	WHG Hosting Services Ltd (AS51713)	1
serverhostgroup.com	OVH SAS (AS16276)	1
co.ke	Kenyaweb (AS329026)	1
GOOGLE	FASTLY (AS54113)	1
awsdns-14.org	AMAZON-02 (AS16509)	1
vilcom.ke	Vilcom-Networks (AS329014)	1
nvme-servers.com	netcup GmbH (AS214996)	2
CLOUDFLARENET	KoTDA (AS328847)	1
AS-VULTR	MICROSOFT-CORP-MSN-AS-BLOCK (AS8075)	1
cloudns.net	Servercore-Africa-Ltd (AS329272)	1
awsdns-10.org	CLOUDFLARENET (AS13335)	1
AS-VULTR	ANGANI-AS (AS37684)	1
sureserver.com	ICDSoft Ltd. (AS8739)	1
superdomainzone.com	SINGLEHOP-LLC (AS32475)	1
co.ke	INMOTION (AS22611)	1
CLOUDFLARENET	AltusHost B.V. (AS51430)	1
host-ww.net	AMAZON-AES (AS14618)	1
awardspace.com	Zetta Hosting Solutions LLC. (AS44476)	1
AS-VULTR	Cloudflare London, LLC (AS209242)	1
Contabo GmbH	FASTLY (AS54113)	1
SECURITYSERVICES	INCAPSULA (AS19551)	1
kickdns.com	Contabo GmbH (AS51167)	1
Host Europe GmbH	GO-DADDY-COM-LLC (AS398787)	1
enter-system.com	AMAZON-02 (AS16509)	1
exclusivehosting.net	UNIFIEDLAYER-AS-1 (AS46606)	1
hosnts.io	Enix Ltd (AS52148)	1
mymanga.pro	MyManga-AS (AS329029)	1
host-ww.net	AS40676 (AS40676)	1
ericsson.se	MICROSOFT-CORP-MSN-AS-BLOCK (AS8075)	1
iranomgold.com	WHG Hosting Services Ltd (AS14670)	1
OVH SAS	DIGITALOCEAN-ASN (AS14061)	1
host-ww.net	Alibaba US Technology Co., Ltd. (AS45102)	2
SECURITYSERVICES	SECURITYSERVICES (AS12008)	2
MICROSOFT-CORP-MSN-AS-BLOCK	INFB-AS (AS14116)	1
OVH SAS	FASTLY (AS54113)	1
Hetzner Online GmbH	GOOGLE (AS15169)	1
CLOUDFLARENET	SQUARESPACE (AS53831)	1
czarlogistics.com	AMAZON-02 (AS16509)	1
curaden-hosting.ch	Hosting eXperts Switzerland AG (AS200979)	1
cloudns.net	MICROSOFT-CORP-MSN-AS-BLOCK (AS8075)	1
atpadvisory.com	Host-Africa-AS (AS328364)	1
nsroot1.com	CSC (AS19574)	1
lelevar.com	AS-COLOCROSSING (AS36352)	1
co.za	Afrihost (AS37611)	1
hostway.net	CLOUDFLARENET (AS13335)	1
awsdns-28.net	CLOUDFLARENET (AS13335)	1
host-ww.net	IFSL1-AS (AS329101)	1
braysons.net	Contabo GmbH (AS51167)	1
webstacloud.com	AMAZON-02 (AS16509)	1
SECURITYSERVICES	Signet B.V. (AS20857)	1
awsdns-27.org	AMAZON-02 (AS16509)	1
unknown	Enix Ltd (AS52148)	1
ghzdns.com	RELIABLESITE (AS23470)	1
awsdns-34.com	ESET, spol. s r.o. (AS50881)	1
webhosts254.com	NAMECHEAP-NET (AS22612)	2
AMAZON-02	xneelo (AS37153)	1
extraitsolutions.net	DATABANK-DFW (AS13767)	1
totalchoicehosting.com	TOTALCHOICE-HOSTING (AS16556)	1
msgafrica.com	NAMECHEAP-NET (AS22612)	1
freehosting.com	Hetzner Online GmbH (AS24940)	1
awsdns-18.org	AMAZON-02 (AS16509)	1
dynu.com	WAVEX (AS328977)	1
netim.net	Hetzner Online GmbH (AS24940)	1
speedydns.net	GOOGLE (AS15169)	1
hostgator.com	ORACLE-BMC-31898 (AS31898)	1
CLOUDFLARENET	NAMECHEAP-NET (AS22612)	1
awsdns-29.com	AMAZON-AES (AS14618)	1
facebook.com	FACEBOOK (AS32934)	1
megawattgroupco.com	Leaseweb Deutschland GmbH (AS28753)	1
CLOUDFLARENET	ZOHO-AS (AS2639)	1
awsdns-19.org	Kenyaweb (AS329026)	1
GOOGLE	KEMNET-TECHNOLOGIES-AS (AS328578)	1
edrive-hosting.cz	GOOGLE-CLOUD-PLATFORM (AS396982)	1
routing.net	Eurofiber France SAS (AS24935)	1
pearson.com	Pearson Shared Services Ltd (AS29016)	1
HURRICANE	GOOGLE-CLOUD-PLATFORM (AS396982)	1
co.ke	Zen Internet Ltd (AS13037)	1
awsdns-08.org	AMAZON-02 (AS16509)	1
AS-VULTR	Hostinger International Limited (AS47583)	1
lemarit.de	Liebherr-IT Services GmbH (AS30915)	1
privatenameserver.online	OVH SAS (AS16276)	1
da.direct	Petar Petrov (AS202634)	1
host-ww.net	Safaricom (AS37061)	1
managed-ip.info	Buhler AG (AS34261)	1
awsdns-24.org	AMAZON-AES (AS14618)	1
CLOUDFLARENET	Hydra Communications Ltd (AS25369)	1
tetrapak.com	AMAZON-02 (AS16509)	1
sarahmarion.com	OVH SAS (AS16276)	1
AMAZON-02	T-Mobile Czech Republic a.s. (AS13036)	1
ipcom GmbH	DIGITALOCEAN-ASN (AS14061)	1
seacomnet.com	AMAZON-02 (AS16509)	1
awsdns-16.org	Safaricom (AS37061)	1
blackhost.africa	LIQUIDNETLTD1 (AS14555)	1
justhost.com	UNIFIEDLAYER-AS-1 (AS46606)	2
safebrands.com	MICROSOFT-CORP-MSN-AS-BLOCK (AS8075)	1
ipcom GmbH	Akamai Connected Cloud (AS63949)	1
ngninfra.net	MICROSOFT-CORP-MSN-AS-BLOCK (AS8075)	1
SECURITYSERVICES	CLOUDFLARENET (AS13335)	1
legibra.network	NAMECHEAP-NET (AS22612)	1
greenmini.host	Green Mini host BV (AS205668)	1
geocloudafrica.com	NAMECHEAP-NET (AS22612)	1
NUCDN	Datacenter Luxembourg S.A. (AS24611)	2
thewebhostserver.com	Synextra Limited (AS59778)	1
dnshost.net	MICROSOFT-CORP-MSN-AS-BLOCK (AS8075)	1
afraid.org	JAMBONET (AS12455)	1
bosch.de	Robert Bosch Gesellschaft mit Beschraenkter Haftung (AS9183)	1
CLOUDFLARENET	WII (AS32097)	1
awsdns-39.org	AMAZON-02 (AS16509)	1
tmd.cloud	SINGLEHOP-LLC (AS32475)	1
cloudelona.com	NAMECHEAP-NET (AS22612)	1
bluewavehostke.com	UNIFIEDLAYER-AS-1 (AS46606)	1
or.ke	NAMECHEAP-NET (AS22612)	1
AMAZON-02	Instra Corporation Pty Ltd (AS133104)	1
Host Europe GmbH	Safaricom (AS37061)	1
Leaseweb Deutschland GmbH	Tencent Building, Kejizhongyi Avenue (AS132203)	1
NUCDN	Optimizely AB (AS30811)	1
sslcatacombnetworking.com	OVH SAS (AS16276)	1
unknown	AS-26496-GO-DADDY-COM-LLC (AS26496)	1
digicertdns.com	DIGITALOCEAN-ASN (AS14061)	1
ugfischer.com	fischerwerke GmbH & Co. KG (AS207404)	1
net.il	Cloudflare London, LLC (AS209242)	1
data-secure.in	IDIGITALCAMP WEB SERVICES (AS133719)	1
dnspark.in	Hetzner Online GmbH (AS24940)	1
host-ww.net	HOSTWINDS (AS54290)	1
whogohost.com	Host-Africa-AS2 (AS329184)	1
awsdns-19.com	DIGITALOCEAN-ASN (AS14061)	1
OVH SAS	GOOGLE (AS15169)	1
NSONE	Wildcard UK Limited (AS34119)	1
fliartscreations.com	NETWORK-SOLUTIONS-HOSTING (AS19871)	1
holcim.com	AMAZON-02 (AS16509)	1
cloudns.net	AMAZON-02 (AS16509)	1
servershost.net	WHG Hosting Services Ltd (AS14670)	1
CLOUDFLARENET	Vodafone GmbH (AS3209)	1
GOOGLE	IS-AS-1 (AS19318)	1
webhostbox.net	CLOUDFLARENET (AS13335)	1
awsdns-06.net	JOESD-18501 (AS18501)	1
bosch.de	MICROSOFT-CORP-MSN-AS-BLOCK (AS8075)	1
hp-dns.com	Hetzner Online GmbH (AS24940)	1
jpchacha.com	EGIHOSTING (AS18779)	1
hostmonster.com	UNIFIEDLAYER-AS-1 (AS46606)	1
jijini.com	AS-COLOCROSSING (AS36352)	1
awsdns-02.com	AMAZON-AES (AS14618)	1
SECURITYSERVICES	noris network AG (AS12337)	1
cloudns.net	NForce Entertainment B.V. (AS43350)	1
co.za	xneelo (AS37153)	1
