CLOUDFLARENET	hey.pa	1
CLOUDFLARENET	marcaria.com	4
f5clouddns.com	MICROSOFT-CORP-MSN-AS-BLOCK	1
safebrands.com	ixina.pa	1
AMAZON-02	latimcargo.pa	1
AMAZON-02	dabanco.pa	1
Universidad Tecnologica de Panama	MICROSOFT-CORP-MSN-AS-BLOCK	1
hostpapavps.net	kom.pa	1
CLOUDFLARENET	betcris.com	1
CLOUDFLARENET	koaj.pa	1
AMAZON-02	socoda.pa	1
MICROSOFT-CORP-MSN-AS-BLOCK	MICROSOFT-CORP-MSN-AS-BLOCK	6
CLOUDFLARENET	eng.is	1
iegrupo.co	iegrupo.pa	1
markmonitor.com	markmonitor.com	4
CLOUDFLARENET	verificate.pa	1
AMAZON-02	titan.email	1
CLOUDFLARENET	MICROSOFT-CORP-MSN-AS-BLOCK	32
register.it	register.it	6
hostgator.com	alibur.pa	1
nstelecablecr.com	MICROSOFT-CORP-MSN-AS-BLOCK	1
awsdns-19.org	mailgun.org	1
awsdns-15.org	turner.com	1
nube-web.com	GOOGLE	1
perf1.com	nameshield.com	3
GOOGLE	MICROSOFT-CORP-MSN-AS-BLOCK	3
markmonitor.com	MICROSOFT-CORP-MSN-AS-BLOCK	1
CLOUDFLARENET	CLOUDFLARENET	52
awsdns-00.net	GOOGLE	1
CLOUDFLARENET	zertifika.pa	1
AMAZON-02	estiloingenieria.pa	1
AMAZON-02	GOOGLE	2
Soluciones Corporativas IP, SL	GOOGLE	3
Safenames Ltd.	Safenames Ltd.	11
kasserver.com	kasserver.com	3
portsdns.net	SECURITYSERVICES	3
CLOUDFLARENET	GOOGLE	30
CLOUDFLARENET	GOOGLE-CLOUD-PLATFORM	2
Host Europe GmbH	MICROSOFT-CORP-MSN-AS-BLOCK	4
interna.me	housekee.pa	1
nameshield.net	nameshield.com	4
CLOUDFLARENET	migadu.com	1
AMAZON-02	jardinplaza.pa	1
AMAZON-02	uanataca.pa	1
AMAZON-02	moeve.pa	1
HURRICANE	tutanota.de	1
parkingcrew.net	h-email.net	2
SECURITYSERVICES	speednames.com	1
CLOUDFLARENET	panjea.pa	1
SECURITYSERVICES	SECURITYSERVICES	90
udag.de	udag.de	1
eolas.fr	eolas.fr	1
AMAZON-02	barrowneuro.pa	1
CLOUDFLARENET	pphosted.com	2
GANDI SAS	GANDI SAS	11
awsdns-47.com	MICROSOFT-CORP-MSN-AS-BLOCK	1
AMAZON-02	activtrades.pa	1
holdwebhosting.com	GOOGLE	1
CLOUDFLARENET	cloudflare.net	2
datastar.pa	MICROSOFT-CORP-MSN-AS-BLOCK	1
AMAZON-02	etumax.pa	1
sedoparking.com	localhost	7
GOOGLE	emailsrvr.com	2
cwpanama.net	plagel.pa	1
ipcom GmbH	MICROSOFT-CORP-MSN-AS-BLOCK	1
CLOUDFLARENET	polaris.pa	1
CLOUDFLARENET	oxcs.net	1
bnamed.eu	nameweb.biz	1
ancara.net	planetel.it	1
mediagianthosting.net	GOOGLE	1
panamahosted.com	io.pa	1
com.pa	fortimailcloud.com	1
panamaserver.com	ajedelivery.pa	1
CLOUDFLARENET	duo.pa	1
SkyExchange Internet Access	aliyun.com	1
dyn.com	MICROSOFT-CORP-MSN-AS-BLOCK	1
CLOUDFLARENET	titan.email	2
banahosting.com	intercert.pa	1
AMAZON-02	chep.pa	1
micasino.pa	micasino.pa	1
CLOUDFLARENET	protonmail.ch	3
cyberfuel.com	facturar.pa	1
portalauranet.cl	GOOGLE	1
curaden-hosting.ch	curaden-hosting.ch	2
CLOUDFLARENET	yandex.net	3
cloudns.net	cloudns.net	1
lemarit.de	pphosted.com	1
CLOUDFLARENET	auremo.pa	1
CLOUDFLARENET	factura.pa	1
radinko.com	parktons.com	2
iptwins.com	iptwins.com	9
AMAZON-02	GOOGLE-CLOUD-PLATFORM	4
huaweicloud-dns.cn	MICROSOFT-CORP-MSN-AS-BLOCK	1
CLOUDFLARENET	QUICKPACKET	5
cpanelhost.cl	hbse.pa	1
att.net	guess.pa	1
tildadns.com	yandex.net	1
SCAAM0001	ngninfra.net	5
acens Technologies, S.L.	lactourea.pa	1
AMAZON-02	inergy.pa	1
gostudios.net	detouroper.pa	1
perf1.com	SECURITYSERVICES	1
ns0.com	pair.com	1
ascio.com	ascio.com	1
GOOGLE	GOOGLE	4
awsdns-05.net	MICROSOFT-CORP-MSN-AS-BLOCK	1
stabletransit.com	emailsrvr.com	1
AMAZON-02	activetrades.pa	1
safebrands.com	mimecast.com	1
CLOUDFLARENET	ZOHO-AS	3
awsdns-10.net	mimecast.com	1
Host Europe GmbH	GOOGLE	3
AMAZON-02	roadscholar.pa	1
ufinetlatam.net	ufinet.pa	1
NForce Entertainment B.V.	MICROSOFT-CORP-MSN-AS-BLOCK	1
supercp.com	visualpro.pa	1
hostgator.com	fawtrucks.pa	1
HVC-AS	ZOHO-AS	1
mybluehost.me	MICROSOFT-CORP-MSN-AS-BLOCK	1
namecheaphosting.com	jellyfish.systems	3
hostgator.com	dutari.pa	1
CLOUDFLARENET	easybox.pa	1
Soluciones Corporativas IP, SL	dondominio.com	2
hostgator.com	marazulpm.pa	1
porkbun.com	MICROSOFT-CORP-MSN-AS-BLOCK	1
hostgator.com	MICROSOFT-CORP-MSN-AS-BLOCK	1
CLOUDFLARENET	macaw.me	1
constellix.com	MICROSOFT-CORP-MSN-AS-BLOCK	1
messagingengine.com	messagingengine.com	2
hostmar.com	epencil.pa	1
CLOUDFLARENET	bayu.pa	1
conexcol.net	turbox.pa	1
checkdomain.de	ige.pa	1
AMAZON-02	algorithmics.pa	1
AMAZON-02	cempro.pa	1
Akamai International B.V.	klm.com	1
gob.pa	gob.pa	1
CLOUDFLARENET	GANDI SAS	1
ipcom GmbH	merck.de	2
AMAZON-02	blush-bar.pa	1
NUCDN	MICROSOFT-CORP-MSN-AS-BLOCK	2
CLOUDFLARENET	blauberg.pa	1
AMAZON-02	innovacorp.pa	1
awsdns-09.com	pphosted.com	1
giantpanda.com	mailerhost.net	1
hostgator.com	lucero.pa	1
abbott.com	abbott.com	1
awsdns-19.net	MICROSOFT-CORP-MSN-AS-BLOCK	1
digitalocean.com	ZOHO Corporation B.V	1
hostgator.com	co2cero.pa	1
AMAZON-02	luki.pa	1
yachay.pe	GOOGLE	2
dongee.com	MICROSOFT-CORP-MSN-AS-BLOCK	1
ipower.com	mercatto.pa	1
wwdh.hu	mailserver.hu	1
SECURITYSERVICES	MICROSOFT-CORP-MSN-AS-BLOCK	1
CLOUDFLARENET	pure-drink.pa	1
AMAZON-02	martinbrower.pa	1
HURRICANE	pki-validation.com	1
CLOUDFLARENET	hostinger.co	1
CLOUDFLARENET	fusemetrix.com	2
all4net.de	sikla.pa	1
AMAZON-02	camionheladero.pa	1
mysecurecloudhost.com	MICROSOFT-CORP-MSN-AS-BLOCK	1
AMAZON-02	educatius.pa	1
AMAZON-02	solax.pa	1
zoneedit.com	GOOGLE	1
NUCDN	entorno.es	2
name-services.com	GOOGLE	2
registrar-servers.com	protonmail.ch	1
com.ar	tiendafacil.pa	1
SECURITYSERVICES	hostedemail.com	1
ui-dns.biz	ionos.com	1
indomco.com	SECURITYSERVICES	1
safebrands.com	kickers.pa	1
hostgator.com	elchotin.pa	1
AMAZON-02	davibanco.pa	1
AMAZON-02	brooksrunning.pa	1
GOOGLE	euroinnova.pa	1
AMAZON-02	whiteplains.pa	1
AMAZON-02	arthurandersen.pa	1
CLOUDFLARENET	she.pa	1
aavv.net	GOOGLE	1
AMAZON-02	winbet.pa	1
CLOUDFLARENET	ZOHO Corporation B.V	3
linode.com	cleanslate.pa	1
AMAZON-02	MICROSOFT-CORP-MSN-AS-BLOCK	5
CLOUDFLARENET	passline.pa	1
hostingww.com	surfnsail.pa	1
hostmonster.com	poligrafo.pa	1
CLOUDFLARENET	thinkcpa.pa	1
CLOUDFLARENET	homeschoollearning.pa	1
Soluciones Corporativas IP, SL	MICROSOFT-CORP-MSN-AS-BLOCK	1
CLOUDFLARENET	wn-power.com	1
hostwindsdns.com	valledepaz.pa	1
AMAZON-02	royaltravel.pa	1
awsdns-27.org	GOOGLE	1
CLOUDFLARENET	steren.mx	1
cwpanama.net	rere.pa	1
CLOUDFLARENET	messagelabs.com	1
intel.com	intel.com	1
CLOUDFLARENET	grupomulti.pa	1
AMAZON-02	complete.pa	1
panamaserver.com	pmail.pa	1
ui-dns.biz	ionos.es	1
AMAZON-02	metapwr.pa	1
afraid.org	flip.pa	1
checkdomain.de	virtualrunners.pa	1
SECURITYSERVICES	improvmx.com	1
neubox.net	bitcoins.pa	1
AMAZON-02	esim.pa	1
websiteservername.com	yell.pa	1
hostgator.com	islascayonetas.pa	1
AMAZON-02	pegatanke.pa	1
HVC-AS	GOOGLE	2
awsdns-25.org	MICROSOFT-CORP-MSN-AS-BLOCK	1
CLOUDFLARENET	emailsrvr.com	1
AMAZON-02	crepesywaffles.pa	1
AMAZON-02	com.pa	1
AMAZON-02	masayaco.pa	1
namecheaphosting.com	GOOGLE	1
panamahosted.com	datos.pa	1
hostgator.com	csf.pa	1
AMAZON-02	kuyasilver.pa	1
tmd.cloud	lancaster.pa	1
nominalia.com	nominalia.com	2
AMAZON-02	pari.pa	1
CLOUDFLARENET	imperquimia.pa	1
AMAZON-02	biocryst.pa	1
is-fun.net	pphosted.com	1
acens Technologies, S.L.	tempelgroup.com	1
bluecatdns.com	MICROSOFT-CORP-MSN-AS-BLOCK	1
awsdns-35.org	MICROSOFT-CORP-MSN-AS-BLOCK	1
domainoo.fr	domainoo.fr	2
CLOUDFLARENET	222.193	1
interdominios.com	aireuropa.pa	1
AMAZON-02	anahata.pa	1
banahosting.com	GOOGLE	1
microsoftonline.com	MICROSOFT-CORP-MSN-AS-BLOCK	1
AMAZON-02	contigo.pa	1
awsdns-06.com	GOOGLE	1
awsdns-19.org	com.co	1
awsdns-37.net	MICROSOFT-CORP-MSN-AS-BLOCK	1
entornodns.com	entorno.es	1
CLOUDFLARENET	lux.pa	1
Akamai International B.V.	SECURITYSERVICES	1
awsdns-43.com	MICROSOFT-CORP-MSN-AS-BLOCK	1
MICROSOFT-CORP-MSN-AS-BLOCK	facturaelectronica.cr	1
awsdns-26.com	pphosted.com	1
rosehosting.com	hac.pa	1
hostgator.com	GOOGLE	1
hostingww.com	GOOGLE	1
cloudns.net	MICROSOFT-CORP-MSN-AS-BLOCK	1
awsdns-35.com	GOOGLE	1
dinahosting.com	ofertastigo.pa	1
nodohosting.com	globalbridgeconnections.pa	1
atcom.gr	MICROSOFT-CORP-MSN-AS-BLOCK	1
awsdns-09.com	turner.com	1
GOOGLE	love.pa	1
awsdns-47.com	ZOHO-AS	1
serviziweb.info	herniamesh.pa	1
panamahosted.com	GOOGLE	1
ultradns.biz	SECURITYSERVICES	1
AMAZON-02	activcredit.pa	1
CLOUDFLARENET	tickets.pa	1
CLOUDFLARENET	hostinger.in	1
HVC-AS	grupohost.pa	1
CLOUDFLARENET	runbox.com	1
CLOUDFLARENET	hostinger.es	1
tecnoweb.net	tecnoweb.net	1
CLOUDFLARENET	bnipanama.pa	1
CLOUDFLARENET	hey.com	1
controldns.mx	anti-spam-premium.com	1
AMAZON-02	yevo.pa	1
CLOUDFLARENET	sts-chile.cl	1
SECURITYSERVICES	ikea.pa	1
Nameshield SAS	nameshield.com	1
bigcommerce.com	bigcommerce.com	1
CLOUDFLARENET	e5482dabb536	1
bitlibre.net	MICROSOFT-CORP-MSN-AS-BLOCK	1
AMAZON-02	savemybag.pa	1
AMAZON-02	greenmotion.pa	1
zoneedit.com	MICROSOFT-CORP-MSN-AS-BLOCK	1
AMAZON-02	solaxpower.pa	1
AMAZON-02	moeverenting.pa	1
panamahosted.com	soy.pa	1
AMAZON-02	instavaluos.pa	1
AMAZON-02	elpenon.pa	1
spaceship.net	forwardemail.net	1
CLOUDFLARENET	avid.pa	1
awsdns-17.com	GOOGLE	1
SECURITYSERVICES	itsfogo.com	1
AMAZON-02	nanoleaf.pa	1
Hangzhou Alibaba Advertising Co.,Ltd.	feishu.cn	1
DIGICERT	GOOGLE	1
dnsimple.com	MICROSOFT-CORP-MSN-AS-BLOCK	1
dominiando.asia	dominiando.it	1
CLOUDFLARENET	carmensteffens.pa	1
SECURITYSERVICES	GOOGLE	1
AMAZON-02	smartrans.pa	1
AMAZON-02	terraintamer.pa	1
awsdns-01.com	amarillasinfoguia.net	1
awsdns-22.com	GOOGLE	1
ins.pa	ins.pa	1
CLOUDFLARENET	movil.pa	1
AMAZON-02	inbrija.pa	1
AMAZON-02	dabank.pa	1
hostgator.com	marazul.pa	1
as8401.net	MICROSOFT-CORP-MSN-AS-BLOCK	1
AMAZON-02	barterluxe.pa	1
hostgator.co	GOOGLE	1
adclichosting.com	MICROSOFT-CORP-MSN-AS-BLOCK	1
awsdns-05.com	dropi.pa	1
AMAZON-02	clubpass.pa	1
CLOUDFLARENET	rentberry.com	1
AMAZON-02	omnilife.pa	1
AMAZON-02	betppro.pa	1
hostingww.com	hoteladvisor.pa	1
awsdns-35.org	GOOGLE	1
HVC-AS	host.pa	1
AMAZON-02	multicash.pa	1
CLOUDFLARENET	awa.pa	1
acens Technologies, S.L.	sanytol.pa	1
acens Technologies, S.L.	lactovit.pa	1
CLOUDFLARENET	happi.pa	1
Hangzhou Alibaba Advertising Co.,Ltd.	aliyun.com	1
CLOUDFLARENET	messagingengine.com	1
lunarweb.net	promsecurity.pa	1
AMAZON-02	pizzahut.pa	1
hostmar.com	innovar.pa	1
Host Europe GmbH	secureserver.net	1
