1984.is	Stichting Hivos (AS60526)	1
SECURITYSERVICES	CSC (AS19574)	98
CLOUDFLARENET	AMAZON-02 (AS16509)	87
udag.de	united-domains GmbH (AS202108)	6
CLOUDFLARENET	COMCAST-7922 (AS7922)	3
co.uk	AMAZON-AES (AS14618)	9
CLOUDFLARENET	CLOUDFLARENET (AS13335)	166
AMAZON-02	WHG Hosting Services Ltd (AS36454)	12
CLOUDFLARENET	INCAPSULA (AS19551)	22
Host Europe GmbH	Host Europe GmbH (AS60253)	1
Host Europe GmbH	GO-DADDY-COM-LLC (AS400754)	3
webhostbox.net	UNIFIEDLAYER-AS-1 (AS46606)	3
markmonitor.com	AMAZON-02 (AS16509)	92
GOOGLE	Wix.com Ltd. (AS58182)	11
lineadns.com	HVC-AS (AS29802)	8
SECURITYSERVICES	NAMECHEAP-NET (AS22612)	5
MICROSOFT-CORP-MSN-AS-BLOCK	MICROSOFT-CORP-MSN-AS-BLOCK (AS8075)	10
CLOUDFLARENET	Hostinger International Limited (AS47583)	21
Host Europe GmbH	SQUARESPACE (AS53831)	1
CLOUDFLARENET	China Telecom (AS151185)	1
ipcom GmbH	InterNetworX Management GmbH (AS48596)	7
tured.sv	ICONEX SPA (AS270024)	1
CLOUDFLARENET	DREAMHOST-AS (AS26347)	11
SECURITYSERVICES	SECURITYSERVICES (AS12008)	7
cloudserver22.com	NL-811-40021 (AS40021)	1
SERVERCENTRAL	SERVERCENTRAL (AS23352)	8
indomco.com	Koninklijke Luchtvaart Maatschappij N.V. (AS28806)	1
awsdns-13.com	AMAZON-AES (AS14618)	1
aplus.net	INFB2-AS (AS30447)	4
ns14.net	Plusnet GmbH (AS20676)	1
cloudns.net	OVH SAS (AS16276)	1
Soluciones Corporativas IP, SL	AMAZON-02 (AS16509)	1
lineadns.com	OVH SAS (AS16276)	3
SECURITYSERVICES	AMAZON-AES (AS14618)	2
perf1.com	Nameshield SAS (AS20756)	6
coop.ch	Hetzner Online GmbH (AS24940)	1
NETWORK-SOLUTIONS-HOSTING	NETWORK-SOLUTIONS-HOSTING (AS19871)	5
HVC-AS	MICROSOFT-CORP-MSN-AS-BLOCK (AS8075)	1
NUCDN	Datacenter Luxembourg S.A. (AS24611)	3
DIGICERT	DIGICERT (AS16552)	1
Safenames Ltd.	Safenames Ltd. (AS60819)	6
hostpoint.ch	Hostpoint AG (AS29097)	1
freehostia.com	LIQUIDNETLTD1 (AS14555)	1
serverstack.com	SERVERSTACK-ASN (AS46652)	1
nscluster.ee	Signet B.V. (AS20857)	1
cisco.com	CISCOSYSTEMS (AS109)	1
nameshield.net	Nameshield SAS (AS20756)	8
Host Europe GmbH	AMAZON-02 (AS16509)	12
NUCDN	Team Internet AG (AS61969)	5
exclusivehosting.net	LIQUIDNETLTD1 (AS14555)	2
GOOGLE-CLOUD-PLATFORM	20i Limited (AS48254)	5
Akamai International B.V.	DEERE (AS10846)	2
GANDI SAS	GANDI SAS (AS29169)	16
interdomain.net	acens Technologies, S.L. (AS16371)	1
AMAZON-02	AMAZON-02 (AS16509)	6
AMAZON-02	OVH SAS (AS16276)	36
fasttrackdns.com	AMAZON-02 (AS16509)	1
AMAZON-02	GOOGLE-CLOUD-PLATFORM (AS396982)	22
CLOUDFLARENET	MICROSOFT-CORP-MSN-AS-BLOCK (AS8075)	2
ui-dns.biz	AMAZON-AES (AS14618)	1
netfirms.com	BIZLAND-SD (AS29873)	4
CLOUDFLARENET	SQUARESPACE (AS53831)	3
AMAZON-02	GOOGLE (AS15169)	10
brandsight-dns.com	AMAZON-02 (AS16509)	1
webempresa.eu	Combell NV (AS34762)	2
indomco.com	CSC (AS19574)	3
HVC-AS	HVC-AS (AS29802)	7
Akamai International B.V.	CSC (AS19574)	1
ns14.net	Hetzner Online GmbH (AS24940)	1
SECURITYSERVICES	Hetzner Online GmbH (AS213230)	2
easybroker.com	AMAZON-AES (AS14618)	1
cloudgbox.net	WEBLINE19 (AS29757)	1
awsdns-17.net	AMAZON-AES (AS14618)	1
Host Europe GmbH	Host Europe GmbH (AS21499)	1
Host Europe GmbH	Cloudflare London, LLC (AS209242)	2
Soluciones Corporativas IP, SL	Soluciones Corporativas IP, SL (AS57910)	20
aplus.net	GOOGLE (AS15169)	1
bodis.com	AMAZON-02 (AS16509)	4
co.uk	AMAZON-02 (AS16509)	1
NSONE	AMAZON-02 (AS16509)	15
hostgator.com	UNIFIEDLAYER-AS-1 (AS46606)	10
CLOUDFLARENET	UNIFIEDLAYER-AS-1 (AS46606)	5
birdnetworks.net	IT Heinrich GmbH (AS206303)	2
hostns.io	Enix Ltd (AS52148)	2
awsdns-25.net	AMAZON-02 (AS16509)	6
apple.com	APPLE-ENGINEERING (AS714)	3
Host Europe GmbH	GO-DADDY-COM-LLC (AS398101)	6
bb-online.biz	AS-VULTR (AS20473)	3
CLOUDFLARENET	CHARTER-20115 (AS20115)	1
rdserver.xyz	PRIVATESYSTEMS (AS63410)	2
awsdns-16.org	AMAZON-AES (AS14618)	1
com.sv	ICOMSA S.A. de C.V. (AS16592)	3
servicio-online.net	acens Technologies, S.L. (AS16371)	3
awsdns-23.net	Telecom Argentina S.A. (AS7303)	1
plusserver.com	PlusServer GmbH (AS61157)	1
MILLICOM CABLE EL SALVADOR S.A. DE C.V.	METRORED S.A. DE C.V. (AS23383)	1
CLOUDFLARENET	DinaHosting S.L. (AS42612)	1
NSONE	GO-DADDY-COM-LLC (AS398101)	1
cloudns.net	BACOM (AS577)	1
MICROSOFT-CORP-MSN-AS-BLOCK	Under Servicos de Internet Ltda (AS28209)	2
grupoinverdose.com	NAMECHEAP-NET (AS22612)	1
awsdns-14.net	M-net Telekommunikations GmbH (AS8767)	1
com.sv	GO-DADDY-COM-LLC (AS398101)	1
atom.com	AMAZON-AES (AS14618)	1
elsalvadormaps.sv	GOOGLE-CLOUD-PLATFORM (AS396982)	1
co.uk	CLOUDFLARENET (AS13335)	2
whirlpool.com	AMAZON-AES (AS14618)	1
rgfi.net	dogado GmbH (AS45012)	1
HVC-AS	Hetzner Online GmbH (AS24940)	1
aplus.net	GOOGLE-CLOUD-PLATFORM (AS396982)	1
register.it	Register S.p.A. (AS39729)	1
hostgator.com	NETWORK-SOLUTIONS-HOSTING (AS19871)	5
fundaungo.sv	ICOMSA S.A. de C.V. (AS16592)	1
acens Technologies, S.L.	GOOGLE-CLOUD-PLATFORM (AS396982)	1
CLOUDFLARENET	NL-811-40021 (AS40021)	1
claro.cr	TELECOMUNICACIONES DE GUATEMALA, SOCIEDAD ANONIMA (AS14754)	1
a2hosting.com	A2HOSTING (AS55293)	1
safebrands.com	AMAZON-02 (AS16509)	2
name-services.com	AMAZON-02 (AS16509)	1
ingesoft.net	Gtd Internet S.A. (AS14259)	1
awsdns-15.com	AMAZON-02 (AS16509)	1
afraid.org	SOFTLAYER (AS36351)	8
ui-dns.biz	MICROSOFT-CORP-MSN-AS-BLOCK (AS8075)	1
bosch.de	MICROSOFT-CORP-MSN-AS-BLOCK (AS8075)	2
hostopya.com	Ahmet Cevik (AS213796)	12
awsdns-26.org	AMAZON-02 (AS16509)	1
abdns.biz	Aruba S.p.A. (AS31034)	2
com.sv	TELECOMUNICACIONES DE GUATEMALA, SOCIEDAD ANONIMA (AS14754)	1
markmonitor.com	MICROSOFT-CORP-MSN-AS-BLOCK (AS8075)	2
gtm.sv	ICONEX SPA (AS270024)	1
NUCDN	Adam EcoTech, S.A (AS15699)	4
combell.net	Combell NV (AS34762)	1
namechecking.net	MICROSOFT-CORP-MSN-AS-BLOCK (AS8075)	1
regzone.cz	ZONER a.s. (AS34222)	1
vivawebhost.com	AS17378 (AS17378)	2
PRIVATESYSTEMS	PRIVATESYSTEMS (AS63410)	5
trouble-free.net	IS-AS-1 (AS19318)	4
Hetzner Online GmbH	Contabo GmbH (AS51167)	4
lemarit.de	dogado GmbH (AS45012)	1
contabo.net	NL-811-40021 (AS40021)	3
IONOS SE	IONOS SE (AS8560)	4
markmonitor.zone	AMAZON-02 (AS16509)	5
tnnet.fi	TNNet Oy (AS30798)	1
dan.com	AMAZON-02 (AS16509)	1
servconfig.com	IMH-IAD (AS54641)	2
hp.com	AMAZON-02 (AS16509)	1
hostgator.com	GO-DADDY-COM-LLC (AS398101)	2
Host Europe GmbH	MICROSOFT-CORP-MSN-AS-BLOCK (AS8075)	2
vultr.com	TELECOMUNICACIONES DE GUATEMALA, SOCIEDAD ANONIMA (AS14754)	1
AMAZON-02	WHG Hosting Services Ltd (AS14670)	1
awsdns-28.com	Akamai Connected Cloud (AS63949)	1
rackspace.com	RMH-14 (AS33070)	1
SECURITYSERVICES	INCAPSULA (AS19551)	2
ipage.com	BIZLAND-SD (AS29873)	2
CLOUDFLARENET	GO-DADDY-COM-LLC (AS400754)	1
grupoficohsa.hn	MICROSOFT-CORP-MSN-AS-BLOCK (AS8075)	1
ORACLE-BMC-31898	CLOUDFLARENET (AS13335)	2
kasperskylabs.net	Kaspersky Lab Switzerland GmbH (AS200107)	1
awsdns-29.com	AMAZON-02 (AS16509)	1
main-hosting.eu	Hostinger International Limited (AS47583)	1
awsdns-02.net	AMAZON-AES (AS14618)	1
linode.com	Akamai Connected Cloud (AS63949)	3
wordpress.com	AUTOMATTIC (AS2635)	1
glipac.ch	Bluewin (AS3303)	2
cloudns.net	DREAMHOST-AS (AS26347)	1
mihosting.net	AMAZON-02 (AS16509)	1
td-fn.net	PlusServer GmbH (AS61157)	1
colombiahosting.com	Colombia Hosting (AS52335)	1
AMAZON-02	UUNET (AS701)	1
registrar-servers.com	Cloudflare London, LLC (AS209242)	1
dns.com	GNET INC. (AS9294)	7
ufinetlatam.net	UFINET PANAMA S.A. (AS52468)	1
inmotionhosting.com	ICOMSA S.A. de C.V. (AS16592)	1
SECURITYSERVICES	AMAZON-02 (AS16509)	6
GOOGLE	GOOGLE-CLOUD-PLATFORM (AS396982)	4
safenames.com	Safenames Ltd. (AS60819)	5
ipcom GmbH	AMAZON-02 (AS16509)	8
constellix.com	E-Commerce Park, N.V. (AS26505)	1
CLOUDFLARENET	DIGITALOCEAN-ASN (AS14061)	11
GOOGLE	Hetzner Online GmbH (AS24940)	1
CLOUDFLARENET	NAMECHEAP-NET (AS22612)	2
goldensilver.sv	NETWORK-SOLUTIONS-HOSTING (AS19871)	1
cprapid.com	GO-DADDY-COM-LLC (AS398101)	1
curaden-hosting.ch	Hosting eXperts Switzerland AG (AS200979)	2
digicertdns.com	DIGICERT (AS16552)	1
awsdns-12.net	Telecom Argentina S.A. (AS7303)	1
ultradns.biz	SECURITYSERVICES (AS12008)	1
lnc03vshosting.	MICROSOFT-CORP-MSN-AS-BLOCK (AS8075)	1
awsdns-45.com	Hostinger International Limited (AS47583)	1
awsdns-03.net	Akamai Connected Cloud (AS63949)	1
exacttarget.com	SALESFORCE (AS14340)	2
awsdns-04.org	AMAZON-AES (AS14618)	1
awsdns-11.net	AMAZON-AES (AS14618)	1
tecnoempresarial.com	PRIVATESYSTEMS (AS63410)	1
whc.ca	OVH SAS (AS16276)	1
Soluciones Corporativas IP, SL	Host Europe GmbH (AS21499)	1
bancoagricola.com	MICROSOFT-CORP-MSN-AS-BLOCK (AS8075)	1
lemarit.de	AS-VULTR (AS20473)	2
looktotheright.com	LOOK-TO-THE-RIGHT (AS399766)	4
awsdns-31.com	AMAZON-AES (AS14618)	1
micasino.sv	GOOGLE-CLOUD-PLATFORM (AS396982)	1
NSONE	GOOGLE (AS15169)	3
hostgator.mx	NETWORK-SOLUTIONS-HOSTING (AS19871)	3
easydns.ca	Amarutu Technology Ltd (AS206264)	2
akzonobel.com	AMAZON-02 (AS16509)	1
com.mx	UNIFIEDLAYER-AS-1 (AS46606)	1
awsdns-10.com	AMAZON-AES (AS14618)	1
Safenames Ltd.	MICROSOFT-CORP-MSN-AS-BLOCK (AS8075)	1
SECURITYSERVICES	Akamai International B.V. (AS33905)	1
CLOUDFLARENET	Mega Cable, S.A. de C.V. (AS262916)	1
net.co	LVLT-3549 (AS3549)	1
CLOUDFLARENET	NETWORK-SOLUTIONS-HOSTING (AS19871)	2
CLOUDFLARENET	GOOGLE-CLOUD-PLATFORM (AS396982)	8
conective.sv	CONECTIVE S.A. DE C.V. (AS264635)	1
perf1.com	MICROSOFT-CORP-MSN-AS-BLOCK (AS8075)	1
CLOUDFLARENET	TalkTalk (AS9105)	1
supremepanel.com	LIQUIDNETLTD1 (AS14555)	1
sureserver.com	ICDSoft Ltd. (AS8739)	1
AMAZON-02	GO-DADDY-COM-LLC (AS398787)	1
vultr.com	AS-VULTR (AS20473)	2
CLOUDFLARENET	Ddos-guard Ltd (AS57724)	2
nsresponse.com	WHG Hosting Services Ltd (AS14670)	1
gmsacv.net	Hostinger International Limited (AS47583)	1
mijndnsserver.nl	Neue Medien Muennich GmbH (AS34788)	1
lineadns.com	Hostinger International Limited (AS47583)	1
second-ns.com	CLOUDFLARENET (AS13335)	1
Akamai International B.V.	ResMed Dual Internet Gateway (AS18165)	1
awsdns-05.org	AMAZON-02 (AS16509)	1
misganancias.net	OVH SAS (AS16276)	1
rightsdns.com	GOOGLE-CLOUD-PLATFORM (AS396982)	2
porsche.asia	Dr. Ing. h.c. F. Porsche AG (AS33848)	2
rightsdns.com	AMAZON-02 (AS16509)	1
GOOGLE	Plus.line AG (AS12306)	2
50webs.com	LIQUIDNETLTD1 (AS14555)	2
SECURITYSERVICES	MICROSOFT-CORP-MSN-AS-BLOCK (AS8075)	1
cloudns.net	UFINET PANAMA S.A. (AS52468)	1
Host Europe GmbH	DIGITALOCEAN-ASN (AS14061)	1
hostmonster.com	PRIVATESYSTEMS (AS63410)	2
kasserver.com	Neue Medien Muennich GmbH (AS34788)	4
caritas.sv	NAMECHEAP-NET (AS22612)	1
CLOUDFLARENET	AUTOMATTIC (AS2635)	2
SECURITYSERVICES	GOOGLE-CLOUD-PLATFORM (AS396982)	4
NSONE	AMAZON-AES (AS14618)	4
mcafee.com	AMAZON-02 (AS16509)	1
ultradns.biz	CLOUDFLARENET (AS13335)	1
com.br	CLARO S.A. (AS4230)	1
GOOGLE	Safenames Ltd. (AS60819)	1
awsdns-27.org	AMAZON-AES (AS14618)	1
dlatv.net	AMAZON-AES (AS14618)	1
gsitio.com	DIMENOC (AS33182)	2
dnsvisa.com	CLOUDFLARENET (AS13335)	1
CLOUDFLARENET	WHG Hosting Services Ltd (AS14670)	1
philips.com	AMAZON-02 (AS16509)	1
ipcom GmbH	Neue Medien Muennich GmbH (AS34788)	1
supremedns.com	LIQUIDNETLTD1 (AS14555)	1
GOOGLE	FLYNET BUSINESS AND SYSTEM, SA de CV (AS265780)	3
awsdns-37.com	AMAZON-02 (AS16509)	1
registrar-servers.com	DIGITALOCEAN-ASN (AS14061)	1
CLOUDFLARENET	GO-DADDY-COM-LLC (AS398101)	1
excedonet.net	GleSYS AB (AS42708)	1
nokia.com	GOOGLE-CLOUD-PLATFORM (AS396982)	1
panelbox.net	IWEB-AS (AS32613)	2
awsdns-23.net	AMAZON-02 (AS16509)	1
awsdns-04.com	AMAZON-02 (AS16509)	1
credomatic.com	AMAZON-AES (AS14618)	1
aplus.net	Hostinger International Limited (AS47583)	1
Host Europe GmbH	UNIFIEDLAYER-AS-1 (AS46606)	1
ig-1.net	Iguane Solutions SAS (AS39605)	1
Hetzner Online GmbH	Alibaba US Technology Co., Ltd. (AS45102)	1
CLOUDFLARENET	UFINET PANAMA S.A. (AS52468)	1
frioexpress.sv	AMAZON-02 (AS16509)	1
knipp.de	Knipp Medien und Kommunikation GmbH (AS8391)	1
claro.cr	Triara.com S.A. de C.V. (AS19373)	3
edu.sv	ICOMSA S.A. de C.V. (AS16592)	1
tangomail.net	WHG Hosting Services Ltd (AS14670)	2
com.sv	OVH SAS (AS16276)	1
ipcom GmbH	Vodafone Libertel B.V. (AS33915)	1
CLOUDFLARENET	FASTLY (AS54113)	5
markmonitor.com	GOOGLE-CLOUD-PLATFORM (AS396982)	1
ui-dns.biz	IONOS SE (AS8560)	1
MICROSOFT-CORP-MSN-AS-BLOCK	AMAZON-02 (AS16509)	1
awsdns-02.org	AMAZON-02 (AS16509)	3
facebook.com	FACEBOOK (AS32934)	1
qualitygrains.sv	Next Generation S.A. DE C.V. (AS265650)	1
ngninfra.net	Host Europe GmbH (AS8972)	1
awsdns-08.org	AMAZON-02 (AS16509)	1
Host Europe GmbH	CLOUDFLARENET (AS13335)	4
lexsynergy.info	Akamai Connected Cloud (AS63949)	1
awsdns-01.net	Akamai Connected Cloud (AS63949)	1
decameron.com	OVH SAS (AS16276)	1
latinoamericahosting.com	OVH SAS (AS16276)	1
awsdns-04.net	Scaleway S.a.s. (AS12876)	1
stabletransit.com	CLOUDFLARENET (AS13335)	1
factdigital.net	WHG Hosting Services Ltd (AS14670)	1
empresaweb.link	OVH SAS (AS16276)	1
gmsacv.net	NETWORK-SOLUTIONS-HOSTING (AS19871)	1
nameaction.com	Telmex Chile Internet S.A. (AS6429)	1
monopost.com	Greysom Limited (AS12678)	1
xc-ns.de	AMAZON-02 (AS16509)	1
ns14.net	InterNetX GmbH (AS15456)	1
NSONE	Cloudflare London, LLC (AS209242)	1
lacasadeinternet.sv	OVH SAS (AS16276)	3
liquidweb.com	LIQUIDWEB (AS32244)	2
kivial.it	IONOS SE (AS8560)	1
volvo.com	Volvo Information Technology AB (AS25252)	1
webaccountserver.com	NETACTUATE (AS394344)	1
CLOUDFLARENET	Cloudflare London, LLC (AS209242)	4
registrar-servers.com	SINGLEHOP-LLC (AS32475)	2
abovedomains.com	Trellian Pty. Limited (AS133618)	2
nominalia.com	Register S.p.A. (AS39729)	2
dynamica.biz	Hostinger International Limited (AS47583)	1
servinetsa.com	MICROSOFT-CORP-MSN-AS-BLOCK (AS8075)	1
contecindustrial.com	AMAZON-AES (AS14618)	1
rackspace.com	RACKSPACE (AS27357)	2
awsdns-09.net	AMAZON-02 (AS16509)	1
Akamai International B.V.	NCUBE-OREGON-AS (AS1219)	1
awsdns-05.net	CLOUDFLARENET (AS13335)	1
sky.com	Rackspace Ltd. (AS15395)	1
mediatemple.net	GO-DADDY-COM-LLC (AS398101)	1
Akamai International B.V.	Akamai International B.V. (AS20940)	3
CLOUDFLARENET	Navega.com S.A. (AS26617)	1
inmotionhosting.com	INMOTION (AS22611)	1
Host Europe GmbH	AS-26496-GO-DADDY-COM-LLC (AS26496)	1
whc.ca	IONOS SE (AS8560)	1
awsdns-22.net	AMAZON-AES (AS14618)	1
ultradns.biz	PIONEER (AS4868)	1
SECURITYSERVICES	Bayerische Motoren Werke Aktiengesellschaft (AS8590)	1
awsdns-06.org	AMAZON-02 (AS16509)	1
Akamai International B.V.	GOOGLE-CLOUD-PLATFORM (AS396982)	1
dns-principal-24.com	DIMENOC (AS33182)	1
servinetsa.com	HVC-AS (AS29802)	1
IONOS SE	AMAZON-AES (AS14618)	1
awsdns-00.net	Akamai Connected Cloud (AS63949)	1
SECURITYSERVICES	SHARKTECH (AS46844)	1
webmastersv.com	NAMECHEAP-NET (AS22612)	1
CLOUDFLARENET	AS-VULTR (AS20473)	1
awsdns-28.com	AMAZON-AES (AS14618)	1
hostgator.com	MICROSOFT-CORP-MSN-AS-BLOCK (AS8075)	1
ine.sv	TELECOMUNICACIONES DE GUATEMALA, SOCIEDAD ANONIMA (AS14754)	1
awsdns-02.com	INCAPSULA (AS19551)	1
CLOUDFLARENET	Hetzner Online GmbH (AS213230)	1
CLOUDFLARENET	UK Intis Telecom LTD (AS47768)	1
dominiando.asia	Register S.p.A. (AS39729)	2
fcomet.com	Akamai Connected Cloud (AS63949)	1
awsdns-08.org	AMAZON-AES (AS14618)	1
regzone.cz	NAMECHEAP-NET (AS22612)	1
CLOUDFLARENET	IS-AS-1 (AS19318)	1
servidoresph.com	TIER-NET (AS397423)	1
GOOGLE	SQUARESPACE (AS53831)	2
awsdns-14.org	AMAZON-02 (AS16509)	1
niveldecalidad.sv	NIXVAL (AS13287)	1
dns1.de	OCKNet GmbH (AS210304)	1
awsdns-16.org	AMAZON-02 (AS16509)	1
CLOUDFLARENET	AMAZON-AES (AS14618)	1
grupoinverdose.com	Wix.com Ltd. (AS58182)	1
MICROSOFT-CORP-MSN-AS-BLOCK	DIGITALOCEAN-ASN (AS14061)	2
cloinse.com	COGENT-174 (AS174)	1
intel.com	INTEL-SC-AS (AS4983)	1
awsdns-00.net	AMAZON-AES (AS14618)	1
awsdns-30.com	AMAZON-02 (AS16509)	1
CLOUDFLARENET	TrueFullstaq B.V. (AS15703)	1
ultradns.biz	MICROSOFT-CORP-MSN-AS-BLOCK (AS8075)	1
awsdns-10.com	Akamai Connected Cloud (AS63949)	1
CLOUDFLARENET	Telefonica Moviles El Salvador S.A. de C.V. (AS263783)	1
awsdns-11.net	AMAZON-02 (AS16509)	1
cronio.sv	OVH SAS (AS16276)	1
Host Europe GmbH	LIBERTY-NETWORKS (AS23520)	1
Akamai International B.V.	Koninklijke Luchtvaart Maatschappij N.V. (AS28806)	1
xtom.com	CLOUDFLARENET (AS13335)	1
ipower.com	BIZLAND-SD (AS29873)	1
cdns.link	Gwy It Pty Ltd (AS199959)	1
hetzner.com	Hetzner Online GmbH (AS213230)	1
a1.net	Telekom Austria (AS8447)	1
neothek.com	LIQUIDWEB (AS32244)	1
daniel15.com	HOSTHATCH (AS63473)	1
hostmar.com	Dattatec.com (AS27823)	1
bancoagricola.com	GOOGLE-CLOUD-PLATFORM (AS396982)	1
com.sv	FASTLY (AS54113)	1
GOOGLE	GOOGLE (AS15169)	2
inmotionhosting.com	IMH-IAD (AS54641)	2
rackspace.com	RACKSPACE (AS19994)	1
1and1-dns.com	MICROSOFT-CORP-MSN-AS-BLOCK (AS8075)	1
extremecomputadoras.net	A2HOSTING (AS55293)	1
domainoo.fr	Planet Service SARL (AS61168)	1
hostilimitado.com	Hetzner Online GmbH (AS24940)	2
qwest.net	LEVEL3 (AS3356)	1
xerox.com	XEROX-WB (AS22390)	1
repsaonline.com	NAMECHEAP-NET (AS22612)	1
mihosting.net	Hetzner Online GmbH (AS24940)	2
hostmonster.com	UNIFIEDLAYER-AS-1 (AS46606)	2
MICROSOFT-CORP-MSN-AS-BLOCK	Globalnet.hn (AS27729)	1
awsdns-24.com	AMAZON-AES (AS14618)	1
hostpapavps.net	ONIAAS (AS40092)	1
portalauranet.cl	GOOGLE-CLOUD-PLATFORM (AS396982)	1
cyberfuel.com	NAVEGALO S.A. (AS28110)	1
awsdns-34.com	DWS-ORL (AS29736)	1
awsdns-42.org	Akamai Connected Cloud (AS63949)	1
tunalkan.net	ATT-INTERNET4 (AS7018)	1
he.net	Akamai Connected Cloud (AS63949)	1
mundoclasicaupa.com	WEEBLY (AS27647)	1
jayilserver.com	Akamai Connected Cloud (AS63949)	2
zaccodigitaltrustlabs.se	DIGICERT (AS16552)	1
iptwins.com	CSC Administrative Services Limited (AS34922)	1
acens Technologies, S.L.	acens Technologies, S.L. (AS16371)	1
ipcom GmbH	MICROSOFT-CORP-MSN-AS-BLOCK (AS8075)	1
CLOUDFLARENET	MILLICOM CABLE COSTA RICA S.A. (AS262197)	1
Akamai International B.V.	CLOUDFLARENET (AS13335)	1
MICROSOFT-CORP-MSN-AS-BLOCK	LINKEDIN (AS14413)	1
hostgator.com	CLOUDFLARENET (AS13335)	1
SECURITYSERVICES	FASTLY (AS54113)	1
f5clouddns.com	SALESFORCE (AS14340)	1
CLOUDFLARENET	Wix.com Ltd. (AS58182)	1
Hetzner Online GmbH	Hetzner Online GmbH (AS24940)	1
GANDI SAS	CLOUDFLARENET (AS13335)	1
co.uk	Triara.com S.A. de C.V. (AS19373)	1
fctg.cloud	AMAZON-02 (AS16509)	1
mihosting.net	Contabo GmbH (AS51167)	1
CLOUDFLARENET	GOOGLE (AS15169)	1
markmonitor.zone	GO-DADDY-COM-LLC (AS400754)	1
dnsguatemala7.com	IWEB-AS (AS32613)	1
dnshost.net	GleSYS AB (AS42708)	1
awsdns-23.net	MCPO Box 1906 (AS45504)	1
philips.com	AMAZON-AES (AS14618)	1
CLOUDFLARENET	Equinix (EMEA) Acquisition Enterprises B.V. (AS15830)	1
managed-ip.com	Kuehne + Nagel (AG & Co.) KG (AS211656)	1
Hetzner Online GmbH	AMAZON-AES (AS14618)	1
bosch.de	Robert Bosch Gesellschaft mit Beschraenkter Haftung (AS9183)	1
hackerone.com	CLOUDFLARENET (AS13335)	1
linode.com	xTom Pty Ltd (AS8888)	1
f5clouddns.com	Infatlan S.A (AS28084)	1
awsdns-25.com	AMAZON-02 (AS16509)	1
netflix.net	AMAZON-02 (AS16509)	1
portsdns.net	Tele2 SWIPnet (AS1257)	1
sedoparking.com	SEDO GmbH (AS47846)	1
awsdns-04.com	AMAZON-AES (AS14618)	1
awsdns-33.org	AMAZON-02 (AS16509)	1
