quattromedia.kg	Asiainfo Te (AS8511)	1
araket.kg	Ddos-guard Ltd (AS57724)	1
Optima Telecom Ltd.	Optima Telecom Ltd. (AS39819)	61
LLC VK	Hoster kg, Ltd. (AS59684)	12
timeweb.org	JSC Selectel (AS50340)	1
SECURITYSERVICES	CSC (AS19574)	75
Asiainfo Te	Asiainfo Te (AS8511)	245
equhost.kz	EQU Technologies LLP (AS42447)	1
Hoster kg, Ltd.	Hoster kg, Ltd. (AS59684)	1268
Alfa Telecom CJSC	Alfa Telecom CJSC (AS50223)	8
markmonitor.com	AMAZON-02 (AS16509)	73
mirra-trading.kg	Asiainfo Te (AS8511)	1
nadns1.com	Hetzner Online GmbH (AS24940)	6
sprinthost.net	Sprinthost.ru LLC (AS35278)	116
trueconf.net	Okb Progress LLC (AS39238)	1
Asiainfo Te	Ddos-guard Ltd (AS57724)	61
CLOUDFLARENET	CLOUDFLARENET (AS13335)	536
CLOUDFLARENET	Superonline Iletisim Hizmetleri A.S. (AS34984)	2
CLOUDFLARENET	Ddos-guard Ltd (AS57724)	241
umma.kg	NLS Kazakhstan LLC (AS200590)	1
cloudns.net	JSC IOT (AS29182)	2
softhoreca.kg	Asiainfo Te (AS8511)	1
Beget LLC	Beget LLC (AS198610)	359
CLOUDFLARENET	DIGITALOCEAN-ASN (AS14061)	77
Hetzner Online GmbH	TimeWeb LLC (AS9123)	2
guel.kg	Asiainfo Te (AS8511)	1
timeweb.org	TimeWeb LLC (AS9123)	208
hostiman.ru	JSC IOT (AS29182)	1
CLOUDFLARENET	Transfer Ltd (AS25035)	3
awsdns-11.com	AMAZON-02 (AS16509)	3
Mega-Line Ltd.	Mega-Line Ltd. (AS41750)	61
CLOUDFLARENET	Hetzner Online GmbH (AS24940)	16
ns14.net	Hetzner Online GmbH (AS24940)	5
DIGITALOCEAN-ASN	GNET Internet Telekomunikasyon A.S. (AS42846)	3
CLOUDFLARENET	PS Internet Company LLP (AS48716)	4
unknown	ElCat Ltd. (AS8449)	6
333.kg	Saimanet Telecomunications CJSC (AS29061)	11
serveroid.com	Ak Bulut Soft LLC (AS51898)	1
Cloud DNS Ltd	JSC Selectel (AS50340)	2
honoraryconsulate.kg	Asiainfo Te (AS8511)	1
CLOUDFLARENET	Datacamp Limited (AS60068)	1
Cjsc telecommunications Company dun	Cjsc telecommunications Company dun (AS48271)	27
EuroByte LLC	Iron Hosting Centre LTD (AS216139)	27
CLOUDFLARENET	Individual Entrepreneur Anton Levin (AS50053)	8
YANDEX LLC	YANDEX LLC (AS13238)	1
Hoster kg, Ltd.	Ddos-guard Ltd (AS57724)	66
GANDI SAS	GANDI SAS (AS29169)	18
JSC Selectel	Hetzner Online GmbH (AS24940)	1
register.it	Register S.p.A. (AS39729)	18
YANDEX LLC	EuroByte LLC (AS210079)	5
reg.ru	Ddos-guard Ltd (AS57724)	5
darek.kg	OJSC Kyrgyztelecom (AS12997)	1
antanta.com	CityLanCom LTD (AS204076)	1
NUR Telecom LLC	NUR Telecom LLC (AS47237)	16
auto-vision.ru	JSC Selectel (AS49505)	3
unknown	Scalaxy B.V. (AS58061)	31
CLOUDFLARENET	Tilda Publishing Ltd. (AS205282)	17
keremetbank.kg	OJSC Keremet Bank (AS60515)	1
Goodhost.KZ LLP	Goodhost.KZ LLP (AS211971)	27
ns.kg	PS Internet Company LLP (AS48716)	1
volonter.kg	NLS Kazakhstan LLC (AS200590)	1
SECURITYSERVICES	MICROSOFT-CORP-MSN-AS-BLOCK (AS8075)	2
YANDEX LLC	JSC Selectel (AS49505)	7
CLOUDFLARENET	Cizgi Telekomunikasyon Anonim Sirketi (AS42807)	3
EuroByte LLC	EuroByte LLC (AS210079)	18
CLOUDFLARENET	Hostinger International Limited (AS47583)	46
NSONE	AMAZON-02 (AS16509)	62
JSC IOT	JSC IOT (AS29182)	37
YANDEX LLC	Domain names registrar REG.RU, Ltd (AS197695)	3
sdbg.kg	Asiainfo Te (AS8511)	1
Safenames Ltd.	Safenames Ltd. (AS60819)	12
Asiainfo Te	AKNET Ltd. (AS12764)	11
Hetzner Online GmbH	Hetzner Online GmbH (AS24940)	24
OVH SAS	OVH SAS (AS16276)	21
Hoster kg, Ltd.	LLC 3data DC (AS198769)	2
insales.ru	HLL LLC (AS51115)	4
second-ns.com	Hetzner Online GmbH (AS24940)	5
CLOUDFLARENET	Hoster kg, Ltd. (AS59684)	24
Cloud DNS Ltd	Ddos-guard Ltd (AS57724)	3
7ml.org	EuroByte LLC (AS210079)	1
hostland.ru	Hostland LTD (AS62082)	10
NSP LLC	NSP LLC (AS213173)	14
astra.kg	Asiainfo Te (AS8511)	1
vdsina.ru	Hosting technology LTD (AS48282)	2
webeskadra.com	Kyrgyz research and education network association (AS197119)	2
fozzy.com	Webzilla B.V. (AS35415)	16
Asiainfo Te	NSP LLC (AS213173)	5
barsacademy.kg	Ddos-guard Ltd (AS57724)	1
checkin.kg	RECONN LLC (AS12722)	1
Asiainfo Te	Beget LLC (AS198610)	3
gransy.com	CASABLANCA INT a.s. (AS15685)	5
membrana.kg	Optima Telecom Ltd. (AS39819)	1
LLC VK	Iron Hosting Centre LTD (AS216139)	1
usoft.kg	Asiainfo Te (AS8511)	1
Asiainfo Te	KKM IT Limited (AS60922)	3
Hoster kg, Ltd.	ElCat Ltd. (AS8449)	3
CLOUDFLARENET	SINGLEHOP-LLC (AS32475)	2
infomir.kg	Optima Telecom Ltd. (AS39819)	1
LDSCHURCH1	LDSCHURCH1 (AS19648)	9
netim.net	Eurofiber France SAS (AS24935)	12
JSC Selectel	Reliable Software, Ltd. (AS35594)	2
Hoster kg, Ltd.	NSP LLC (AS213173)	2
Asiainfo Te	JSC Selectel (AS49505)	10
wbind.com	Sabiedriba ar ierobezotu atbildibu DELSKA Latvia (AS12993)	1
YANDEX LLC	Mega-Line Ltd. (AS41750)	4
patent.kg	OJSC Kyrgyztelecom (AS12997)	1
LLC VK	AMAZON-02 (AS16509)	3
sigma.kg	Asiainfo Te (AS8511)	1
hoster.kz	LLP Kompaniya Hoster.KZ (AS207333)	38
nic.ru	Ddos-guard Ltd (AS57724)	6
ictlab.kg	Hoster kg, Ltd. (AS59684)	1
OVH SAS	P.a.g.m. Ou (AS198068)	13
CLOUDFLARENET	MICROSOFT-CORP-MSN-AS-BLOCK (AS8075)	5
Asiainfo Te	Hoster kg, Ltd. (AS59684)	17
MICROSOFT-CORP-MSN-AS-BLOCK	MICROSOFT-CORP-MSN-AS-BLOCK (AS8075)	5
reg.ru	Domain names registrar REG.RU, Ltd (AS197695)	89
com.tr	ISIK Bilgisayar Internet ve Yayincilik Hizmetleri (AS49879)	1
dts-online.net	Claas KGaA mbH (AS208868)	1
CLOUDFLARENET	AMAZON-02 (AS16509)	86
Ak Bulut Soft LLC	Ak Bulut Soft LLC (AS51898)	16
PONYNET	Wildcard UK Limited (AS34119)	3
hoster.kz	LLP Kompaniya Hoster.KZ (AS202958)	11
kroshka.kg	Cjsc telecommunications Company dun (AS48271)	1
registrar-servers.com	NSP LLC (AS213173)	1
chabandes.kg	NLS Kazakhstan LLC (AS200590)	1
afraid.org	KKM IT Limited (AS60922)	2
MICROSOFT-CORP-MSN-AS-BLOCK	Ddos-guard Ltd (AS57724)	1
weblium.com	GOOGLE-CLOUD-PLATFORM (AS396982)	1
OVH SAS	Optima Telecom Ltd. (AS39819)	1
YANDEX LLC	KKM IT Limited (AS60922)	3
inai.kg	Kyrgyz research and education network association (AS197119)	1
Internet-Pro LLC	Internet-Pro LLC (AS44128)	7
timecloud.us	MULTA-ASN1 (AS35916)	1
awsdns-22.net	NSP LLC (AS213173)	1
CLOUDFLARENET	Beget LLC (AS198610)	5
CLOUDFLARENET	LUCENT-CIO (AS10455)	1
123ns.eu	LLC astra Cloud (AS41535)	1
cloudns.net	JSC Selectel (AS49505)	6
CLOUDFLARENET	OJSC Dos-Credobank (AS44536)	2
agroprom.kg	Asiainfo Te (AS8511)	1
CLOUDFLARENET	TrustInfo LLC (AS48757)	1
computerbazar.kg	Contabo GmbH (AS51167)	1
itsupport.kg	Mega-Line Ltd. (AS41750)	1
avon.com	HLL LLC (AS51115)	1
thundercloud.uk	Awareness Software Limited (AS34931)	8
srv.cr	Asiainfo Te (AS8511)	1
timeweb.org	Mega-Line Ltd. (AS41750)	1
ps.kz	PS Internet Company LLP (AS48716)	74
ihead.ru	MTS PJSC (AS8359)	2
dig.com	AMAZON-02 (AS16509)	2
Asiainfo Te	DIGITALOCEAN-ASN (AS14061)	6
unknown	Cjsc telecommunications Company dun (AS48271)	15
ElCat Ltd.	ElCat Ltd. (AS8449)	26
bosch.de	MICROSOFT-CORP-MSN-AS-BLOCK (AS8075)	5
bai.kg	Asiainfo Te (AS8511)	1
dns6tems.com	Euskaltel S.A. (AS12338)	1
if.kg	Asiainfo Te (AS8511)	1
LLC VK	Awareness Software Limited (AS34931)	8
bytebox.de	COLT Technology Services Group Limited (AS8220)	1
alb.de	GBC GmbH Internet Service Center Ingenieurgesellschaft fuer Systemsoftware und Kommunikation (AS24766)	2
OJSC Kyrgyztelecom	OJSC Kyrgyztelecom (AS12997)	46
abalon.kg	Asiainfo Te (AS8511)	1
Hoster kg, Ltd.	Mega-Line Ltd. (AS41750)	11
lemarit.de	AS-VULTR (AS20473)	8
Asiainfo Te	Contabo GmbH (AS51167)	1
awsdns-31.org	AMAZON-02 (AS16509)	1
lite-host.in	Chernyshov Aleksandr Aleksandrovich (AS202984)	2
flexbe.ru	JSC Selectel (AS50340)	12
uteam.kg	JSC Selectel (AS49505)	1
GOOGLE	Wix.com Ltd. (AS58182)	20
1vps.org	LLC Digital Network (AS12695)	1
JSC Selectel	MICROSOFT-CORP-MSN-AS-BLOCK (AS8075)	1
YANDEX LLC	TimeWeb LLC (AS9123)	2
Asiainfo Te	Individual Entrepreneur Anton Levin (AS50053)	1
tatadev.dev	Scaleway S.a.s. (AS12876)	2
123ns.de	LKW Walter Internationale Transportorganisation AG (AS34735)	4
CLOUDFLARENET	NetWarm LTD (AS201664)	1
osn.de	OSN Online Service Nuernberg GmbH (AS8859)	1
greengroup.kg	Asiainfo Te (AS8511)	1
scorista.kg	Ak Bulut Soft LLC (AS51898)	1
awsdns-19.net	AMAZON-02 (AS16509)	1
spaceweb.pro	SpaceWeb Ltd (AS44112)	23
Asiainfo Te	Tilda Publishing Ltd. (AS205282)	14
eiva.kg	Scaleway S.a.s. (AS12876)	1
unknown	Hoster kg, Ltd. (AS59684)	2
edgedns.ru	Haicom Limited (AS48988)	1
HURRICANE	Ddos-guard Ltd (AS57724)	2
lab.kg	AKNET Ltd. (AS12764)	1
Hoster kg, Ltd.	Kyrgyz research and education network association (AS197119)	2
mirhosting.ru	Innovative IT Solutions LLC (AS215601)	1
kp.ru	Yandex.Cloud LLC (AS200350)	1
YANDEX LLC	Hoster kg, Ltd. (AS59684)	12
co.uk	Redcentric Solutions Ltd (AS31463)	3
awsdns-03.org	ASN-TEKTRONIX (AS10406)	1
YANDEX LLC	Extra Line LLC (AS42837)	1
Sky Mobile LLC	Sky Mobile LLC (AS41329)	5
bosch.de	Robert Bosch Gesellschaft mit Beschraenkter Haftung (AS9183)	3
invest.kg	Asiainfo Te (AS8511)	1
is-fun.net	TelemaxX Telekommunikation GmbH (AS12843)	7
Hoster kg, Ltd.	JSC Alma Telecommunications (AS39824)	1
safenames.com	Safenames Ltd. (AS60819)	2
Akamai Connected Cloud	Hetzner Online GmbH (AS24940)	5
CLOUDFLARENET	Mega-Line Ltd. (AS41750)	9
Asiainfo Te	Hetzner Online GmbH (AS24940)	6
333.kg	Mega-Line Ltd. (AS41750)	5
fornex.com	Fornex Hosting S.L. (AS44051)	10
Asiainfo Te	Domain names registrar REG.RU, Ltd (AS197695)	5
CLOUDFLARENET	Optima Telecom Ltd. (AS39819)	6
atvirtual.com	Festo Management SE (AS41700)	1
huaweicloud-dns.cn	OVH SAS (AS16276)	1
JSC Selectel	JSC Selectel (AS50340)	11
domeny.tv	Dataspace P.s.a. (AS50599)	3
1media.kg	Asiainfo Te (AS8511)	1
Asiainfo Te	Cloud Services Kazakhstan LLP (AS208795)	1
nadns1.com	Nameshield SAS (AS20756)	2
variomedia.de	ScaleUp Technologies GmbH & Co. KG (AS29014)	1
bitmaster.ru	Tilda Publishing Ltd. (AS205282)	1
netim.net	AMAZON-02 (AS16509)	1
LLC VK	Hostland LTD (AS62082)	2
ceramistica.kg	Asiainfo Te (AS8511)	1
mgmotors.kg	TimeWeb LLC (AS9123)	1
JSC Selectel	JSC Selectel (AS49505)	22
demirbank.kg	Demir Kyrgyz International Bank CJSC (AS61196)	1
portsdns.net	Tele2 SWIPnet (AS1257)	1
megagroup.ru	Megagroup.ru LLC (AS60357)	11
Akamai International B.V.	ASN-EXXONMOBIL (AS1766)	1
flnet.su	Rostelecom (AS12389)	1
Beget LLC	Tilda Publishing Ltd. (AS205282)	2
YANDEX LLC	Webhost LLC (AS44094)	1
goodhost.kz	Goodhost.KZ LLP (AS211971)	5
perf1.com	Nameshield SAS (AS20756)	9
cast.kg	NLS Kazakhstan LLC (AS200590)	1
wwdh.hu	Hetzner Online GmbH (AS24940)	1
YANDEX LLC	OJSC Kyrgyztelecom (AS12997)	4
Asiainfo Te	Optima Telecom Ltd. (AS39819)	3
Asiainfo Te	FASTLY (AS54113)	4
NSONE	GOOGLE (AS15169)	3
Asiainfo Te	TimeWeb LLC (AS9123)	2
hostland.ru	CLOUDFLARENET (AS13335)	1
itsource.kg	NT Lab Ltd (AS205204)	1
oriona.net	Hetzner Online GmbH (AS24940)	2
afraid.org	netcup GmbH (AS197540)	1
atvirtual.com	Akamai Connected Cloud (AS63949)	1
CLOUDFLARENET	Ztv Corp LLC (AS43581)	8
timeweb.org	Hetzner Online GmbH (AS24940)	1
abcp.ru	Hetzner Online GmbH (AS24940)	5
Hetzner Online GmbH	Ddos-guard Ltd (AS57724)	3
ustim.kg	Asiainfo Te (AS8511)	1
combell.net	Combell NV (AS34762)	1
IONOS SE	united-domains GmbH (AS202108)	25
Hetzner Online GmbH	Contabo GmbH (AS51167)	11
YANDEX LLC	Asiainfo Te (AS8511)	18
awsdns-13.com	Hetzner Online GmbH (AS24940)	1
owen.kg	Asiainfo Te (AS8511)	1
goodnews.kg	Asiainfo Te (AS8511)	1
neotv.kg	Asiainfo Te (AS8511)	1
iptwins.com	OVH SAS (AS16276)	7
hoster.kz	PS Internet Company LLP (AS48716)	5
reg.ru	Saimanet Telecomunications CJSC (AS29061)	2
platformalp.ru	JSC Selectel (AS50340)	1
CLOUDFLARENET	JSC Selectel (AS49505)	2
CLOUDFLARENET	INCAPSULA (AS19551)	14
Hoster kg, Ltd.	Extra Line LLC (AS42837)	1
AMAZON-02	AMAZON-02 (AS16509)	3
akaba.kg	Asiainfo Te (AS8511)	1
turangroup.kg	Asiainfo Te (AS8511)	1
333.kg	AKNET Ltd. (AS12764)	7
ui-dns.biz	AMAZON-02 (AS16509)	1
reanimator.kg	Asiainfo Te (AS8511)	1
rnd.kg	Ak Bulut Soft LLC (AS51898)	4
infocom.kg	SE Infocom under SRS (AS39659)	2
tesicom.kg	Asiainfo Te (AS8511)	1
SECURITYSERVICES	RACKSPACE (AS19994)	1
CLOUDFLARENET	UpCloud Ltd (AS202053)	1
dyn.com	AMAZON-02 (AS16509)	1
terrakot.kg	AMAZON-AES (AS14618)	1
CLOUDFLARENET	OJSC Kyrgyztelecom (AS12997)	3
auroraplus.kg	Asiainfo Te (AS8511)	1
CLOUDFLARENET	UNIFIEDLAYER-AS-1 (AS46606)	4
finex.kg	Asiainfo Te (AS8511)	1
the.hosting	Pq Hosting Plus S.r.l. (AS44477)	3
optimabank.kg	Optima Bank OJSC (AS44343)	2
msg-server.	AKNET Ltd. (AS12764)	4
robosfera.kg	Asiainfo Te (AS8511)	1
kmedical.kg	Asiainfo Te (AS8511)	1
kupi.kg	Asiainfo Te (AS8511)	1
adisgroup.kg	Asiainfo Te (AS8511)	1
OVH SAS	Hetzner Online GmbH (AS24940)	12
nic.ru	VTB Bank (Public Joint-Stock Company) (AS41551)	1
hostinger.kg	AKNET Ltd. (AS12764)	7
reg.ru	Hetzner Online GmbH (AS24940)	1
Hoster kg, Ltd.	Optima Telecom Ltd. (AS39819)	7
Optima Telecom Ltd.	Ddos-guard Ltd (AS57724)	2
Hoster kg, Ltd.	AKNET Ltd. (AS12764)	8
OVH SAS	JSC Selectel (AS49505)	4
hoster.ru	Joint Stock Company TransTeleCom (AS21127)	1
finexpert.kg	NLS Kazakhstan LLC (AS200590)	1
ipcom GmbH	AMAZON-02 (AS16509)	11
CLOUDFLARENET	UAB Interneto vizija (AS212531)	2
nethouse.ru	Hosting Ltd (AS43362)	3
Asiainfo Te	LLP Kompaniya Hoster.KZ (AS207333)	1
AKNET Ltd.	AKNET Ltd. (AS12764)	5
SCAAM0001	TimeWeb LLC (AS9123)	1
nameself.com	JSC Kazteleport - subsidiary of Halyk Bank of Kazakhstan (AS51162)	1
Akamai International B.V.	NCUBE-OREGON-AS (AS1219)	1
Hetzner Online GmbH	LLC VK (AS47764)	2
nic.ru	Yandex.Cloud LLC (AS200350)	4
awsdns-04.org	JSC Selectel (AS49505)	1
arbatsite.ru	JSC IOT (AS29182)	1
CLOUDFLARENET	Megahost Kazakhstan TOO (AS208450)	1
CLOUDFLARENET	PS Internet Company LLP (AS39318)	4
sprinthost.net	Megahost Kazakhstan TOO (AS208450)	1
CLOUDFLARENET	A2HOSTING (AS55293)	1
CLOUDFLARENET	Iomart Managed Services Limited (AS35425)	1
AMAZON-02	Team Internet AG (AS206834)	11
Hoster kg, Ltd.	SQUARESPACE (AS53831)	1
Asiainfo Te	PS Internet Company LLP (AS48716)	6
EuroByte LLC	Ddos-guard Ltd (AS57724)	1
Deutsche Telekom AG	23M GmbH (AS47447)	1
hostenko.name	AS-GLOBALTELEHOST (AS63023)	2
CLOUDFLARENET	NSP LLC (AS213173)	7
kta.kg	NLS Kazakhstan LLC (AS200590)	1
nic.ru	Republican Unitary Telecommunication Enterprise Beltelecom (AS6697)	1
YANDEX LLC	Ddos-guard Ltd (AS57724)	7
awsdns-12.org	IMH-IAD (AS54641)	1
royalbreed.kg	Asiainfo Te (AS8511)	1
agropromeng.kg	Asiainfo Te (AS8511)	1
atalog.kg	Asiainfo Te (AS8511)	1
SECURITYSERVICES	AMAZON-AES (AS14618)	5
LLC VK	Saimanet Telecomunications CJSC (AS29061)	5
hostry.com	Magyar Telekom Plc. (AS5483)	1
awsdns-01.net	AMAZON-02 (AS16509)	1
LLC VK	Optima Telecom Ltd. (AS39819)	2
ns14.net	IONOS SE (AS8560)	2
360ipro.kg	Asiainfo Te (AS8511)	1
OVH SAS	Hosting Ukraine LTD (AS200000)	1
Webhost LLC	Webhost LLC (AS44094)	6
virton.kg	Asiainfo Te (AS8511)	1
mediaportal.kg	Asiainfo Te (AS8511)	1
porsche.asia	Dr. Ing. h.c. F. Porsche AG (AS33848)	2
chakchak.kg	Asiainfo Te (AS8511)	1
JSC Selectel	Mega-Line Ltd. (AS41750)	1
beeline.uz	UNITEL LLC (AS41202)	1
Asiainfo Te	Saimanet Telecomunications CJSC (AS29061)	2
LLC masterhost	Domain names registrar REG.RU, Ltd (AS197695)	1
SECURITYSERVICES	green.ch AG (AS1836)	1
1cloud.ru	KKM IT Limited (AS60922)	1
awsdns-16.com	AMAZON-02 (AS16509)	1
krsu.kg	Kyrgys Russian Slavic University named after First President of Russia B.N. Yeltsin (AS39214)	1
aiust.kg	Asiainfo Te (AS8511)	1
MICROSOFT-CORP-MSN-AS-BLOCK	Asiainfo Te (AS8511)	4
linode.com	Akamai Connected Cloud (AS63949)	19
globvill.de	Global Village GmbH (AS13039)	1
nic.ru	Haicom Limited (AS48988)	1
JSC Selectel	TimeWeb LLC (AS9123)	1
domain.tld	DIGITALOCEAN-ASN (AS14061)	1
lexsynergy.info	Akamai Connected Cloud (AS63949)	1
nic.ru	LeaseWeb Netherlands B.V. (AS60781)	1
cloudns.net	Silverhill Group Holding Ltd (AS202492)	1
contabo.net	Contabo GmbH (AS51167)	15
energoset.kg	NLS Kazakhstan LLC (AS200590)	1
obusiness.kg	NUR Telecom LLC (AS47237)	1
a1project.kg	AdminVPS OOO (AS211183)	1
opportunity.de	Aixit GmbH (AS29551)	1
alfapetroleum.kg	Asiainfo Te (AS8511)	1
Asiainfo Te	Skynet Telecom, LLC (AS207369)	1
Hoster kg, Ltd.	Saimanet Telecomunications CJSC (AS29061)	2
pag.kg	Asiainfo Te (AS8511)	1
GOOGLE-CLOUD-PLATFORM	GOOGLE-CLOUD-PLATFORM (AS396982)	16
JSC Selectel	Optima Telecom Ltd. (AS39819)	1
Akamai Connected Cloud	Akamai Connected Cloud (AS63949)	1
axis.com	Axis Communications AB (AS39731)	1
Optima Telecom Ltd.	CLOUDFLARENET (AS13335)	1
dnspod.net	Alibaba US Technology Co., Ltd. (AS45102)	1
webspace.uz	Arsenal D Ltd. (AS210390)	3
Hetzner Online GmbH	JSC Avantel (AS25549)	2
digitalcapital.kg	Asiainfo Te (AS8511)	1
bazaron.kg	Seflow s.r.l. (AS49367)	1
awsdns-02.net	AMAZON-02 (AS16509)	1
server.ae	Bamboozle Web Services MEA FZ-LLC (AS200851)	1
Beget LLC	Ddos-guard Ltd (AS57724)	6
arcon.kg	Asiainfo Te (AS8511)	1
YANDEX LLC	PS Internet Company LLP (AS48716)	2
nic.ru	JSC Selectel (AS49505)	2
Asiainfo Te	Hostinger International Limited (AS47583)	4
awsdns-36.net	AMAZON-AES (AS14618)	1
zomro.com	Zomro B.V. (AS204601)	2
sandyk.kg	Cjsc telecommunications Company dun (AS48271)	1
YANDEX LLC	Webzilla B.V. (AS35415)	5
web-studio.pro	JSC IOT (AS29182)	1
ipcom GmbH	DXC-AS3360 (AS3360)	1
Hoster kg, Ltd.	Asiainfo Te (AS8511)	2
medical-pro.kg	Asiainfo Te (AS8511)	1
CLOUDFLARENET	FASTLY (AS54113)	6
mchost.com	EuroByte LLC (AS210079)	2
namecheaphosting.com	NAMECHEAP-NET (AS22612)	3
timeweb.org	Yandex.Cloud LLC (AS200350)	2
workerbee.kg	Ddos-guard Ltd (AS57724)	1
registrar-servers.com	AKNET Ltd. (AS12764)	1
Hoster kg, Ltd.	TimeWeb LLC (AS9123)	8
Asiainfo Te	Wix.com Ltd. (AS58182)	1
YANDEX LLC	Cjsc telecommunications Company dun (AS48271)	2
OVH SAS	Voxility LLP (AS3223)	1
atakdomain.com	MICROSOFT-CORP-MSN-AS-BLOCK (AS8075)	1
YANDEX LLC	P.a.g.m. Ou (AS198068)	1
awsdns-26.org	AMAZON-02 (AS16509)	1
caiag.kg	Kyrgyz research and education network association (AS197119)	1
a-systems.kg	JSC Selectel (AS49505)	1
SCAAM0001	Host Europe GmbH (AS8972)	4
site4now.net	SHARKTECH (AS46844)	5
YANDEX LLC	Optima Telecom Ltd. (AS39819)	4
LLC VK	Ak Bulut Soft LLC (AS51898)	6
cloudns.net	Team Internet AG (AS61969)	3
nic.ru	Jsc ru-center (AS48287)	8
molot.eu	NSP LLC (AS213173)	1
ukit.com	Ddos-guard Ltd (AS57724)	4
LLC VK	Asiainfo Te (AS8511)	5
colonwell.kg	CLOUDFLARENET (AS13335)	1
st-art.kg	Asiainfo Te (AS8511)	1
spaceship.net	AMAZON-02 (AS16509)	3
dnsrun.com	Alibaba US Technology Co., Ltd. (AS45102)	1
vzdsnab.kg	Domain names registrar REG.RU, Ltd (AS197695)	1
LLC VK	Mega-Line Ltd. (AS41750)	3
Host Europe GmbH	Transmog Inc S.A.L (AS24634)	1
prof.kg	Optima Telecom Ltd. (AS39819)	1
MICROSOFT-CORP-MSN-AS-BLOCK	Servicepipe LLC (AS201706)	1
CLOUDFLARENET	Akamai International B.V. (AS20940)	1
subdomain.net	Hetzner Online GmbH (AS24940)	1
Asiainfo Te	Hangzhou Alibaba Advertising Co.,Ltd. (AS37963)	1
bakaibank.kg	DIGITALOCEAN-ASN (AS14061)	1
sec-ns.de	PlusServer GmbH (AS61157)	2
lemarit.de	LEMARIT GmbH (AS204135)	1
Asiainfo Te	CLOUDFLARENET (AS13335)	3
eco.kg	Asiainfo Te (AS8511)	1
CLOUDFLARENET	Pq Hosting Plus S.r.l. (AS44477)	1
fornex.com	Data Storage Center JSC (AS49063)	2
nic.ru	RECONN LLC (AS12722)	2
lf.net	LF.net Netzwerksysteme GmbH (AS12374)	1
YANDEX LLC	Ak Bulut Soft LLC (AS51898)	10
onoipereezd.kg	NLS Kazakhstan LLC (AS200590)	1
nashvek.kg	Asiainfo Te (AS8511)	1
truedomain.info	Ddos-guard Ltd (AS57724)	1
LLC VK	Hetzner Online GmbH (AS24940)	1
aoc.kg	Asiainfo Te (AS8511)	1
tarmac.kg	Asiainfo Te (AS8511)	1
CLOUDFLARENET	JSC IOT (AS29182)	5
LLC VK	ElCat Ltd. (AS8449)	3
timeweb.org	Adman LLC (AS57494)	3
Mega-Line Ltd.	Beget LLC (AS198610)	2
Beget LLC	Skynet Telecom, LLC (AS207369)	1
Asiainfo Te	NLS Kazakhstan LLC (AS200590)	4
logisticexpo.kg	Ddos-guard Ltd (AS57724)	1
gtech.kg	Asiainfo Te (AS8511)	1
bnamed.eu	Opera Norway AS (AS39832)	1
bakai.kg	BAKAI BANK Open Joint Stock Company (AS212409)	1
Mega-Line Ltd.	Ddos-guard Ltd (AS57724)	4
kstu.kg	Kyrgyz research and education network association (AS197119)	2
atakdomain.com	Superonline Iletisim Hizmetleri A.S. (AS34984)	2
nic.ru	Hoster kg, Ltd. (AS59684)	2
wisutec.kg	Asiainfo Te (AS8511)	1
btb.kg	Ojsc Bank Bai-tushum (AS56464)	1
supercp.com	A2HOSTING (AS55293)	1
fkb.kg	AKNET Ltd. (AS12764)	1
a1.net	Nessus GmbH (AS47692)	1
Hoster kg, Ltd.	EQU Technologies LLP (AS42447)	1
ui-dns.biz	IONOS SE (AS8560)	3
chemcontract.kg	Asiainfo Te (AS8511)	1
2gis.com	DoubleGIS LLC (AS197482)	2
glbns.com	Servergarden Kft. (AS47381)	2
lpmtr.net	Servicepipe LLC (AS201706)	4
awsdns-00.org	AMAZON-02 (AS16509)	1
awsdns-18.org	AMAZON-02 (AS16509)	1
dnsprotect.com	DIMENOC (AS33182)	4
zahid.host	Kamatera, Inc. (AS64022)	2
awsdns-39.com	Hetzner Online GmbH (AS24940)	1
gp.kg	ElCat Ltd. (AS8449)	1
Beget LLC	JSC Selectel (AS49505)	4
UNIFIEDLAYER-AS-1	UNIFIEDLAYER-AS-1 (AS46606)	14
rsnx.ru	LLC astra Cloud (AS41535)	2
turkticaret.net	TURKTICARET.NET YAZILIM HIZMETLERI SAN. ve TIC. A.S. (AS197720)	2
ngenix-dns.ru	OOO Sovremennye setevye tekhnologii (AS34879)	1
kreston.kg	Asiainfo Te (AS8511)	1
kv-gmbh.de	Hetzner Online GmbH (AS24940)	2
CLOUDFLARENET	Iskratelecom JSC (AS29124)	1
OVH SAS	PS Internet Company LLP (AS48716)	1
krka.si	KRKA, d.d.Novo mesto (AS29015)	3
medic.kg	BitWeb LLC (AS57271)	1
grando.kg	Tilda Publishing Ltd. (AS205282)	1
elevit.kg	Asiainfo Te (AS8511)	1
Beget LLC	Nls Astana Llp (AS205516)	4
hostventi.com	Awareness Software Limited (AS34931)	12
cloudns.net	Yandex.Cloud LLC (AS200350)	1
LLC VK	Ddos-guard Ltd (AS57724)	9
altynken.kg	Optima Telecom Ltd. (AS39819)	1
EuroByte LLC	OJSC Kyrgyztelecom (AS12997)	1
rsnx.ru	LLC astra Cloud (AS6903)	1
LLC VK	Extra Line LLC (AS42837)	4
diamanti.kg	Asiainfo Te (AS8511)	1
darlan.kg	Asiainfo Te (AS8511)	1
duvatash.kg	Asiainfo Te (AS8511)	1
afternic.com	AMAZON-02 (AS16509)	3
vestacom.kg	Asiainfo Te (AS8511)	1
zomro.com	Infonas W.L.L. (AS35313)	1
kundenserver.de	Mittwald CM Service GmbH & Co. KG (AS15817)	1
co.uk	AMAZON-02 (AS16509)	13
botexpert.kg	Asiainfo Te (AS8511)	1
managed-ip.com	MICROSOFT-CORP-MSN-AS-BLOCK (AS8075)	1
oshsu.kg	OJSC Kyrgyztelecom (AS12997)	2
YANDEX LLC	Hetzner Online GmbH (AS24940)	3
MICROSOFT-CORP-MSN-AS-BLOCK	CENTURYLINK-LEGACY-SAVVIS (AS3561)	3
iiko-systems.com	e-Style ISP LLC (AS20655)	1
timeweb.org	Tilda Publishing Ltd. (AS205282)	1
MICROSOFT-CORP-MSN-AS-BLOCK	CENTURYLINK-US-LEGACY-QWEST (AS209)	1
industrialcompany.kg	Asiainfo Te (AS8511)	1
skachki.kg	Asiainfo Te (AS8511)	1
CLOUDFLARENET	ElCat Ltd. (AS8449)	7
MICROSOFT-CORP-MSN-AS-BLOCK	Bluewin (AS3303)	1
abovedomains.com	Trellian Pty. Limited (AS133618)	1
LLC masterhost	LLC masterhost (AS25532)	5
lazer.kg	Asiainfo Te (AS8511)	1
millenniumarts.net	Hetzner Online GmbH (AS24940)	2
nsroot1.com	CSC (AS19574)	1
LLC Smart Ape	LLC Smart Ape (AS56694)	9
abcgroup.kg	JSC Selectel (AS49505)	1
rzhosting.net	Vodafone GmbH (AS3209)	1
nic.ru	Hetzner Online GmbH (AS24940)	1
Hoster kg, Ltd.	GOOGLE (AS15169)	1
cloudns.net	Alibaba US Technology Co., Ltd. (AS45102)	1
arenda.kg	Asiainfo Te (AS8511)	1
cloudns.net	velia.net Internetdienste GmbH (AS29066)	2
kasserver.com	Neue Medien Muennich GmbH (AS34788)	2
ihead.ru	Sprinthost.ru LLC (AS35278)	1
credit-suisse.com	UBS Group AG (AS8729)	2
taigan.kg	ElCat Ltd. (AS8449)	1
SECURITYSERVICES	HLL LLC (AS51115)	1
dea.kg	Asiainfo Te (AS8511)	1
Optima Telecom Ltd.	Jsc ru-center (AS48287)	1
nameserver1.works	P.a.g.m. Ou (AS198068)	2
Beget LLC	ADCIL-ASN-01 (AS401152)	2
avtogid.kg	DIGITALOCEAN-ASN (AS14061)	1
naturepro.kg	Asiainfo Te (AS8511)	1
cloudns.net	Asiainfo Te (AS8511)	2
CLOUDFLARENET	GOOGLE-CLOUD-PLATFORM (AS396982)	9
z-ns.net	Hetzner Online GmbH (AS24940)	5
saimanet.kg	Saimanet Telecomunications CJSC (AS29061)	3
CLOUDFLARENET	Cloud Services Kazakhstan LLP (AS208795)	2
edgedns.ru	Ddos-guard Ltd (AS57724)	1
CLOUDFLARENET	Asiainfo Te (AS8511)	10
hoster.by	Unitary enterprise A1 (AS205820)	1
62yun.kg	ZHOUYISAT-COMMUNICATIONS (AS400992)	1
luxe.kg	NLS Kazakhstan LLC (AS200590)	1
cscudns.com	CSC (AS19574)	1
registrar-servers.com	Asiainfo Te (AS8511)	3
Hoster kg, Ltd.	AMAZON-02 (AS16509)	6
VITAL-DNS	Ddos-guard Ltd (AS57724)	1
YANDEX LLC	Skynet Telecom, LLC (AS207369)	4
Asiainfo Te	velia.net Internetdienste GmbH (AS29066)	1
astrum.kg	Asiainfo Te (AS8511)	1
portal1.kg	Contabo GmbH (AS51167)	1
homeline.kg	Extra Line LLC (AS42837)	1
att.kg	Asiainfo Te (AS8511)	1
ns14.net	InterNetX GmbH (AS15456)	8
YANDEX LLC	Unitary enterprise A1 (AS205820)	1
NSP LLC	Asiainfo Te (AS8511)	1
MICROSOFT-CORP-MSN-AS-BLOCK	SIA Tet (AS5518)	1
cognac.kg	Optima Telecom Ltd. (AS39819)	1
CLOUDFLARENET	IPNET OOO (AS61010)	2
Akamai International B.V.	Deutsche Telekom AG (AS3320)	1
bb-online.biz	AS-VULTR (AS20473)	1
CLOUDFLARENET	Sprinthost.ru LLC (AS35278)	1
timeweb.org	OVH SAS (AS16276)	1
sohosted2.com	CLDIN B.V. (AS48635)	1
gf.kg	Transfer Ltd (AS25035)	1
CLOUDFLARENET	LLC Smart Ape (AS56694)	1
gohost.kz	PE Fedinyak Sergey Vyacheslavovich (AS203087)	6
sportech.kg	Asiainfo Te (AS8511)	1
rsktech.kg	Eldik Bank OJSC (AS41271)	1
Akamai International B.V.	DEERE (AS10846)	2
moisait.ru	Atomdata Jsc (AS199860)	1
VITAL-DNS	AMAZON-AES (AS14618)	1
epag.net	Team Internet AG (AS61969)	1
cortex.kg	Scaleway S.a.s. (AS12876)	1
cashparking.com	AMAZON-02 (AS16509)	4
platformalp.ru	JSC Selectel (AS49505)	2
bulutnews.kg	Asiainfo Te (AS8511)	1
benetton.kg	Ddos-guard Ltd (AS57724)	1
CLOUDFLARENET	Nls Astana Llp (AS205516)	2
bnpl.kg	Skynet Telecom, LLC (AS207369)	1
agfa.be	Agfa Gevaert NV (AS31612)	1
Hoster kg, Ltd.	JSC IOT (AS29182)	1
nic.ru	Tilda Publishing Ltd. (AS205282)	2
Asiainfo Te	Cloudflare London, LLC (AS209242)	1
dom-tel.ru	Domain names registrar REG.RU, Ltd (AS197695)	5
OVH SAS	Gallery LLC (AS51787)	3
SECURITYSERVICES	Bayerische Motoren Werke Aktiengesellschaft (AS8590)	1
Deutsche Telekom AG	T-Systems International GmbH (AS34086)	4
glipac.ch	Bluewin (AS3303)	1
neolumo.kg	Asiainfo Te (AS8511)	1
ps.kg	Asiainfo Te (AS8511)	1
zoneedit.com	Hoster kg, Ltd. (AS59684)	1
neofit.kg	Asiainfo Te (AS8511)	1
yandexcloud.net	AS-VULTR (AS20473)	1
Asiainfo Te	AMAZON-02 (AS16509)	18
regzone.cz	ZONER a.s. (AS34222)	6
awsdns-13.org	AMAZON-02 (AS16509)	2
zaptrade.ru	NetPoint Ltd. (AS51740)	2
travma.kg	Asiainfo Te (AS8511)	1
world4you.at	World4You Internet Services GmbH (AS38955)	1
kenesha.kg	Asiainfo Te (AS8511)	1
onyxhotel.kg	AMAZON-02 (AS16509)	1
awsdns-09.org	AMAZON-02 (AS16509)	2
SECURITYSERVICES	SECURITYSERVICES (AS12008)	8
promzona.kg	Asiainfo Te (AS8511)	1
neotelecom.kg	Inform Communications Ltd. (AS42581)	1
eggywall.cc	WIBO Baltic UAB (AS59939)	1
Asiainfo Te	A2HOSTING (AS55293)	1
domain.tld	ahbr company limited (AS30938)	1
dan.com	AMAZON-02 (AS16509)	1
amityithosting.com	Entity Data Pty Limited (AS56057)	1
cloudns.net	Saimanet Telecomunications CJSC (AS29061)	1
time4vps.com	UAB Interneto vizija (AS212531)	4
rnko.ru	JSC Center of Financial Technologies (AS8848)	1
creatium.app	Hetzner Online GmbH (AS24940)	1
JSC Selectel	Pervaya Ekspedizionnaya Kompaniya LLC (AS197756)	1
shirin.kg	Asiainfo Te (AS8511)	1
artblastgroup.kg	Asiainfo Te (AS8511)	1
bayer.kg	Asiainfo Te (AS8511)	1
Hoster kg, Ltd.	Svyaz VSD LLC (AS48399)	1
eu.kg	Kyrgyz research and education network association (AS197119)	1
awsdns-28.com	AMAZON-02 (AS16509)	1
Hoster kg, Ltd.	Skynet Telecom, LLC (AS207369)	3
stellateam.kg	Asiainfo Te (AS8511)	1
pit.kg	Asiainfo Te (AS8511)	1
gov.kg	AKNET Ltd. (AS12764)	1
greenland.kg	Optima Telecom Ltd. (AS39819)	1
igf.kg	Asiainfo Te (AS8511)	1
cloudns.net	Ddos-guard Ltd (AS57724)	2
Hoster kg, Ltd.	CLOUDFLARENET (AS13335)	2
lancloud.kg	Optima Telecom Ltd. (AS39819)	1
distance.kg	Asiainfo Te (AS8511)	1
co.kr	SamsungSDS Inc. (AS6619)	1
YANDEX LLC	OVH SAS (AS16276)	2
nameshield.net	Nameshield SAS (AS20756)	5
CLOUDFLARENET	Hosting Ltd (AS43362)	1
SECURITYSERVICES	Entain Services Austria GmbH (AS13008)	3
Hoster kg, Ltd.	PS Internet Company LLP (AS48716)	6
LLC VK	Cjsc telecommunications Company dun (AS48271)	2
ElCat Ltd.	Jsc ru-center (AS48287)	2
serveriai.lt	UAB Interneto vizija (AS212531)	2
rodex.kg	Asiainfo Te (AS8511)	1
egeturkgroup.com	Netdirekt A.S. (AS43391)	4
glassmarket.kg	Asiainfo Te (AS8511)	1
ex2crypto.kg	Asiainfo Te (AS8511)	1
twinservers.net	Melbikomas UAB (AS8849)	1
CLOUDFLARENET	DMIT-EYEBALL (AS54574)	1
tat.kg	Contabo GmbH (AS51167)	2
otc.kg	Asiainfo Te (AS8511)	1
net.tr	MICROSOFT-CORP-MSN-AS-BLOCK (AS8075)	1
ustakana.kg	Kyrgyz research and education network association (AS197119)	1
bb-online.biz	OVH SAS (AS16276)	1
fastfox.pro	JSC Selectel (AS49505)	2
asteria.kg	Ddos-guard Ltd (AS57724)	1
dotnice.asia	AMAZON-02 (AS16509)	1
smartuchet.kg	Cjsc telecommunications Company dun (AS48271)	1
bedrock.kg	Asiainfo Te (AS8511)	1
first-ns.de	Hetzner Online GmbH (AS24940)	2
HURRICANE	TimeWeb LLC (AS9123)	1
YANDEX LLC	Domain names registrar REG.RU, Ltd (AS49352)	1
YANDEX LLC	Enterprise Cloud Ltd. (AS48096)	1
keychemicals.kg	Asiainfo Te (AS8511)	1
CLOUDFLARENET	Qrator Labs CZ s.r.o. (AS209671)	1
absbeauty.kg	Asiainfo Te (AS8511)	1
tur.kg	Asiainfo Te (AS8511)	1
ahost.uz	suvan Net LLC (AS35326)	1
aqualab.kg	AKNET Ltd. (AS12764)	1
CLOUDFLARENET	Emirates Telecommunications Group Company (etisalat Group) Pjsc (AS5384)	4
timeweb.org	Skynet Telecom, LLC (AS207369)	2
energoland.kg	Asiainfo Te (AS8511)	1
OVH SAS	LLP Kompaniya Hoster.KZ (AS207333)	2
buh.kg	Hetzner Online GmbH (AS24940)	1
hospice.kg	Asiainfo Te (AS8511)	1
mmc.kg	Asiainfo Te (AS8511)	1
MICROSOFT-CORP-MSN-AS-BLOCK	INCAPSULA (AS19551)	1
tegirmen.kg	Asiainfo Te (AS8511)	1
trekking.kg	Strato GmbH (AS6724)	1
Optima Telecom Ltd.	Beget LLC (AS198610)	1
megogo.net	Vaskiani Ventures Limited (AS204453)	1
adminvps.net	AdminVPS OOO (AS211642)	5
hoster.ru	Citytelecom LLC (AS12616)	1
rightsdns.com	Toyota Motor Europe SA (AS31154)	1
timeweb.org	JSC Selectel (AS49505)	2
sigmanet.lv	Institute of Mathematics and Computer Science of University of Latvia (AS5538)	1
ap.kg	AKNET Ltd. (AS12764)	1
europa.kg	Hetzner Online GmbH (AS24940)	4
Hoster kg, Ltd.	Domain names registrar REG.RU, Ltd (AS197695)	1
tmdcloud.eu	AS-VULTR (AS20473)	1
SECURITYSERVICES	Silverhill Group Holding Ltd (AS202492)	1
konveer.kg	Ddos-guard Ltd (AS57724)	1
LLC VK	Pay 24 Ltd. (AS209918)	4
infosystema.kg	AKNET Ltd. (AS12764)	3
topconnect.ee	Top Connect Ou (AS42300)	1
ecoterra.kg	Asiainfo Te (AS8511)	1
ecocup.kg	Optima Telecom Ltd. (AS39819)	1
CLOUDFLARENET	KKM IT Limited (AS60922)	2
managed-ip.com	InterNetX GmbH (AS15456)	1
salyk.kg	OJSC Kyrgyztelecom (AS12997)	1
molbulak.kg	ElCat Ltd. (AS8449)	1
YANDEX LLC	DIGITALOCEAN-ASN (AS14061)	5
eduraom.kg	Kyrgyz research and education network association (AS197119)	1
rp.kg	Asiainfo Te (AS8511)	1
NUCDN	Datacenter Luxembourg S.A. (AS24611)	2
Asiainfo Te	NL-811-40021 (AS40021)	2
evoluxe.kg	NLS Kazakhstan LLC (AS200590)	1
joiner.fi	Planeetta Internet Oy (AS58003)	1
Host Europe GmbH	Cloudflare London, LLC (AS209242)	1
Asiainfo Te	It-grad Too (AS212189)	1
Optima Telecom Ltd.	Pro Data-tech Mchj (AS213029)	1
dlsmi.kg	Optima Telecom Ltd. (AS39819)	1
project.kg	Asiainfo Te (AS8511)	1
Hoster kg, Ltd.	MICROSOFT-CORP-MSN-AS-BLOCK (AS8075)	1
elbiz.kg	Seflow s.r.l. (AS49367)	1
vm.kg	Asiainfo Te (AS8511)	1
abstragan.com	UNIFIEDLAYER-AS-1 (AS46606)	1
food.kg	Asiainfo Te (AS8511)	1
a5.ru	RETN Limited (AS9002)	1
payterms.kg	JSC ER-Telecom Holding (AS31363)	1
skiyurt.kg	Asiainfo Te (AS8511)	1
bnbm.kg	NLS Kazakhstan LLC (AS200590)	1
transfer.kg	Transfer Ltd (AS25035)	1
CLOUDFLARENET	HLL LLC (AS51115)	1
ttsecurity.kg	Asiainfo Te (AS8511)	1
awsdns-03.net	AMAZON-02 (AS16509)	2
intel.com	INTEL-SC-AS (AS4983)	1
win.space	Ak Bulut Soft LLC (AS51898)	1
Xserver Inc.	Xserver Inc. (AS131965)	3
123ns.de	DIGITALOCEAN-ASN (AS14061)	3
awsdns-08.net	JSC Corp Soft (AS39337)	1
kb.kg	Asiainfo Te (AS8511)	1
JSC Selectel	DIGITALOCEAN-ASN (AS14061)	3
softlayer.com	DIGITALOCEAN-ASN (AS14061)	1
Asiainfo Te	Miran Ltd. (AS41722)	1
renew.kg	Ddos-guard Ltd (AS57724)	1
Hoster kg, Ltd.	RECONN LLC (AS12722)	2
yandexcloud.net	Tilda Publishing Ltd. (AS205282)	1
atm72.ru	Teleseti Ltd (AS49551)	1
mybizcloud.at	Infotech EDV-Systeme GmbH (AS28760)	1
atakdomain.com	Atak Domain Bilgi Teknolojileri A.S. (AS211401)	2
flagman.kg	OJSC Kyrgyztelecom (AS12997)	1
yourbi.kg	ElCat Ltd. (AS8449)	1
Asiainfo Te	OJSC Kyrgyztelecom (AS12997)	2
Mega-Line Ltd.	LLP Kompaniya Hoster.KZ (AS202958)	1
eurobyte.ru	Iron Hosting Centre LTD (AS216139)	1
petrotop.kg	Asiainfo Te (AS8511)	1
interiorexpo.kg	Ddos-guard Ltd (AS57724)	1
JSC IOT	Ddos-guard Ltd (AS57724)	1
ht-systems.ru	Citytelecom LLC (AS12616)	1
elpost.kg	SpaceWeb Ltd (AS44112)	1
allplay.kg	allmedia Safe Service LLC (AS199755)	1
awsdns-09.net	AMAZON-02 (AS16509)	3
atakdomain.com	Megahost Kazakhstan TOO (AS208450)	1
natrohost.com	Cizgi Telekomunikasyon Anonim Sirketi (AS34619)	4
123ns.de	MICROSOFT-CORP-MSN-AS-BLOCK (AS8075)	1
jagur.kg	Asiainfo Te (AS8511)	1
Deutsche Telekom AG	Telekom Deutschland GmbH (AS20570)	1
cloudns.net	Hoster kg, Ltd. (AS59684)	1
cvp.kg	Asiainfo Te (AS8511)	1
timeweb.org	Ddos-guard Ltd (AS57724)	3
rightsdns.com	GOOGLE-CLOUD-PLATFORM (AS396982)	1
domainoo.fr	Planet Service SARL (AS61168)	2
Hosting Ltd	Hosting Ltd (AS43362)	3
wordpress.com	AUTOMATTIC (AS2635)	1
neouniverse.in	UNIFIEDLAYER-AS-1 (AS46606)	1
bcc.kg	BAKAI BANK Open Joint Stock Company (AS216287)	1
hostforweb.net	WHG Hosting Services Ltd (AS14670)	3
astrum-oyun.kg	Asiainfo Te (AS8511)	1
blammo.kg	Asiainfo Te (AS8511)	1
safebrands.com	MICROSOFT-CORP-MSN-AS-BLOCK (AS8075)	2
smartline.kg	TimeWeb LLC (AS9123)	1
handyhost.ru	System Service Ltd. (AS50448)	2
customs.kg	ElCat Ltd. (AS8449)	1
globalnameservers.net	OVH SAS (AS16276)	1
yandexcloud.net	Yandex.Cloud LLC (AS200350)	6
MICROSOFT-CORP-MSN-AS-BLOCK	Domain names registrar REG.RU, Ltd (AS197695)	1
1und1.de	IONOS SE (AS8560)	2
Hoster kg, Ltd.	JSC Selectel (AS49505)	1
nic.ru	TimeWeb LLC (AS9123)	2
cloudns.net	FLY (AS40509)	1
LLC Smart Ape	Hostland LTD (AS62082)	1
aqualink.kg	EQU Technologies LLP (AS42447)	1
uu.net	Deutsche Telekom AG (AS3320)	1
Asiainfo Te	Webzilla B.V. (AS35415)	2
odihr.kg	Asiainfo Te (AS8511)	1
HURRICANE	Optima Telecom Ltd. (AS39819)	1
novagraaf-dns.com	Level 27 BVBA (AS59943)	1
safebrands.com	AMAZON-02 (AS16509)	5
inwx.de	InterNetworX Management GmbH (AS48596)	1
university.kg	Kyrgyz research and education network association (AS197119)	1
igromafia.kg	Mega-Line Ltd. (AS41750)	1
outgear.kg	Asiainfo Te (AS8511)	1
tevapharm.com	Teva Pharmaceutical Industries Limited (AS12753)	1
awsdns-17.com	Hetzner Online GmbH (AS24940)	1
Optima Telecom Ltd.	AMAZON-02 (AS16509)	2
l7guard.com	ZAO Web Hosting (AS40966)	1
nic.ru	Beget LLC (AS198610)	2
CLOUDFLARENET	SYNLINQ (AS44486)	1
aic.kg	Ddos-guard Ltd (AS57724)	1
awsdns-42.org	AMAZON-02 (AS16509)	1
knu.kg	Kyrgyz research and education network association (AS197119)	1
steel.kg	Asiainfo Te (AS8511)	1
Hoster kg, Ltd.	FastNet Ltd. (AS47782)	5
kkb.kg	RackCorp (AS56038)	1
CLOUDFLARENET	JSC Selectel (AS50340)	1
autosalon.kg	Asiainfo Te (AS8511)	1
ub.kg	Asiainfo Te (AS8511)	1
zmail.kg	Asiainfo Te (AS8511)	1
hostforweb.net	OVH SAS (AS16276)	1
LLC masterhost	Ddos-guard Ltd (AS57724)	2
hoster.kz	Tilda Publishing Ltd. (AS205282)	2
registrar-servers.com	NAMECHEAP-NET (AS22612)	1
CLOUDFLARENET	DREAMHOST-AS (AS26347)	4
itresource.kg	NT Lab Ltd (AS205204)	1
laminate.kg	Ddos-guard Ltd (AS57724)	1
ivashov.me	Saimanet Telecomunications CJSC (AS29061)	3
Asiainfo Te	Alibaba US Technology Co., Ltd. (AS45102)	1
markmonitor.zone	AMAZON-02 (AS16509)	3
helios.kg	JSC ER-Telecom Holding (AS41733)	1
MICROSOFT-CORP-MSN-AS-BLOCK	Hoster kg, Ltd. (AS59684)	3
CLOUDFLARENET	Skynet Telecom, LLC (AS207369)	5
registrar-servers.com	Contabo GmbH (AS51167)	4
taza.kg	Asiainfo Te (AS8511)	1
tensai.kg	NLS Kazakhstan LLC (AS200590)	1
MICROSOFT-CORP-MSN-AS-BLOCK	AMAZON-02 (AS16509)	2
issyk-kul.kg	Asiainfo Te (AS8511)	1
Host Europe GmbH	AS-26496-GO-DADDY-COM-LLC (AS26496)	1
cloudns.net	COGENT-174 (AS174)	1
ipcom GmbH	froxlor GmbH (AS207048)	1
EuroByte LLC	AMAZON-02 (AS16509)	1
adminvps.net	AdminVPS OOO (AS211183)	2
Akamai International B.V.	INCAPSULA (AS19551)	1
timeweb.org	KKM IT Limited (AS60922)	1
playnext.net	JSC Selectel (AS49505)	1
net.tr	Doruk Iletisim ve Otomasyon Sanayi ve Ticaret A.S. (AS8685)	4
argewebhosting.com	Accenture B. V. (AS8315)	1
hostens.com	UAB Interneto vizija (AS212531)	1
timeweb.org	Partner Hosting LTD (AS215826)	2
Host Europe GmbH	Host Europe GmbH (AS21499)	1
v-kg.ru	JSC IOT (AS29182)	3
hoster.by	Republican Unitary Telecommunication Enterprise Beltelecom (AS6697)	3
uniprofit.kg	Asiainfo Te (AS8511)	1
MICROSOFT-CORP-MSN-AS-BLOCK	Webzilla B.V. (AS35415)	1
webhouse.sk	VNET a.s. (AS29405)	1
taimpex.kg	Asiainfo Te (AS8511)	1
dns.com	GNET INC. (AS9294)	1
desec.io	Deutsche Telekom AG (AS3320)	3
Internet-Pro LLC	TimeWeb LLC (AS9123)	1
Cjsc telecommunications Company dun	Ddos-guard Ltd (AS57724)	2
awsdns-17.net	AMAZON-02 (AS16509)	1
biygroup.kg	NLS Kazakhstan LLC (AS200590)	1
domserver.de	IONOS SE (AS8560)	1
teamviewer.com	ANEXIA Internetdienstleistungs GmbH (AS42473)	1
cargo1.kg	Asiainfo Te (AS8511)	1
sunhouse.kg	Asiainfo Te (AS8511)	1
emirates.com	AMAZON-02 (AS16509)	2
servicem.kg	First Server Limited (AS205090)	1
gam.kg	AKNET Ltd. (AS12764)	1
YANDEX LLC	velia.net Internetdienste GmbH (AS29066)	3
YANDEX LLC	NSP LLC (AS213173)	2
phaeton.kg	LLP Kompaniya Hoster.KZ (AS202958)	1
naprokat.kg	Asiainfo Te (AS8511)	1
careprost.kg	Asiainfo Te (AS8511)	1
unix.kg	Mega-Line Ltd. (AS41750)	1
Asiainfo Te	PVimpelCom (AS3216)	1
handyhost.ru	Beget LLC (AS198610)	1
timeweb.org	Cjsc telecommunications Company dun (AS48271)	1
medelement.kg	PS Internet Company LLP (AS48716)	1
moneyshop.kg	Asiainfo Te (AS8511)	1
SECURITYSERVICES	INCAPSULA (AS19551)	2
seeweb.it	SEEWEB s.r.l. (AS12637)	1
awsdns-51.net	AMAZON-02 (AS16509)	1
royalclima.kg	Asiainfo Te (AS8511)	1
cbk.kg	Commercial bank KYRGYZSTAN OJSC (AS45001)	4
Asiainfo Te	OVH SAS (AS16276)	4
kitdc.kg	Liquid Web B.V. (AS201682)	1
ksapcs.kg	AMAZON-02 (AS16509)	1
co.uk	Iomart Cloud Services Limited (AS20860)	1
lpmotor.ru	Servicepipe LLC (AS201706)	3
YANDEX LLC	AKNET Ltd. (AS12764)	2
treningi.kg	Asiainfo Te (AS8511)	1
benefit.kg	Asiainfo Te (AS8511)	1
d-net.pro	Leaseweb Deutschland GmbH (AS28753)	1
sskg.kg	Asiainfo Te (AS8511)	1
hyperion.kg	Asiainfo Te (AS8511)	1
haysan.kg	Ddos-guard Ltd (AS57724)	1
penki.lt	Penkiu kontinentu komunikaciju centras, Ltd. (AS21211)	1
Asiainfo Te	HLL LLC (AS51115)	1
notari.kg	Asiainfo Te (AS8511)	1
ingo.kg	FastNet Ltd. (AS47782)	1
salamandra.kg	Optima Telecom Ltd. (AS39819)	1
pechati.kg	Asiainfo Te (AS8511)	1
netim.net	webgo GmbH (AS48324)	1
Hoster kg, Ltd.	OJSC Kyrgyztelecom (AS12997)	2
cloudns.net	Scaleway S.a.s. (AS12876)	1
Hoster kg, Ltd.	DIGITALOCEAN-ASN (AS14061)	2
jagu.kg	Asiainfo Te (AS8511)	1
justhost.ru	LLC Baxet (AS51659)	1
m-bulak.kg	ElCat Ltd. (AS8449)	1
barracuda.kg	Asiainfo Te (AS8511)	1
Hoster kg, Ltd.	GOOGLE-CLOUD-PLATFORM (AS396982)	3
YANDEX LLC	LLC Smart Ape (AS56694)	2
skymobile.local	Sky Mobile LLC (AS41329)	1
sedoparking.com	SEDO GmbH (AS47846)	6
managed-ip.com	OVH SAS (AS16276)	1
Beget LLC	Nemtcov Nikolai Alexandrovich (AS212461)	1
awsdns-01.com	PS Internet Company LLP (AS48716)	1
registrar-servers.com	Ddos-guard Ltd (AS57724)	1
cloudns.net	Iomart Cloud Services Limited (AS20860)	1
aktek.kg	Asiainfo Te (AS8511)	1
iphh.de	IPHH Internet Port Hamburg GmbH (AS12731)	1
myway.kg	Asiainfo Te (AS8511)	1
Hetzner Online GmbH	Mittwald CM Service GmbH & Co. KG (AS15817)	1
utechka.kg	NLS Kazakhstan LLC (AS200590)	1
Cjsc telecommunications Company dun	HLL LLC (AS51115)	1
Asiainfo Te	NetOne Rus JSC (AS196695)	1
is-fun.net	Deutsche Telekom AG (AS3320)	1
dnsimple.com	AMAZON-02 (AS16509)	1
prof-climat.kg	NLS Kazakhstan LLC (AS200590)	1
vclouds.uz	ist Telekom Jv LLC (AS34718)	1
asiatv.kg	Asiainfo Te (AS8511)	1
maxima.kg	JSC IOT (AS29182)	1
GOOGLE	Hoster kg, Ltd. (AS59684)	4
Hoster kg, Ltd.	Cyber_Folks S.A. (AS41079)	1
SECURITYSERVICES	Orange (AS3215)	1
Asiainfo Te	Ak Bulut Soft LLC (AS51898)	1
jewelleryunion.kg	Asiainfo Te (AS8511)	1
westasia.ru	JSC IOT (AS29182)	4
dinbilim.kg	Asiainfo Te (AS8511)	1
megashop.kg	Asiainfo Te (AS8511)	1
sectigoweb.com	JSC Selectel (AS49505)	1
garmtech.com	Garmtech Lp (AS43108)	2
stvs.kg	Asiainfo Te (AS8511)	1
Asiainfo Te	AS-26496-GO-DADDY-COM-LLC (AS26496)	1
rockwellautomation.kg	Asiainfo Te (AS8511)	1
com.tr	Niobe Telekomunikasyon Bilisim Teknolojileri Yazilim Danismanlik Sanayi ve Ticaret Ltd. Sti. (AS42868)	2
levita-dns.eu	GOOGLE-CLOUD-PLATFORM (AS396982)	1
labx.kg	Asiainfo Te (AS8511)	1
easylife.kg	Asiainfo Te (AS8511)	1
NSONE	Cloudflare London, LLC (AS209242)	1
infosystema.kg	ElCat Ltd. (AS8449)	1
CLOUDFLARENET	Korea Telecom (AS4766)	1
zhivoe.kg	Saimanet Telecomunications CJSC (AS29061)	1
slweb.cloud	AMAZON-02 (AS16509)	1
generaltrading.kg	Asiainfo Te (AS8511)	1
banner.kg	Asiainfo Te (AS8511)	1
prokuror.kg	ElCat Ltd. (AS8449)	1
koreanews.kg	NLS Kazakhstan LLC (AS200590)	1
insales.com	HLL LLC (AS51115)	1
networklogistic.kg	Asiainfo Te (AS8511)	1
123ns.eu	FASTLY (AS54113)	1
Asiainfo Te	HVC-AS (AS29802)	2
x431.kg	Ddos-guard Ltd (AS57724)	1
Hetzner Online GmbH	SERVERS-COM (AS7979)	1
Beget LLC	JSC Telephone Company Sotcom (AS34467)	1
YANDEX LLC	Contabo GmbH (AS51167)	1
veridyen.com	Veridyen Bilisim Teknolojileri Sanayi ve Ticaret Limited Sirketi (AS209853)	3
vt.kg	Asiainfo Te (AS8511)	1
president-palace.kg	Asiainfo Te (AS8511)	1
biff.kg	Asiainfo Te (AS8511)	1
akiykat.kg	Optima Telecom Ltd. (AS39819)	1
csrl.kg	Asiainfo Te (AS8511)	1
1gb.ru	JSC RTComm.RU (AS8342)	1
zharatman-kassa.kg	Skynet Telecom, LLC (AS207369)	1
lpmtr.net	It-grad Too (AS212189)	2
switi.kg	Asiainfo Te (AS8511)	1
xc-ns.de	Sprinthost.ru LLC (AS35278)	1
sputniknews.com	Hoster kg, Ltd. (AS59684)	1
timeweb.org	AKNET Ltd. (AS12764)	1
mtg.kg	Asiainfo Te (AS8511)	1
CLOUDFLARENET	OVH SAS (AS16276)	2
leica-geosystems.kg	Asiainfo Te (AS8511)	1
nic.ru	JSC Mediasoft ekspert (AS48347)	1
ns35.de	SpaceNet AG (AS5539)	1
finul.kg	Hoster kg, Ltd. (AS59684)	1
apiu.kg	Asiainfo Te (AS8511)	1
intelmed.kg	Mega-Line Ltd. (AS41750)	1
CLOUDFLARENET	Ak Bulut Soft LLC (AS51898)	2
aiwory.kg	Asiainfo Te (AS8511)	1
lite-host.in	OVH SAS (AS16276)	1
hostkey.com	Hostkey B.v. (AS57043)	1
maccaferri.kg	Asiainfo Te (AS8511)	1
ep.kg	Asiainfo Te (AS8511)	1
akuma.org	PONYNET (AS53667)	1
sensis.pro	JSC Selectel (AS49505)	1
digiway.kg	RETN Limited (AS9002)	1
obank.kg	NUR Telecom LLC (AS47237)	1
mastertel.ru	Synergy University (AS35387)	1
LLC masterhost	TimeWeb LLC (AS9123)	2
Optima Telecom Ltd.	Cloud Services Kazakhstan LLP (AS208795)	1
knp.kg	Asiainfo Te (AS8511)	1
LLC Smart Ape	SmartApe OU (AS62212)	1
megagroup.ru	IPLUS LLC (AS43060)	1
globus-tour.kg	NLS Kazakhstan LLC (AS200590)	1
herz-armaturen.kg	Asiainfo Te (AS8511)	1
megapolis.kg	Asiainfo Te (AS8511)	1
argument.kg	NLS Kazakhstan LLC (AS200590)	1
awsdns-16.com	Rostelecom (AS12389)	1
verisigndns.com	CLT-NIC (AS10515)	1
ecomade.kg	Ddos-guard Ltd (AS57724)	1
Akamai International B.V.	CSC (AS19574)	1
rsk.kg	Eldik Bank OJSC (AS41271)	1
MICROSOFT-CORP-MSN-AS-BLOCK	Beget LLC (AS198610)	1
gsho.kg	Asiainfo Te (AS8511)	1
renault.fr	Hoster kg, Ltd. (AS59684)	1
Asiainfo Te	Kyrgyz research and education network association (AS197119)	1
SECURITYSERVICES	Telia Company AB (AS3308)	1
awsdns-02.com	DIGITALOCEAN-ASN (AS14061)	1
investor.kg	Asiainfo Te (AS8511)	1
34.82	Alibaba US Technology Co., Ltd. (AS45102)	1
cbsbox.ru	Tilda Publishing Ltd. (AS205282)	1
bearingpoint.com	MICROSOFT-CORP-MSN-AS-BLOCK (AS8075)	1
itrade.kg	Asiainfo Te (AS8511)	1
ewf.kg	SERTEX SIA (AS64421)	1
xxsl.org	Alice Cat Research Ltd (AS210025)	1
it.kg	Kyrgyz research and education network association (AS197119)	1
awsdns-16.com	Asiainfo Te (AS8511)	1
CLOUDFLARENET	First Ukrainian Internet Registrar LLC (AS41550)	1
Asiainfo Te	Atak Domain Bilgi Teknolojileri A.S. (AS211401)	1
shoro.kg	SHORO CJSC (AS39036)	1
hoster.kz	DIGITALOCEAN-ASN (AS14061)	1
zoneedit.com	AKNET Ltd. (AS12764)	1
oknagrad.kg	NLS Kazakhstan LLC (AS200590)	1
Host Europe GmbH	Host Europe GmbH (AS34011)	2
CLOUDFLARENET	Regional payment sistems LLC. (AS56988)	3
CLOUDFLARENET	OOO Suntel (AS31430)	1
emdr.kg	Ddos-guard Ltd (AS57724)	1
netflix.net	AMAZON-02 (AS16509)	1
afraid.org	Team Blue Carrier Limited (AS29550)	1
inhostedns.com	Hosting Ukraine LTD (AS200000)	3
tmd.cloud	SINGLEHOP-LLC (AS32475)	1
Optima Telecom Ltd.	PS Internet Company LLP (AS48716)	1
MICROSOFT-CORP-MSN-AS-BLOCK	Bezeq International Ltd. (AS8551)	1
stellagroup.kg	Asiainfo Te (AS8511)	1
mediatemple.net	GO-DADDY-COM-LLC (AS400754)	1
metallprofil.ru	HLL LLC (AS51115)	1
Optima Telecom Ltd.	FASTLY (AS54113)	1
gta.kg	Asiainfo Te (AS8511)	1
awsdns-23.net	AMAZON-02 (AS16509)	2
CLOUDFLARENET	TimeWeb LLC (AS9123)	4
inmotionhosting.com	INMOTION (AS22611)	1
markmonitor.com	MICROSOFT-CORP-MSN-AS-BLOCK (AS8075)	1
yandexcloud.net	Hetzner Online GmbH (AS24940)	1
g1e.ru	G1 Entertainment LLC (AS204112)	1
avest.kg	NLS Kazakhstan LLC (AS200590)	1
sprinthost.net	AMAZON-02 (AS16509)	1
rodexpower.kg	Asiainfo Te (AS8511)	1
yandexcloud.net	YANDEX LLC (AS13238)	1
nic.ru	Domain names registrar REG.RU, Ltd (AS197695)	2
creativewomen.kg	Asiainfo Te (AS8511)	1
krm.kg	Hoster kg, Ltd. (AS59684)	1
co.uk	OVH SAS (AS16276)	1
asiaes.kg	Asiainfo Te (AS8511)	1
spamreflect.ru	Akamai Connected Cloud (AS63949)	1
svvz.kg	Asiainfo Te (AS8511)	1
roadexport.kg	Asiainfo Te (AS8511)	1
CLOUDFLARENET	Telezon-Seti LLC (AS34858)	2
rackcorp.com	RackCorp (AS56038)	2
JSC Selectel	JSC IOT (AS29182)	1
Hoster kg, Ltd.	Hostinger International Limited (AS47583)	1
YANDEX LLC	Saimanet Telecomunications CJSC (AS29061)	1
Host Europe GmbH	AMAZON-02 (AS16509)	2
yahoo.com	AMAZON-02 (AS16509)	1
cloudns.net	TimeWeb LLC (AS9123)	1
NSONE	Hetzner Online GmbH (AS24940)	1
futuresouls.com	Hetzner Online GmbH (AS24940)	1
auca.kg	DIGITALOCEAN-ASN (AS14061)	1
grundfos.com	Grundfos Holding A/s (AS31131)	1
Hoster kg, Ltd.	JSC Kazakhtelecom (AS9198)	1
Internet-Pro LLC	JSC Selectel (AS50340)	1
lincore.kz	Tilda Publishing Ltd. (AS205282)	1
simbocloud.com	Teknosos Bilisim Hizmetleri Ve Tic. Ltd. Sti. (AS207459)	1
ns14.net	Telekom Deutschland GmbH (AS48951)	1
Beget LLC	Hetzner Online GmbH (AS24940)	2
sprinthost.net	AMAZON-AES (AS14618)	1
pq.hosting	Pq Hosting Plus S.r.l. (AS44477)	1
UNIFIEDLAYER-AS-1	RENDER (AS397273)	1
marker.kg	Asiainfo Te (AS8511)	1
azimuthotels.ru	Icewood LLC (AS201119)	1
linode.com	NSP LLC (AS213173)	2
cyon.ch	Hetzner Online GmbH (AS24940)	1
orbitron.kg	Asiainfo Te (AS8511)	1
Akamai International B.V.	Icewood LLC (AS201119)	1
xado.com	Hetzner Online GmbH (AS24940)	1
dns1.de	Key-Systems GmbH (AS13246)	2
tatarlar.kg	Asiainfo Te (AS8511)	1
sf.kg	AKNET Ltd. (AS12764)	2
NUCDN	Team Internet AG (AS61969)	2
stenders.lv	Hetzner Online GmbH (AS24940)	1
kyrgyzloto.kg	Cjsc telecommunications Company dun (AS48271)	1
kortes.kg	Ddos-guard Ltd (AS57724)	1
dekalaser.kg	Asiainfo Te (AS8511)	1
medsupport.kg	Asiainfo Te (AS8511)	1
awsdns-14.com	AMAZON-02 (AS16509)	1
CLOUDFLARENET	velia.net Internetdienste GmbH (AS29066)	2
manitu.net	manitu GmbH (AS34240)	2
fozzy.com	DIGITALOCEAN-ASN (AS14061)	1
Mega-Line Ltd.	Belcloud LTD (AS44901)	1
CLOUDFLARENET	Saimanet Telecomunications CJSC (AS29061)	2
richmondschool.kg	Asiainfo Te (AS8511)	1
nic.ru	Sprinthost.ru LLC (AS35278)	1
gksmdns.com	LLC VK (AS47764)	2
Beget LLC	Partner Hosting LTD (AS215826)	2
CLOUDFLARENET	Skycloud Computing co., Ltd. (AS7483)	1
oknarosta.kg	Asiainfo Te (AS8511)	1
cloudns.net	Hetzner Online GmbH (AS24940)	3
tradecosmetics.kg	Asiainfo Te (AS8511)	1
dataforce.net	CJSC DataForce IP (AS8515)	1
anura.kg	Asiainfo Te (AS8511)	1
LLC VK	JSC Selectel (AS49505)	1
IONOS SE	Hetzner Online GmbH (AS24940)	1
awsdns-10.net	AMAZON-02 (AS16509)	1
ns14.net	AMAZON-02 (AS16509)	2
LLC masterhost	Asiainfo Te (AS8511)	1
rehau.com	REHAU Industries SE & Co. KG (AS204138)	1
ctechnology.kg	ORACLE-BMC-31898 (AS31898)	1
CLOUDFLARENET	Consumer Internet Cooperative PG-19 (AS60246)	1
registrar-servers.com	Hetzner Online GmbH (AS24940)	1
CLOUDFLARENET	JSC Kazakhtelecom (AS9198)	1
dnshost.net	GleSYS AB (AS42708)	2
volkswagen.de	Volkswagen AG (AS206618)	2
vlata.kg	Asiainfo Te (AS8511)	1
namesrv.ch	dogado GmbH (AS8648)	1
gen.kg	Asiainfo Te (AS8511)	1
Host Europe GmbH	GO-DADDY-COM-LLC (AS398101)	1
hostiman.ru	JSC Selectel (AS50340)	2
Asiainfo Te	Aeza International Ltd (AS210644)	1
sam.kg	Scalaxy B.V. (AS58061)	1
kdvm.ru	LLC KDV Grupp (AS62382)	1
kglive.kg	OVH SAS (AS16276)	1
CLOUDFLARENET	PJSC MegaFon (AS20632)	1
proend.uz	Best Internet Solution Xk (AS35682)	1
awsdns-09.org	Yandex.Cloud LLC (AS200350)	1
akashield.net	Akamai International B.V. (AS20940)	1
airline.kg	ElCat Ltd. (AS8449)	1
dnsimple.com	DIGITALOCEAN-ASN (AS14061)	1
central-asia.kg	Asiainfo Te (AS8511)	1
truedomain.info	TimeWeb LLC (AS9123)	1
Asiainfo Te	Mega-Line Ltd. (AS41750)	2
osteopat.kg	HVC-AS (AS29802)	1
LDSCHURCH1	GENSOCIETYUTAH (AS33397)	1
truedomain.info	Mega-Line Ltd. (AS41750)	1
Akamai International B.V.	Akamai International B.V. (AS20940)	1
safepay.kg	Ddos-guard Ltd (AS57724)	1
markmonitor.com	HILTON-E (AS26529)	2
123ns.de	'ingenit GmbH & Co. KG' (AS57376)	1
hunter.kg	Asiainfo Te (AS8511)	1
anm.kg	NLS Kazakhstan LLC (AS200590)	1
awsdns-15.com	AMAZON-02 (AS16509)	1
ednsglobal.net	UUNET (AS702)	1
CLOUDFLARENET	Domain names registrar REG.RU, Ltd (AS197695)	2
medik.kg	BitWeb LLC (AS57271)	1
a2hosting.com	A2HOSTING (AS55293)	1
YANDEX LLC	JSC IOT (AS29182)	2
ns14.net	Host Europe GmbH (AS8972)	1
medmarket.kg	Asiainfo Te (AS8511)	1
cloudns.net	Domain names registrar REG.RU, Ltd (AS197695)	2
capitalbank.kg	AKNET Ltd. (AS12764)	1
iptwins.com	Yandex.Cloud LLC (AS200350)	1
phpwebhosting.com	SINGLEHOP-LLC (AS32475)	1
iskyhost.net	EQU Technologies LLP (AS42447)	1
klaus.kg	Asiainfo Te (AS8511)	1
hdf.kg	Asiainfo Te (AS8511)	1
wavemusic.kg	Asiainfo Te (AS8511)	1
amzndns.com	AMAZON-02 (AS16509)	1
impost.kg	RECONN LLC (AS12722)	1
CLOUDFLARENET	Cloudflare London, LLC (AS209242)	3
vorota.kg	Asiainfo Te (AS8511)	1
water-climate.kg	Mega-Line Ltd. (AS41750)	1
Asiainfo Te	Transfer Ltd (AS25035)	1
plusserver.com	PlusServer GmbH (AS61157)	1
awsdns-36.org	Hetzner Online GmbH (AS24940)	1
baitushum.kg	Ojsc Bank Bai-tushum (AS56464)	1
OVH SAS	MBL International East Computerland-Kiev Ltd (AS200049)	1
facebook.com	FACEBOOK (AS32934)	1
iiko-systems.com	Ddos-guard Ltd (AS57724)	1
oshsu.kg	Kyrgyz research and education network association (AS197119)	1
register.it	LLP Kompaniya Hoster.KZ (AS202958)	1
directway.kg	Asiainfo Te (AS8511)	1
Hoster kg, Ltd.	WEEBLY (AS27647)	1
nic.ru	Onlanta Ltd. (AS56631)	1
ihordns.net	First Server Limited (AS50113)	1
deflagyn.kg	Asiainfo Te (AS8511)	1
rightsdns.com	MICROSOFT-CORP-MSN-AS-BLOCK (AS8075)	1
clo.ru	JSC IOT (AS29182)	1
timeweb.org	PS Internet Company LLP (AS48716)	4
arabaev.kg	OJSC Kyrgyztelecom (AS12997)	1
Beget LLC	Hoster kg, Ltd. (AS59684)	2
eastman.com	AMAZON-02 (AS16509)	1
ishker.kg	Asiainfo Te (AS8511)	1
LLC VK	AKNET Ltd. (AS12764)	2
tentek.kg	Asiainfo Te (AS8511)	1
orglit.kg	Asiainfo Te (AS8511)	1
shneider-host.ru	Serverius Holding B.V. (AS50673)	2
sael.kg	ElCat Ltd. (AS8449)	1
CLOUDFLARENET	FastNet Ltd. (AS47782)	2
ElCat Ltd.	Hoster kg, Ltd. (AS59684)	1
CLOUDFLARENET	Dgn Teknoloji A.s. (AS43260)	1
webspace.uz	Inform-Service TV Ltd. (AS57016)	1
Akamai International B.V.	Marubeni OKI Network Solutions Inc. (AS4677)	1
jubi.kg	Hoster kg, Ltd. (AS59684)	1
SECURITYSERVICES	Sprinthost.ru LLC (AS35278)	1
nic.ru	JSC Avantel (AS25227)	2
trouble-free.net	IS-AS-1 (AS19318)	1
rumex.ru	AIRNET llc (AS212860)	1
bodis.com	AMAZON-02 (AS16509)	1
1c.ru	AMAZON-02 (AS16509)	1
tandoo.kg	Hoster kg, Ltd. (AS59684)	1
nska.net	Hetzner Online GmbH (AS24940)	1
tenir.kg	Asiainfo Te (AS8511)	1
eltaoexpress.kg	Contabo GmbH (AS51167)	1
Asiainfo Te	GOOGLE (AS15169)	2
logipay.kg	Asiainfo Te (AS8511)	1
EuroByte LLC	Seti Weba Ltd (AS196750)	1
amalgroup.kg	Asiainfo Te (AS8511)	1
dynu.com	Asiainfo Te (AS8511)	1
boydakholding.net	Erciyes Anadolu Holding A.s. (AS51703)	1
LLC VK	JSC IOT (AS29182)	4
CLOUDFLARENET	Individual Entrepreneur Suvorov Maxim Sergeevich (AS213780)	2
optmk.kg	Asiainfo Te (AS8511)	1
awsdns-02.net	WBD-AS40703 (AS40703)	1
linux.kg	SHORO CJSC (AS39036)	1
unknown	I-servers Ltd (AS209641)	1
Asiainfo Te	MICROSOFT-CORP-MSN-AS-BLOCK (AS8075)	1
Host Europe GmbH	Host Europe GmbH (AS8972)	1
bazzone.kg	Seflow s.r.l. (AS49367)	1
timeweb.org	Hoster kg, Ltd. (AS59684)	1
Hoster kg, Ltd.	Beget LLC (AS198610)	2
portsdns.net	FASTLY (AS54113)	1
osgo.kg	Asiainfo Te (AS8511)	1
dominiando.asia	Register S.p.A. (AS39729)	1
southinstrument.kg	Asiainfo Te (AS8511)	1
megatips.kg	Ddos-guard Ltd (AS57724)	1
reg.ru	JSC Selectel (AS49505)	1
tinvest.kg	Asiainfo Te (AS8511)	1
kyrgyzpost.kg	Mega-Line Ltd. (AS41750)	1
Beget LLC	ESTRUXTURE-QC-10929 (AS10929)	1
goldenhouse.kg	Ddos-guard Ltd (AS57724)	1
domain.tld	Individual Entrepreneur Anton Levin (AS50053)	1
Asiainfo Te	Yandex.Cloud LLC (AS200350)	3
Hoster kg, Ltd.	KKM IT Limited (AS60922)	2
GOOGLE	GOOGLE-CLOUD-PLATFORM (AS396982)	1
wfolio.com	Haicom Limited (AS48988)	1
iz.kg	Asiainfo Te (AS8511)	1
sertex.eu	SERTEX SIA (AS64421)	1
OVH SAS	UNIFIEDLAYER-AS-1 (AS46606)	1
jimdo-server.com	Hetzner Online GmbH (AS24940)	1
dnsrun.com	DMIT (AS906)	1
mirpack.ru	JSC Selectel (AS49505)	1
YANDEX LLC	Beget LLC (AS198610)	1
tenaya.kg	Ddos-guard Ltd (AS57724)	1
eliteglass.kg	NLS Kazakhstan LLC (AS200590)	1
airport.kg	AKNET Ltd. (AS12764)	1
EuroByte LLC	Domain names registrar REG.RU, Ltd (AS197695)	1
globalgroupcompany.kg	Asiainfo Te (AS8511)	1
domainoffensive.de	Hetzner Online GmbH (AS24940)	2
MICROSOFT-CORP-MSN-AS-BLOCK	KYN-GTS (AS14904)	1
asia-rehab.kg	Asiainfo Te (AS8511)	1
cloudns.net	RENDER (AS397273)	1
funai-air.kg	Asiainfo Te (AS8511)	1
cloudns.net	Cjsc telecommunications Company dun (AS48271)	1
YANDEX LLC	LLC Digital Network (AS12695)	1
awsdns-04.net	AMAZON-02 (AS16509)	1
bbu.kg	Asiainfo Te (AS8511)	1
mex.kg	Optima Telecom Ltd. (AS39819)	1
eh.kg	Ddos-guard Ltd (AS57724)	1
awsdns-03.net	Melbikomas UAB (AS44571)	1
nic.ru	Servicepipe LLC (AS201706)	3
CLOUDFLARENET	RackCorp (AS56038)	1
hostex.lt	Telia Lietuva, AB (AS43811)	2
defaultserver.net	LEVELONESERVERS (AS398395)	2
silk-way.kg	Asiainfo Te (AS8511)	1
CLOUDFLARENET	ZONER a.s. (AS34222)	1
tmr.kg	Hetzner Online GmbH (AS24940)	1
3m.com	AMAZON-02 (AS16509)	2
kyrgyzjer.kg	Asiainfo Te (AS8511)	1
LLC Smart Ape	Tilda Publishing Ltd. (AS205282)	1
muzpan.com	CLOUDFLARENET (AS13335)	1
Cjsc telecommunications Company dun	OJSC Kyrgyztelecom (AS12997)	1
handyhost.ru	JSC Selectel (AS49505)	1
Host Europe GmbH	LLP Kompaniya Hoster.KZ (AS207333)	1
gksmdns.com	Ddos-guard Ltd (AS57724)	1
atc.kg	Asiainfo Te (AS8511)	1
elib.kg	Saimanet Telecomunications CJSC (AS29061)	1
agrotech.kg	Asiainfo Te (AS8511)	1
nashsad.kg	Asiainfo Te (AS8511)	1
heli-ski.kg	Strato GmbH (AS6724)	1
npravo.kg	Asiainfo Te (AS8511)	1
tobtrade.kg	Asiainfo Te (AS8511)	1
rlclb.net	Sprinthost.ru LLC (AS35278)	1
citynet.kg	Cjsc telecommunications Company dun (AS48271)	1
GOOGLE	LLP Kompaniya Hoster.KZ (AS207333)	1
IONOS SE	AMAZON-02 (AS16509)	1
CLOUDFLARENET	Net-Build GmbH (AS38927)	1
OVH SAS	TOV 'Dream Line Holding' (AS42352)	1
forwarder.kg	Asiainfo Te (AS8511)	1
CLOUDFLARENET	CHINA UNICOM China169 Backbone (AS4837)	1
ke.kg	Asiainfo Te (AS8511)	1
ewi.kg	Asiainfo Te (AS8511)	1
arzu.kg	Ddos-guard Ltd (AS57724)	1
adra.kg	Asiainfo Te (AS8511)	1
anavg.kg	Asiainfo Te (AS8511)	1
mebel.kg	NLS Kazakhstan LLC (AS200590)	1
tekche.kg	Asiainfo Te (AS8511)	1
CLOUDFLARENET	ORACLE-BMC-31898 (AS31898)	1
awsdns-18.net	AMAZON-02 (AS16509)	1
atlastransfer.kg	NLS Kazakhstan LLC (AS200590)	1
wildberries.ru	LLC Wildberries (AS57073)	1
awsdns-25.net	AMAZON-02 (AS16509)	2
hackerone.com	CLOUDFLARENET (AS13335)	1
baraka-energy.kg	Ddos-guard Ltd (AS57724)	1
macroinvest.kg	Ddos-guard Ltd (AS57724)	1
auditproof.kg	Asiainfo Te (AS8511)	1
com.tr	Hetzner Online GmbH (AS24940)	1
murap.kg	Contabo GmbH (AS51167)	1
sprinter.kg	Asiainfo Te (AS8511)	1
swisscenter.com	Openbusiness S.A. (AS49457)	1
cloudns.net	NForce Entertainment B.V. (AS43350)	1
netline.kg	IPNET OOO (AS61010)	1
kif.kg	Kyrgyz research and education network association (AS197119)	1
Asiainfo Te	RENDER (AS397273)	2
Asiainfo Te	Infomaniak Network SA (AS29222)	1
SkyExchange Internet Access	CLOUDFLARENET (AS13335)	1
dosmed.kg	Asiainfo Te (AS8511)	1
awsdns-11.net	Hoster kg, Ltd. (AS59684)	1
CLOUDFLARENET	SIA Tet (AS12578)	2
YANDEX LLC	JSC Selectel (AS50340)	2
YANDEX LLC	LEAPSWITCH NETWORKS PRIVATE LIMITED (AS132335)	1
galleryvalery.com	CityLanCom LTD (AS204076)	1
binar777.net	Arvid Logicum OU (AS202376)	1
cadastre.kg	OJSC Kyrgyztelecom (AS12997)	1
LLC VK	Domain names registrar REG.RU, Ltd (AS197695)	1
bim.kg	Asiainfo Te (AS8511)	1
CLOUDFLARENET	AS-VULTR (AS20473)	1
fincabank.kg	CLOUDFLARENET (AS13335)	1
storeland.ru	LLC Digital Network (AS12695)	1
tbi.kg	Asiainfo Te (AS8511)	1
imo.hu	Hoster kg, Ltd. (AS59684)	1
1cloud.ru	GOOGLE (AS15169)	1
hostia.name	Hetzner Online GmbH (AS24940)	2
hostpoint.ch	AMAZON-02 (AS16509)	1
airnet.uz	AIRNET llc (AS212860)	1
alawar.com	Hetzner Online GmbH (AS24940)	1
ps.kz	Tilda Publishing Ltd. (AS205282)	1
alliance.kg	Ddos-guard Ltd (AS57724)	1
awsdns-20.net	AMAZON-02 (AS16509)	1
Hoster kg, Ltd.	Inform Communications Ltd. (AS42581)	1
nic.ru	SpaceWeb Ltd (AS44112)	1
robohost.org	Leaseweb Deutschland GmbH (AS28753)	1
CLOUDFLARENET	LLC Baxet (AS51659)	1
gantek.com	Cizgi Telekomunikasyon Anonim Sirketi (AS42807)	1
magichouse.cz	VSHosting s.r.o. (AS43541)	1
org.tr	Turkiye Kizilay Dernegi (AS204912)	1
bas.kg	Asiainfo Te (AS8511)	1
mm-com.de	Deutsche Telekom AG (AS3320)	1
alfastandart.kg	Ddos-guard Ltd (AS57724)	1
nexen.kg	Asiainfo Te (AS8511)	1
bunny.net	M247 Europe SRL (AS9009)	1
1und1.de	23M GmbH (AS47447)	1
firstbytedns.net	First Server Limited (AS50113)	1
cybertech.kg	Asiainfo Te (AS8511)	1
nic.ru	JSC Selectel (AS50340)	1
gcd-dns.com	AMAZON-02 (AS16509)	1
parohod.kg	Scalaxy B.V. (AS58061)	1
21vek.kg	NLS Kazakhstan LLC (AS200590)	1
shneider-host.ru	NETH LTD (AS198362)	1
maxnet.kg	Ddos-guard Ltd (AS57724)	1
CLOUDFLARENET	NLS Kazakhstan LLC (AS200590)	1
GOOGLE	Interbank Processing centre CJSC (AS41409)	1
diyar.kg	Hoster kg, Ltd. (AS59684)	1
awsdns-15.net	AMAZON-02 (AS16509)	1
nsi.kg	Asiainfo Te (AS8511)	1
akka.kg	Asiainfo Te (AS8511)	1
GOOGLE	GOOGLE (AS15169)	1
artel.kg	Asiainfo Te (AS8511)	1
gransy.com	GOOGLE-CLOUD-PLATFORM (AS396982)	1
konka.kg	Asiainfo Te (AS8511)	1
LLC VK	Beget LLC (AS198610)	1
LLC VK	PS Internet Company LLP (AS48716)	1
CLOUDFLARENET	HVC-AS (AS29802)	1
volvo.com	Volvo Information Technology AB (AS25252)	1
fozzy.com	JSC Kazteleport - subsidiary of Halyk Bank of Kazakhstan (AS51162)	1
192.213	ElCat Ltd. (AS8449)	1
JSC Selectel	Haicom Limited (AS48988)	2
CLOUDFLARENET	Privet, Internet LLC (AS48389)	1
sodes.net	Hetzner Online GmbH (AS24940)	1
LLC VK	First Server Limited (AS204997)	1
kgma.kg	Hoster kg, Ltd. (AS59684)	1
awsdns-09.org	JSC Center of Financial Technologies (AS8848)	1
justhost.com	UNIFIEDLAYER-AS-1 (AS46606)	1
bms.kg	Asiainfo Te (AS8511)	1
lfstrm.tv	Alfa Telecom CJSC (AS50223)	1
CLOUDFLARENET	JSC Kazteleport - subsidiary of Halyk Bank of Kazakhstan (AS51162)	1
yandexcloud.net	Ddos-guard Ltd (AS57724)	1
pinspb.ru	Petersburg Internet Network ltd. (AS34665)	1
awsdns-42.net	AMAZON-02 (AS16509)	1
vajrock.ru	First Server Limited (AS204997)	1
mitwork.kg	ALFA TELECOM s.r.o. (AS44546)	1
siteground.net	GOOGLE-CLOUD-PLATFORM (AS396982)	1
SECURITYSERVICES	AMAZON-02 (AS16509)	1
awsdns-09.com	AMAZON-02 (AS16509)	1
logitech.com	AMAZON-02 (AS16509)	1
bighard.kg	Asiainfo Te (AS8511)	1
travelinsurance.kg	AKNET Ltd. (AS12764)	1
defaultserver.net	Servers Tech Fzco (AS216071)	1
JSC Selectel	Yandex.Cloud LLC (AS200350)	1
co.kr	LG DACOM Corporation (AS3786)	1
climate.kg	Asiainfo Te (AS8511)	1
legprom.kg	Asiainfo Te (AS8511)	1
Host Europe GmbH	JSC Transtelecom (AS41798)	1
nbkr.kg	The National Bank of the Kyrgyz Republic (AS207250)	1
SECURITYSERVICES	CENTURYLINK-LEGACY-SAVVIS (AS3561)	1
CLOUDFLARENET	SpaceWeb Ltd (AS44112)	1
hostajans.com	Onur Ekren (AS203576)	1
pisa.kg	NSP LLC (AS213173)	1
datakat.net	LLC Smart Ape (AS56694)	1
mirex.kg	JSC Selectel (AS49505)	1
youthfirstconcern.kg	Asiainfo Te (AS8511)	1
doorhan.com	TimeWeb LLC (AS9123)	1
atakdomain.com	Radore Veri Merkezi Hizmetleri A.S. (AS42926)	1
awsdns-07.com	AMAZON-02 (AS16509)	1
fcomet.com	Akamai Connected Cloud (AS63949)	1
medustat.kg	Asiainfo Te (AS8511)	1
Asiainfo Te	Petersburg Internet Network ltd. (AS34665)	1
mirohost.net	Internet Invest, Ltd. (AS25393)	2
fakirhausgerate.com	IHS Kurumsal Teknoloji Hizmetleri A.S (AS49126)	1
evoletpharma.com	UNIFIEDLAYER-AS-1 (AS46606)	1
bitwebdns.net	Hoster kg, Ltd. (AS59684)	1
asiafactoring.kg	SERTEX SIA (AS64421)	1
ps.kz	DIGITALOCEAN-ASN (AS14061)	1
mvd.kg	AKNET Ltd. (AS12764)	1
Hoster kg, Ltd.	Cjsc telecommunications Company dun (AS48271)	1
isito.kg	Kyrgyz research and education network association (AS197119)	1
MICROSOFT-CORP-MSN-AS-BLOCK	Telia Cygate Oy (AS51188)	1
ahost.uz	UZSCINET (AS31492)	1
mgmotor.kg	TimeWeb LLC (AS9123)	1
YANDEX LLC	JSC Transtelecom (AS41798)	1
kv.kg	Asiainfo Te (AS8511)	1
awsdns-25.org	AMAZON-02 (AS16509)	1
efc.kz	PS Internet Company LLP (AS48716)	1
biblesocieties.org	ASN-GIGENET (AS32181)	1
timeweb.org	Hostinger International Limited (AS47583)	1
awsdns-22.net	AMAZON-02 (AS16509)	1
demirbank.kg	ORACLE-BMC-31898 (AS31898)	1
tat.kg	Hoster kg, Ltd. (AS59684)	1
nic.ru	LLC Gazpromneft ITO (AS202070)	1
14.2	Mega-Line Ltd. (AS41750)	1
aifusion.kg	Asiainfo Te (AS8511)	1
markmonitor.com	ASHLANDFIBERNETWORK (AS14188)	1
galleryvalery.com	Scalaxy B.V. (AS58061)	1
mysecurecloudhost.com	WHG Hosting Services Ltd (AS36454)	1
domaintechnik.at	GrECo International Holding AG (AS31702)	1
geo.kg	Asiainfo Te (AS8511)	1
sushivesla.kg	Asiainfo Te (AS8511)	1
orlovka.kg	Asiainfo Te (AS8511)	1
kgrk.kg	Asiainfo Te (AS8511)	1
Mega-Line Ltd.	NLS Kazakhstan LLC (AS200590)	1
hivtest.kg	Asiainfo Te (AS8511)	1
utrk.kg	OJSC Kyrgyztelecom (AS12997)	1
YANDEX LLC	AMAZON-AES (AS14618)	1
CLOUDFLARENET	Kyrgyz Investment and Credit Bank CJSC (AS59430)	1
GOOGLE	ElCat Ltd. (AS8449)	1
awsdns-08.net	JSC Selectel (AS49505)	1
Hoster kg, Ltd.	Tilda Publishing Ltd. (AS205282)	2
grillcenter.kg	Scaleway S.a.s. (AS12876)	1
markmonitor.com	LLP Kompaniya Hoster.KZ (AS207333)	1
SkyExchange Internet Access	ElCat Ltd. (AS8449)	1
molot.eu	CityLanCom LTD (AS204076)	1
mbf.kg	ElCat Ltd. (AS8449)	1
beautyexpo.kg	Ddos-guard Ltd (AS57724)	1
CLOUDFLARENET	Wix.com Ltd. (AS58182)	1
unitodi.kg	Optima Telecom Ltd. (AS39819)	1
Beget LLC	JSC IOT (AS29182)	1
mrf.kg	JSC IOT (AS29182)	1
maxiplace.ru	Maxiplace Ltd. (AS50516)	1
timeweb.org	PE Fedinyak Sergey Vyacheslavovich (AS203087)	1
pnholding.com	TimeWeb LLC (AS9123)	1
andalus.kg	Yandex.Cloud LLC (AS200350)	1
eurobyte.ru	EuroByte LLC (AS210079)	1
serverspace.ru	FASTLY (AS54113)	1
dns-root.org	P.a.g.m. Ou (AS198068)	1
YANDEX LLC	Maxiplace Ltd. (AS50516)	1
YANDEX LLC	ElCat Ltd. (AS8449)	2
eaeu.kg	Asiainfo Te (AS8511)	1
monopost.com	Greysom Limited (AS12678)	1
Hosting Ltd	Network Kazakhstan LLC (AS59583)	1
tajik-gateway.org	OVH SAS (AS16276)	1
molecula.kg	Tilda Publishing Ltd. (AS205282)	1
fundtourism.kg	QUAD9-AS-1 (AS19281)	1
boat.kg	Asiainfo Te (AS8511)	1
awsdns-30.org	AMAZON-02 (AS16509)	1
oray.net	Alibaba US Technology Co., Ltd. (AS45102)	1
Asiainfo Te	LLC masterhost (AS25532)	1
awsdns-11.net	AMAZON-02 (AS16509)	1
globalis.kg	Asiainfo Te (AS8511)	1
cloudns.net	FastNet Ltd. (AS47782)	1
nic.ru	JSC IOT (AS29182)	1
darulifta.kg	Asiainfo Te (AS8511)	1
runex.kg	Asiainfo Te (AS8511)	1
policarbonat.kg	NLS Kazakhstan LLC (AS200590)	1
amanatexpress.kg	Contabo GmbH (AS51167)	1
reg.ru	Jsc ru-center (AS39494)	1
energoline.kg	Asiainfo Te (AS8511)	1
AKNET Ltd.	JSC Selectel (AS50340)	1
158.151	JSC Selectel (AS49505)	1
awsdns-23.net	GOOGLE-CLOUD-PLATFORM (AS396982)	1
SECURITYSERVICES	Optimizely AB (AS30811)	1
aquabest.kg	Asiainfo Te (AS8511)	1
messagingengine.com	Fastmail Pty Ltd (AS151847)	1
getcourse.ru	HLL LLC (AS51115)	1
Hetzner Online GmbH	AMAZON-02 (AS16509)	2
MICROSOFT-CORP-MSN-AS-BLOCK	Akenes SA (AS61098)	1
scout.kg	Hetzner Online GmbH (AS24940)	1
dnsexit.com	JSC Kazakhtelecom (AS50482)	1
timeweb.org	Megagroup.ru LLC (AS60357)	1
energostar.kg	Asiainfo Te (AS8511)	1
hostpoint.ch	Hostpoint AG (AS29097)	1
dogado.de	dogado GmbH (AS45012)	1
oes.kg	Asiainfo Te (AS8511)	1
CLOUDFLARENET	Hot-Net internet services Ltd. (AS12849)	1
registrar-servers.com	DIGITALOCEAN-ASN (AS14061)	1
Hoster kg, Ltd.	Aspan telecom (AS8720)	1
tectomec.ru	JSC IOT (AS29182)	1
beautypeak.kg	Asiainfo Te (AS8511)	1
tata.kg	Contabo GmbH (AS51167)	1
Hetzner Online GmbH	JSC Selectel (AS49505)	1
atlasgroup.kg	Asiainfo Te (AS8511)	1
webmail.kg	Asiainfo Te (AS8511)	1
home.pl	Netia SA (AS12741)	1
edgedns.ru	Servicepipe LLC (AS201706)	1
agro-expertise.kg	Asiainfo Te (AS8511)	1
cnet.kz	Vodafone Net Iletisim Hizmetler AS (AS15924)	1
carmarket.kg	Asiainfo Te (AS8511)	1
thefixers.kg	TimeWeb LLC (AS9123)	1
domain.tld	JSC IOT (AS29182)	1
frp.kg	Asiainfo Te (AS8511)	1
amato.kg	Asiainfo Te (AS8511)	1
Beget LLC	Cjsc telecommunications Company dun (AS48271)	1
medexsolutions.kg	Asiainfo Te (AS8511)	1
drom.ru	Tendence LLC (AS214881)	1
NSP LLC	Tilda Publishing Ltd. (AS205282)	1
VITAL-DNS	UUNET (AS701)	1
eventim.de	CTS Eventim Solutions GmbH (AS204253)	2
cloudns.net	Mega-Line Ltd. (AS41750)	1
skamanat.kg	Mega-Line Ltd. (AS41750)	1
Asiainfo Te	UAB Host Baltic (AS209605)	1
develop-wp.com	Arvid Logicum OU (AS202376)	1
greengeeks.net	SINGLEHOP-LLC (AS32475)	1
mydomain.com	INTERNAP-BLOCK-4 (AS14744)	1
avanco.kg	Asiainfo Te (AS8511)	1
pkvesta.kg	Asiainfo Te (AS8511)	1
awsdns-14.net	Hetzner Online GmbH (AS24940)	1
cloud.kg	Asiainfo Te (AS8511)	1
tunduk.kg	OJSC Kyrgyztelecom (AS12997)	1
babyhealth.kg	NLS Kazakhstan LLC (AS200590)	1
wiseit.kg	Asiainfo Te (AS8511)	1
1984.is	Greenhost BV (AS47172)	1
resellerinterface.de	Hetzner Online GmbH (AS24940)	1
Mega-Line Ltd.	Asiainfo Te (AS8511)	1
advantshop.net	Virtual infrastructures Ltd. (AS198770)	2
gts.kg	NUR Telecom LLC (AS47237)	1
markmonitor.zone	CLOUDFLARENET (AS13335)	1
Asiainfo Te	ElCat Ltd. (AS8449)	2
markmonitor.com	GOOGLE-CLOUD-PLATFORM (AS396982)	1
LLC VK	Vichislitelniy Centr Ltd. (AS61276)	1
GOOGLE	PS Internet Company LLP (AS48716)	1
Asiainfo Te	az-evro Tel LLC (AS13099)	1
hotornot.com	Greysom Limited (AS12678)	1
CLOUDFLARENET	Contabo GmbH (AS51167)	2
Hoster kg, Ltd.	Ak Bulut Soft LLC (AS51898)	1
Mega-Line Ltd.	NSP LLC (AS213173)	1
ipr.kg	Asiainfo Te (AS8511)	1
SECURITYSERVICES	Asiainfo Te (AS8511)	1
xx.kg	MULTA-ASN1 (AS35916)	1
knipp.de	Knipp Medien und Kommunikation GmbH (AS8391)	1
fachwerk.kg	Asiainfo Te (AS8511)	1
sultangroup.kg	Asiainfo Te (AS8511)	1
ys.kg	Mega-Line Ltd. (AS41750)	1
333.kg	Skynet Telecom, LLC (AS207369)	1
gik.kg	Asiainfo Te (AS8511)	1
reg.ru	TimeWeb LLC (AS9123)	1
dnseven.com	Hetzner Online GmbH (AS24940)	1
whirlpool.com	LIQUIDWEB (AS32244)	1
wedos.cz	WEDOS Internet, a.s. (AS197019)	1
Safenames Ltd.	Cloudflare London, LLC (AS209242)	1
shaurmaster.kg	Asiainfo Te (AS8511)	1
CLOUDFLARENET	Jsc ru-center (AS39494)	1
SECURITYSERVICES	DXC-AS3360 (AS3360)	1
mydomain.com	Saimanet Telecomunications CJSC (AS29061)	1
impactcapital.kg	SERTEX SIA (AS64421)	1
awsdns-08.org	AMAZON-02 (AS16509)	1
iptwins.com	Enflow B.V. (AS209626)	1
trez.kg	Asiainfo Te (AS8511)	1
megagroup.ru	PS Internet Company LLP (AS48716)	1
ainir.kg	Asiainfo Te (AS8511)	1
cloudns.net	UAB Rakrejus (AS62282)	1
eolas.fr	FASTLY (AS54113)	1
ne.jp	SAKURA Internet Inc. (AS9370)	1
hoster.kz	NLS Kazakhstan LLC (AS200590)	1
u-credit.kg	Asiainfo Te (AS8511)	1
stroypoint.kg	Asiainfo Te (AS8511)	1
Asiainfo Te	JSC Kazakhtelecom (AS9198)	1
blastmaker.kg	Ak Bulut Soft LLC (AS51898)	1
CLOUDFLARENET	Chummy Technology Ltd. (AS152615)	1
eicpa.kg	Beget LLC (AS198610)	1
awsdns-31.org	AKNET Ltd. (AS12764)	1
infinance.kg	Asiainfo Te (AS8511)	1
salus.kg	Contabo GmbH (AS51167)	1
ekstruder.kg	Asiainfo Te (AS8511)	1
alpha.kg	AKNET Ltd. (AS12764)	1
sonkol.kg	Asiainfo Te (AS8511)	1
awsdns-10.org	AMAZON-02 (AS16509)	1
CLOUDFLARENET	AS-COLOCROSSING (AS36352)	1
soil.kg	Asiainfo Te (AS8511)	1
big.kg	Asiainfo Te (AS8511)	1
NSP LLC	SHORO CJSC (AS39036)	1
Optima Telecom Ltd.	NLS Kazakhstan LLC (AS200590)	1
storm-pro.net	Storm Networks LLC (AS43298)	1
torg.kg	ist Telekom Jv LLC (AS39032)	1
alphamedicalclinic.kg	Asiainfo Te (AS8511)	1
electroservice.kg	Asiainfo Te (AS8511)	1
curaden-hosting.ch	Hosting eXperts Switzerland AG (AS200979)	1
Beget LLC	Goodhost.KZ LLP (AS211971)	1
edu.kg	Kyrgyz research and education network association (AS197119)	1
trg.kg	ist Telekom Jv LLC (AS39032)	1
Hoster kg, Ltd.	Hetzner Online GmbH (AS24940)	1
142.121	Sky Mobile LLC (AS41329)	1
netim.net	Fornex Hosting S.L. (AS16003)	1
hostiq.ua	PE Skurykhin Mukola Volodumurovuch (AS56851)	1
HURRICANE	Hoster kg, Ltd. (AS59684)	1
domain.tld	ElCat Ltd. (AS8449)	1
accounting.kg	Asiainfo Te (AS8511)	1
SCAAM0001	HCL Technologies Sweden AB (AS209236)	1
cloudns.net	AKNET Ltd. (AS12764)	1
Internet-Pro LLC	Hoster kg, Ltd. (AS59684)	1
frienddns.info	Green Floid LLC (AS21100)	1
ge-dns.com	SECURITYSERVICES (AS12008)	1
ivashov.me	Pq Hosting Plus S.r.l. (AS44477)	1
muzpan.com	Yandex.Cloud LLC (AS200350)	1
entorno.com	Adam EcoTech, S.A (AS15699)	1
dutchnature.kg	Asiainfo Te (AS8511)	1
uniquepro.kg	Asiainfo Te (AS8511)	1
seismo.kg	Asiainfo Te (AS8511)	1
ormk.kg	Asiainfo Te (AS8511)	1
EuroByte LLC	Nls Astana Llp (AS205516)	1
agroservice.kg	Asiainfo Te (AS8511)	1
ucoz.net	Webhost LLC (AS44094)	1
SECURITYSERVICES	UPS (AS12217)	1
awsdns-13.net	AMAZON-02 (AS16509)	1
golf.kg	Asiainfo Te (AS8511)	1
idvdns.com	AS-COLOCROSSING (AS36352)	1
JSC Selectel	Domain names registrar REG.RU, Ltd (AS197695)	1
alidns.com	Tencent Building, Kejizhongyi Avenue (AS132203)	1
nic.ru	PS Internet Company LLP (AS48716)	1
arka-group.kg	Hoster kg, Ltd. (AS59684)	1
get.kg	Asiainfo Te (AS8511)	1
SECURITYSERVICES	COGECO-PEER1 (AS13768)	1
agxl.name	TURNKEY-INTERNET (AS40244)	1
wenlin.kg	Hoster kg, Ltd. (AS59684)	1
GANDI SAS	Akamai International B.V. (AS20940)	1
CLOUDFLARENET	NETWORK-SOLUTIONS-HOSTING (AS19871)	1
Akamai International B.V.	MASTER-7-AS (AS26380)	1
dbs.kg	Ddos-guard Ltd (AS57724)	1
Optima Telecom Ltd.	AKNET Ltd. (AS12764)	1
dyn.su	Akamai Connected Cloud (AS63949)	1
awsdns-15.org	AMAZON-02 (AS16509)	1
med.kg	OJSC Kyrgyztelecom (AS12997)	1
hostlife.net	WIBO Baltic UAB (AS59939)	1
internic.at	Telekom Austria (AS8447)	1
LLC VK	TimeWeb LLC (AS9123)	1
absconstruction.kg	Ddos-guard Ltd (AS57724)	1
pingo.kg	Asiainfo Te (AS8511)	1
infomaniak.ch	CLOUDFLARENET (AS13335)	1
astralpool.kg	EQU Technologies LLP (AS42447)	1
barkhan.kg	Asiainfo Te (AS8511)	1
perf1.com	MICROSOFT-CORP-MSN-AS-BLOCK (AS8075)	1
YANDEX LLC	Regional payment sistems LLC. (AS56988)	1
awsdns-05.com	AMAZON-02 (AS16509)	1
kogart.kg	Asiainfo Te (AS8511)	1
madmen.kg	Asiainfo Te (AS8511)	1
koleso.kg	Scaleway S.a.s. (AS12876)	1
registry-server.com	Alibaba US Technology Co., Ltd. (AS45102)	1
global-pharm.kg	Asiainfo Te (AS8511)	1
fura.kg	Asiainfo Te (AS8511)	1
mountainsup.kg	Webzilla B.V. (AS35415)	1
e-gov.kg	AKNET Ltd. (AS12764)	1
lfstrm.tv	NUR Telecom LLC (AS47237)	1
wwe.com	AMAZON-AES (AS14618)	1
q0.ru	QWARTA LLC (AS50214)	1
CLOUDFLARENET	JSC Mediasoft ekspert (AS48347)	1
ozonecenter.kg	Asiainfo Te (AS8511)	1
nscluster.eu	AMAZON-02 (AS16509)	1
awsdns-45.net	AMAZON-02 (AS16509)	1
register.it	MICROSOFT-CORP-MSN-AS-BLOCK (AS8075)	1
mbulak.kg	ElCat Ltd. (AS8449)	1
SECURITYSERVICES	Safenames Ltd. (AS60819)	1
philips.com	AMAZON-02 (AS16509)	1
ombudsman.kg	Inform Communications Ltd. (AS42581)	1
awsdns-31.org	Jusan Mobile JSC (AS35104)	1
stom.kg	Akamai Connected Cloud (AS63949)	1
aslan.kg	Asiainfo Te (AS8511)	1
abmauto.kg	Asiainfo Te (AS8511)	1
spark.kg	Ddos-guard Ltd (AS57724)	1
dominiando.asia	MICROSOFT-CORP-MSN-AS-BLOCK (AS8075)	1
greece.kg	Asiainfo Te (AS8511)	1
JSC Selectel	Asiainfo Te (AS8511)	1
CLOUDFLARENET	AS-HYONIX-US (AS931)	1
cheese.kg	Ddos-guard Ltd (AS57724)	1
krena.kg	Kyrgyz research and education network association (AS197119)	1
CLOUDFLARENET	AS-26496-GO-DADDY-COM-LLC (AS26496)	1
