dtnt.info	net.il	7
CLOUDFLARENET	CLOUDFLARENET	395
Interspace Ltd.	co.il	675
jetserver.net	co.il	119
GOOGLE	GOOGLE	354
co.il	MICROSOFT-CORP-MSN-AS-BLOCK	470
co.il	co.il	812
net.il	MICROSOFT-CORP-MSN-AS-BLOCK	228
armadaservers.com	armadaservers.com	1
CLOUDFLARENET	co.il	1015
MICROSOFT-CORP-MSN-AS-BLOCK	MICROSOFT-CORP-MSN-AS-BLOCK	154
uPress Inc	co.il	574
GOOGLE	co.il	122
SECURITYSERVICES	NAMECHEAP-NET	12
jetdns.net	co.il	25
CLOUDFLARENET	GOOGLE	839
CLOUDFLARENET	MICROSOFT-CORP-MSN-AS-BLOCK	576
host1.biz	co.il	1
AMAZON-02	co.il	115
btab.eu	co.il	1
Interspace Ltd.	org.il	114
dtnt.info	dtnt.email	7
net.il	net.il	270
AMAZON-02	Hetzner Online GmbH	127
SECURITYSERVICES	SECURITYSERVICES	91
ahoyhosting.net	co.il	4
dtnt.info	MICROSOFT-CORP-MSN-AS-BLOCK	181
freeservers.com	untd.com	1
co.uk	co.il	67
Interspace Ltd.	MICROSOFT-CORP-MSN-AS-BLOCK	143
co.il	GOOGLE	649
Bezeq International Ltd.	MICROSOFT-CORP-MSN-AS-BLOCK	126
AMAZON-02	org.il	21
dtnt.info	GOOGLE	113
srv-console.com	co.il	1
net.il	GOOGLE	39
net.il	AMAZON-02	13
sim-networks.com	co.il	1
co.il	GOOGLE-CLOUD-PLATFORM	10
Interspace Ltd.	GOOGLE	198
fatcow.com	co.il	2
co.il	ZOHO-AS	24
register.it	Register S.p.A.	11
jodoshared.com	jodoshared.com	1
co.uk	net.uk	1
ORACLE-BMC-31898	netposition.com	1
aspcloudhost.com	co.il	1
elron.net	Forcepoint Cloud Ltd	1
Hetzner Online GmbH	cloud-node.net	10
Interspace Ltd.	RACKSPACE	5
GOOGLE	MICROSOFT-CORP-MSN-AS-BLOCK	89
CLOUDFLARENET	RACKSPACE	120
AMAZON-02	AMAZON-02	201
bluepenarticles.com	co.il	1
CLOUDFLARENET	org.il	101
GANDI SAS	GANDI SAS	29
uPress Inc	GOOGLE	115
CLOUDFLARENET	Hetzner Online GmbH	15
awsdns-23.com	MICROSOFT-CORP-MSN-AS-BLOCK	1
CLOUDFLARENET	mailchannels.net	22
net.il	cybo-cloud.com	7
net.il	co.il	89
AMAZON-02	MICROSOFT-CORP-MSN-AS-BLOCK	28
AMAZON-02	Delta HighTech Ltd.	15
nameshield.net	nameshield.com	5
CLOUDFLARENET	myfcloudit.com	1
CLOUDFLARENET	ppe-hosted.com	6
uPress Inc	AMAZON-02	1
alpha-servers.network	co.il	1
Anverino Software SRL	co.il	3
CLOUDFLARENET	ZOHO-AS	43
GOOGLE	AMAZON-02	13
htnoc.net	org.il	1
netim.net	MICROSOFT-CORP-MSN-AS-BLOCK	1
co.il	AMAZON-02	19
Bezeq International Ltd.	AMAZON-02	80
co.il	org.il	67
Host Europe GmbH	MICROSOFT-CORP-MSN-AS-BLOCK	19
co.il	elasticemail.com	1
CLOUDFLARENET	iphmx.com	13
netim.net	Eurofiber France SAS	32
dtnt.info	co.il	33
net.il	Bezeq International Ltd.	5
awsdns-14.net	GOOGLE	3
co.il	RACKSPACE	21
AMAZON-02	GOOGLE	119
Akamai Connected Cloud	fcomet.com	18
ildns.org	org.il	1
co.il	net.il	10
jetserver.net	org.il	20
CLOUDFLARENET	GOOGLE-CLOUD-PLATFORM	33
SECURITYSERVICES	org.il	1
inmotionhosting.com	org.il	2
AMAZON-02	GOOGLE-CLOUD-PLATFORM	210
Host Europe GmbH	GOOGLE	20
Interspace Ltd.	ZOHO-AS	12
proginter.com	proginter.com	2
CLOUDFLARENET	24sender.com	5
GOOGLE-CLOUD-PLATFORM	stackmail.com	3
uu.net	co.il	2
dnssrv.net	co.il	1
uPress Inc	MICROSOFT-CORP-MSN-AS-BLOCK	36
hostdime.com	org.il	2
NSONE	pphosted.com	1
ipcom GmbH	mail-forwarder.io	1
jetserver.net	GOOGLE	22
CLOUDFLARENET	Datacamp Limited	6
stabletransit.com	MICROSOFT-CORP-MSN-AS-BLOCK	25
net.il	CLOUDFLARENET	1
org.il	org.il	11
hostandfound.io	MICROSOFT-CORP-MSN-AS-BLOCK	3
Cloud DNS Ltd	MICROSOFT-CORP-MSN-AS-BLOCK	69
net.il	3334444.net	1
co.il	tmmail.org	4
org.il	GOOGLE	6
AMAZON-02	APPLE-ENGINEERING	1
contaboserver.net	org.il	1
jetdns.net	ZOHO-AS	3
CLOUDFLARENET	AUTOMATTIC	35
PONYNET	GOOGLE	1
MICROSOFT-CORP-MSN-AS-BLOCK	GOOGLE	9
CLOUDFLARENET	oxcs.net	2
Dream Vps Ltd	org.il	3
Cellcom Fixed Line Communication L.P	co.il	4
CLOUDFLARENET	site4now.net	2
web365.ro	co.il	3
jetdns.net	RACKSPACE	1
co.il	CLOUDFLARENET	4
nameresolve.com	co.il	1
jetdns.net	MICROSOFT-CORP-MSN-AS-BLOCK	4
hostgator.com	org.il	4
softlayer.com	co.il	2
co.il	Cloudflare London, LLC	4
Akamai International B.V.	MICROSOFT-CORP-MSN-AS-BLOCK	4
rsd-solution.com	GOOGLE	1
udag.de	NorthC Deutschland GmbH	7
markmonitor.com	fortimail.com	1
rackspace.com	co.uk	1
awsdns-06.net	MICROSOFT-CORP-MSN-AS-BLOCK	1
net.il	ispgateway.de	1
GOOGLE	sendgrid.net	1
esmhosting.com	co.il	1
BIZLAND-SD	co.il	6
corky.net	corky.net	3
fcsrv.com	co.il	4
eboundhost.com	org.il	2
cloudns.net	co.il	7
net.il	iphmx.com	26
awsdns-10.com	GOOGLE	5
fast-servers.net	hostns.io	1
tevapharm.com	tevapharm.com	1
NETWORK-SOLUTIONS-HOSTING	co.il	11
awsdns-05.org	GOOGLE	1
scientology.org	scientology.org	3
Host Europe GmbH	migadu.com	3
ildns.org	co.il	2
Hivelocity LLC	co.il	4
AMAZON-02	crosphera.net	1
crosphera.net	crosphera.net	2
jetserver.net	MICROSOFT-CORP-MSN-AS-BLOCK	11
co.il	hostedemail.com	1
CLOUDFLARENET	unolist.com	1
hostmar.com	co.il	1
lingnu.com	scso.com	2
DIGICERT	GOOGLE	9
tallevi.net	co.il	2
CLOUDFLARENET	tutanota.de	1
AMAZON-02	greentom.com	1
dnsmyhost.com	myhcloud.com	2
co.il	iphmx.com	5
Interspace Ltd.	GO-DADDY-COM-LLC	1
CLOUDFLARENET	net.il	16
GOOGLE	org.il	14
inmotionhosting.com	co.il	5
CLOUDFLARENET	COGECO-PEER1	6
o2switch.net	co.il	1
htmline.com	MICROSOFT-CORP-MSN-AS-BLOCK	1
HURRICANE	GOOGLE	4
yourhostingaccount.com	co.il	2
stabletransit.com	GOOGLE	24
co.il	Arax-Impex s.r.l.	4
hostpoint.ch	hostpoint.ch	2
ruweb.net	co.il	1
CLOUDFLARENET	NAMECHEAP-NET	4
SECURITYSERVICES	domainnetwork.se	1
ipcom GmbH	merck.de	2
LIQUIDWEB	co.il	6
stablehost.com	co.il	1
td-fn.net	Forcepoint Cloud Ltd	1
GOOGLE	CLOUDFLARENET	2
CLOUDFLARENET	AMAZON-02	38
co.uk	org.il	8
netim.net	co.il	1
ovh.net	co.il	2
GOOGLE	ZOHO-AS	16
netim.net	GOOGLE	2
awsdns-02.com	GOOGLE	1
GOOGLE	net.il	1
stabletransit.com	CLOUDFLARENET	5
freehosting.com	org.il	1
NSONE	ZOHO-AS	5
Hetzner Online GmbH	0x59.net	6
net.il	ppe-hosted.com	1
box-dns.com	org.il	4
DIGITALOCEAN-ASN	co.il	4
awsdns-27.net	klarna.com	1
dtnt.info	AMAZON-02	4
Interspace Ltd.	net.il	8
Safenames Ltd.	Safenames Ltd.	12
co.il	cybo-cloud.com	1
GOOGLE	co.uk	1
Bezeq International Ltd.	co.il	34
people-leads.com	people-leads.com	1
Hydra Communications Ltd	co.il	5
hostgator.com	MICROSOFT-CORP-MSN-AS-BLOCK	4
awsdns-04.org	GOOGLE	1
Interspace Ltd.	GOOGLE-CLOUD-PLATFORM	1
awsdns-59.org	MICROSOFT-CORP-MSN-AS-BLOCK	1
linode.com	co.il	4
co.il	mxrouting.net	1
awsdns-07.net	MICROSOFT-CORP-MSN-AS-BLOCK	1
co.il	comns.net	1
NSONE	Cloudflare London, LLC	3
hostgator.com	co.il	22
awsdns-38.com	GOOGLE	1
CLOUDFLARENET	doodkin.com	1
fast-servers.net	org.il	2
nameshield.net	INCAPSULA	4
duginetwork.com	co.il	2
Bezeq International Ltd.	upress.io	1
n0c.com	co.il	1
tres-w.com	co.il	1
mvps-hosted.com	co.il	1
entorno.com	GOOGLE	1
dtnt.info	RACKSPACE	3
awsdns-13.net	GOOGLE	2
Bezeq International Ltd.	iphmx.com	8
NSONE	GOOGLE-CLOUD-PLATFORM	1
org.il	co.il	9
CLOUDFLARENET	privatecloudapp.io	4
awsdns-08.com	GOOGLE	1
CLOUDFLARENET	ZOHO Corporation B.V	4
awsdns-11.org	GOOGLE	1
co.il	ppe-hosted.com	2
Host Europe GmbH	co.il	7
CLOUDFLARENET	lead-ya.com	1
next-web-site.com	co.il	1
IS-AS-1	co.il	5
hostandfound.io	GOOGLE	1
host4u.net	co.il	1
AMAZON-02	h-email.net	5
CLOUDFLARENET	mosesmail.net	3
dntrust.com	co.il	1
abdns.biz	arubabusiness.it	1
logical-properties.com	co.il	1
prits.nl	MICROSOFT-CORP-MSN-AS-BLOCK	1
awsdns-06.org	GOOGLE	3
CLOUDFLARENET	fcomet.com	7
awsdns-09.org	GOOGLE	1
phase8.net	co.uk	1
GOOGLE	imgw.com	1
Beget LLC	Beget LLC	4
co.uk	msv1.invalid	1
GOOGLE	GO-DADDY-COM-LLC	3
NUCDN	eurodns.com	2
net.il	barracudanetworks.com	1
urisha.com	co.il	1
awsdns-17.net	GOOGLE	1
jetdns.net	GOOGLE	9
awsdns-22.org	GOOGLE-CLOUD-PLATFORM	1
fishel.co	co.il	1
zoneedit.com	zoneedit.com	5
localdomain.local	MICROSOFT-CORP-MSN-AS-BLOCK	1
GOOGLE	5.167	1
dnsimple.com	GOOGLE	1
CLOUDFLARENET	payperleadserver.com	1
Akamai International B.V.	pphosted.com	2
AMAZON-02	iphmx.com	1
linkon.dev	co.il	2
dtnt.info	amazonses.com	1
awsdns-17.com	GOOGLE	2
hostcentric.com	co.il	1
CLOUDFLARENET	mimecast.com	2
pookh.net	co.il	1
MICROSOFT-CORP-MSN-AS-BLOCK	pphosted.com	3
CLOUDFLARENET	com.ua	3
Beget LLC	YANDEX LLC	1
timeweb.org	timeweb.ru	2
razztech.net	co.il	1
NSONE	AMAZON-02	1
jomax.net	GO-DADDY-COM-LLC	1
Hetzner Online GmbH	vserv.cloud	13
pipedns.com	co.il	1
Hetzner Online GmbH	GOOGLE	3
Cellcom Fixed Line Communication L.P	MICROSOFT-CORP-MSN-AS-BLOCK	1
inhostedns.com	mx.services	4
MICROSOFT-CORP-MSN-AS-BLOCK	iphmx.com	2
CLOUDFLARENET	jetserver.net	1
awsdns-14.com	AMAZON-02	1
ranshtam.com	co.il	1
CLOUDFLARENET	mxlogin.com	1
AUTOMATTIC	GOOGLE	6
kpmg.com	net.il	1
Host Europe GmbH	GO-DADDY-COM-LLC	21
co.il	microsoftonline.com	1
octopuscs.com	GOOGLE	2
Bezeq International Ltd.	msv1.invalid	1
webmix.nl	co.il	1
co.il	mosesmail.net	2
CLOUDFLARENET	myfcloud.com	1
hostgator.com	GOOGLE	4
org.il	starltd.net	3
IONOS SE	GOOGLE	1
domain.com	co.il	1
scw.cloud	GOOGLE	1
6gm.com	GOOGLE	1
GOOGLE	RACKSPACE	1
net.il	danet-holdings.com	1
Interspace Ltd.	iphmx.com	4
starltd.net	co.il	2
fornex.com	GOOGLE	1
digima.host	MICROSOFT-CORP-MSN-AS-BLOCK	1
prohosting.gr	co.il	1
philips.com	net.il	1
supremedns.com	mylogin.co	2
liquidweb.com	GOOGLE	1
routing.net	GOOGLE	1
co.il	hotmail.com	1
wbitit.net	co.il	2
pymedns.net	org.il	1
co.il	APPLE-ENGINEERING	3
awsdns-00.com	GOOGLE	2
net.il	org.il	7
AUTOMATTIC	MICROSOFT-CORP-MSN-AS-BLOCK	3
CLOUDFLARENET	vprise.com	1
Akamai International B.V.	co.il	2
Hetzner Online GmbH	co.il	6
DIGICERT	co.il	8
awsdns-19.org	turner.com	1
co.il	rapidsite.net	1
nic.ru	nic.ru	1
armadaservers.com	co.il	1
Akamai Connected Cloud	GOOGLE	1
inhostedns.com	com.ua	4
octopuscs.com	co.il	2
SECURITYSERVICES	telia.com	1
box-dns.com	co.il	16
GOOGLE	consonet.com	1
co.il	migadu.com	1
markmonitor.com	markmonitor.com	6
CLOUDFLARENET	secured-cloud2.net	3
awsdns-00.net	GOOGLE	1
landingsite.ai	con1\@gmail.com	1
MICROSOFT-CORP-MSN-AS-BLOCK	dlinkddns.com	1
dnsexit.com	GOOGLE	1
AMAZON-02	ZOHO-AS	7
awsdns-15.net	MICROSOFT-CORP-MSN-AS-BLOCK	2
operationlp.com	co.il	1
registrar-servers.com	GOOGLE	5
synopsys.com	pphosted.com	1
Y-tech ICT Ltd.	MICROSOFT-CORP-MSN-AS-BLOCK	5
co.il	msv1.invalid	4
hostmonster.com	GOOGLE	1
dwebhost.net	co.il	2
myfcloud.com	co.il	2
Bezeq International Ltd.	GOOGLE	14
SECURITYSERVICES	pphosted.com	2
tres-w.com	org.il	1
Interspace Ltd.	interspace.net	1
CLOUDFLARENET	artvision.biz	3
bluejethosting.com	binhost.com	1
ipower.com	GOOGLE	2
domainoo.fr	domainoo.fr	3
terapower.com	co.il	1
Dream Vps Ltd	GOOGLE	4
cdnetdns.net	MICROSOFT-CORP-MSN-AS-BLOCK	1
co.il	amazonses.com	2
afik11.com	GOOGLE	1
MICROSOFT-CORP-MSN-AS-BLOCK	co.il	3
CLOUDFLARENET	smtp.goog	1
sprinthost.net	org.il	1
awsdns-40.org	turner.com	1
site5.com	co.il	4
twinservers.net	co.il	2
awsdns-41.net	GOOGLE	2
fast-servers.net	co.il	8
IONOS SE	MICROSOFT-CORP-MSN-AS-BLOCK	1
Host Europe GmbH	pobox.com	1
lexsynergy.info	GOOGLE	1
safenames.com	Safenames Ltd.	3
ww1cloudservers.com	ww1cloudservers.com	1
AMAZON-02	hornetsecurity.com	1
sedoparking.com	localhost	10
my-tss.com	co.il	1
zomro.com	org.il	1
CLOUDFLARENET	exsile.net	6
simply-blogger.com	co.il	2
Cloud DNS Ltd	GOOGLE	5
uPress Inc	org.il	3
comedia.it	org.il	1
peligon.us	co.il	1
CLOUDFLARENET	Proton AG	3
dtnt.info	Akamai International B.V.	1
stabletransit.com	co.il	6
awsdns-13.com	co.il	2
infomaniak.com	infomaniak.ch	1
CLOUDFLARENET	Fastmail Pty Ltd	3
bydgoszcz.pl	CLOUDFLARENET	1
co.il	mirohost.net	1
contabo.net	co.il	2
CLOUDFLARENET	Cloudflare London, LLC	8
net.il	trendmicro.com	2
net.il	ac.il	1
pixelx.de	c-date.com	1
cloudns.net	innogames.de	1
co.il	Datacamp Limited	3
NSONE	SECURITYSERVICES	1
co.il	1net.me	2
SECURITYSERVICES	co.il	11
myfcloudde.com	myfcloudde.com	2
interdc.net	globalcloud.me	2
NSONE	eventact.com	1
co.il	Akamai International B.V.	1
CLOUDFLARENET	ww2cloudservers.com	1
CLOUDFLARENET	ndsn.net	3
seisnet.it	seisnet.it	1
IONOS SE	IONOS SE	10
CLOUDFLARENET	mx1emailsrvr.com	1
megabit.net	megabit.net	1
checkdomain.de	co.il	1
IONOS SE	ionos.de	1
Cellcom Fixed Line Communication L.P	org.il	2
privatecloudapp.io	privatecloudapp.io	2
netfirms.com	netfirms.com	1
Interspace Ltd.	141.122	1
MICROSOFT-CORP-MSN-AS-BLOCK	AMAZON-02	3
awsdns-16.org	co.il	1
se-ocm.com	GOOGLE	1
awsdns-03.com	co.il	1
startlogic.com	GOOGLE	1
GOOGLE	Eurofiber France SAS	1
madbeka.win	co.il	1
SECURITYSERVICES	org.uk	1
no-ip.com	noip.com	1
geekstorage.com	co.il	1
GOOGLE	hotmail.com	1
awsdns-27.org	co.il	1
CLOUDFLARENET	greengeeks.net	1
majordomo.ru	majordomo.ru	1
awsdns-08.org	GOOGLE	3
1and1.com	1and1.com	3
awsdns-05.org	imgw.com	1
awsdns-36.org	GOOGLE	3
CLOUDFLARENET	50webs.com	1
GOOGLE-CLOUD-PLATFORM	GOOGLE	2
fuchs.us	org.il	2
CLOUDFLARENET	Bezeq International Ltd.	1
awsdns-15.org	MICROSOFT-CORP-MSN-AS-BLOCK	1
CLOUDFLARENET	trendmicro.com	2
markmonitor.zone	SECURITYSERVICES	2
zoneedit.com	GOOGLE	4
staseo.com	co.il	1
Host Europe GmbH	iphmx.com	1
jetdns.net	amazonses.com	2
freehosting.com	freehosting.com	1
CLOUDFLARENET	cloud-node.net	4
parklogic.com	plingest.com	1
org.il	MICROSOFT-CORP-MSN-AS-BLOCK	2
awsdns-31.net	GOOGLE	1
NUCDN	SECURITYSERVICES	1
co.il	zohomail.com	2
myhcloud.com	myhcloud.com	2
NAMECHEAP-NET	co.il	5
Host Europe GmbH	ZOHO-AS	1
CLOUDFLARENET	in.ua	1
com.ua	co.il	1
securinux.net	securinux.net	1
Bezeq International Ltd.	ZOHO-AS	1
Interspace Ltd.	trendmicro.eu	1
sdv.fr	sdv.fr	1
logatedns.com	co.il	1
awsdns-22.net	trio-cloud.com	1
dtnt.info	mxthunder.com	1
CLOUDFLARENET	spamtitan.com	1
edomain1.net	co.il	2
Interspace Ltd.	Beget LLC	1
dreamvps.com	co.il	2
awsdns-19.com	AMAZON-02	1
DIGICERT	MICROSOFT-CORP-MSN-AS-BLOCK	6
uPress Inc	APPLE-ENGINEERING	1
net.il	Forcepoint Cloud Ltd	4
scania.com	co.il	1
Interspace Ltd.	87.22	1
unknown	org.il	2
Cloud DNS Ltd	barracudanetworks.com	1
awsdns-23.org	co.il	1
awsdns-13.net	forwardmx.net	1
DIGICERT	pphosted.com	1
CLOUDFLARENET	ww1cloudservers.com	1
CLOUDFLARENET	hrnoc.net	1
org.il	net.il	1
My Server Media Srl	co.il	3
awsdns-03.net	MICROSOFT-CORP-MSN-AS-BLOCK	1
cpanelil.com	co.il	1
bb-online.biz	co.uk	2
pookh.net	MICROSOFT-CORP-MSN-AS-BLOCK	1
co.uk	MICROSOFT-CORP-MSN-AS-BLOCK	2
IONOS SE	ionos.fr	2
mschosting.com	co.il	1
alon-web.com	co.il	1
udag.de	ppsmtp.com	1
ac.il	ac.il	1
mastervps.net	co.il	3
CLOUDFLARENET	YANDEX LLC	4
CLOUDFLARENET	serverdata.net	1
iptwins.com	iptwins.com	2
awsdns-29.net	GOOGLE	1
CLOUDFLARENET	GO-DADDY-COM-LLC	1
CLOUDFLARENET	in.th	4
cloudns.net	GOOGLE	4
aivision.cz	aivision.cz	1
markmonitor.com	GOOGLE	1
ROMARG SRL	co.il	1
hubbyhost.com	co.il	2
buhost.cloud	co.il	1
MICROSOFT-CORP-MSN-AS-BLOCK	toro.com	1
NSONE	GOOGLE	4
zoneedit.com	MICROSOFT-CORP-MSN-AS-BLOCK	1
CLOUDFLARENET	armadaservers.com	1
awsdns-21.net	MICROSOFT-CORP-MSN-AS-BLOCK	1
fuchs.us	co.il	2
Hydra Communications Ltd	GOOGLE	2
lnhi.net	co.il	1
SECURITYSERVICES	habbogroup.com	1
dtnt.info	org.il	5
dtnt.info	scalla.net	1
awsdns-03.org	MICROSOFT-CORP-MSN-AS-BLOCK	3
easystockhosting.com	co.il	1
fasthostingdirect.com	stackmail.com	1
wpx.net	GOOGLE	1
timwebs.net	co.il	2
localdomain.local	GOOGLE	1
sarenet.es	pphosted.com	1
com.ua	YANDEX LLC	1
Akamai Connected Cloud	co.il	2
CLOUDFLARENET	myfcloudde.com	2
octopuscs.com	MICROSOFT-CORP-MSN-AS-BLOCK	1
spaceweb.pro	spaceweb.ru	1
safenames.net	Safenames Ltd.	1
secured-cloud.net	secured-cloud.net	2
GOOGLE	APPLE-ENGINEERING	1
CLOUDFLARENET	spamfiltering.io	2
liquidweb.com	j-town.com	2
SECURITYSERVICES	register.com	2
net.il	orad.cc	2
elron.net	co.il	1
cyberfolks.pl	co.il	1
awsdns-30.org	GOOGLE	1
ebaydns.com	iphmx.com	1
dtnt.info	mirohost.net	1
kab1.com	kabbalah.info	1
asmallorange.com	co.il	1
GOOGLE	rapidsite.net	2
CLOUDFLARENET	mxrouting.net	3
awsdns-03.net	co.il	1
CLOUDFLARENET	Akamai International B.V.	2
sprinthost.net	co.il	1
domeinbalie.nl	domeinbalie.nl	1
co.il	NAMECHEAP-NET	4
awsdns-07.org	GOOGLE	1
vn-n.com	GOOGLE	2
managed-ip.com	MICROSOFT-CORP-MSN-AS-BLOCK	1
GOOGLE	GOOGLE-CLOUD-PLATFORM	2
techmmg.com	MICROSOFT-CORP-MSN-AS-BLOCK	1
awsdns-02.net	GOOGLE	2
second-ns.com	your-server.de	4
AMAZON-02	YANDEX LLC	1
mddservices.com	co.il	1
iptwins.com	te-dns.net	2
MICROSOFT-CORP-MSN-AS-BLOCK	swatchgroup.com	1
AMAZON-02	msv1.invalid	1
GOOGLE	mxhichina.com	1
GOOGLE	AUTOMATTIC	1
zxcs.be	co.il	1
dtnt.info	siteglob.com	1
easydns.ca	GOOGLE	1
net.il	charactell.com	1
magma01.	GOOGLE	1
PONYNET	co.il	4
doronbenita.com	co.il	1
dtnt.info	spamtitan.com	1
CLOUDFLARENET	APPLE-ENGINEERING	4
Bezeq International Ltd.	fortimailcloud.com	3
ownmyserver.com	co.il	1
co.il	GO-DADDY-COM-LLC	3
co.il	cpp.tools	1
european-server.com	mailprotect.be	2
CLOUDFLARENET	pphosted.com	1
net.il	rapidsite.net	3
kasserver.com	kasserver.com	1
Interspace Ltd.	ornet.net	1
ipcom GmbH	retarus.com	1
dtnt.info	iphmx.com	1
AUTOMATTIC	ZOHO-AS	1
awsdns-39.net	AMAZON-02	1
ereznet.com	co.il	2
awsdns-36.org	Cloudflare London, LLC	1
awsdns-12.net	GOOGLE	2
CLOUDFLARENET	Forcepoint Cloud Ltd	3
lingnu.com	GOOGLE	1
blankpage.cloud	co.il	2
freehostia.com	freehostia.com	1
AMAZON-02	AUTOMATTIC	2
yandex.net	GOOGLE	1
skatrix.com	GOOGLE	1
schooly.land	GOOGLE	3
Bezeq International Ltd.	org.il	1
net.il	GO-DADDY-COM-LLC	1
awsdns-03.net	iphmx.com	1
hostens.com	co.il	1
omnis.com	omnis.com	2
bigscoots.com	MICROSOFT-CORP-MSN-AS-BLOCK	1
hostland.ru	GOOGLE	1
by-s.com	co.il	1
net.il	nipendo.com	1
ORACLE-BMC-31898	GOOGLE	2
speednet.bg	co.il	1
tld-ns.com	GOOGLE	1
fullhost.com	co.il	1
myfcloud.com	GOOGLE	1
stabletransit.com	brinkster.com	1
digitbrand.com	ifastnet.com	1
dtnt.info	APPLE-ENGINEERING	1
AMAZON-02	net.il	1
Partner Communications Ltd.	co.il	4
awsdns-10.org	GOOGLE	2
awsdns-06.com	MICROSOFT-CORP-MSN-AS-BLOCK	1
uk-noc.com	GOOGLE	1
hukot.cz	hukot.net	1
Akamai Connected Cloud	MICROSOFT-CORP-MSN-AS-BLOCK	2
jlrext.com	GOOGLE	1
localdomain.local	co.il	1
inmotionhosting.com	MICROSOFT-CORP-MSN-AS-BLOCK	1
AMAZON-02	SECURITYSERVICES	2
interland.net	registeredsite.com	1
CLOUDFLARENET	forwardmx.io	1
beta-hosting.com	co.il	2
Bezeq International Ltd.	\	1
cloudns.net	ZOHO-AS	1
registrar-servers.com	registrar-servers.com	1
first-ns.de	Proton AG	1
amenworld.com	securemail.pro	1
awsdns-16.net	GOOGLE	3
awsdns-27.com	co.il	2
hkn.de	antispameurope.com	1
xpmltd.com	GOOGLE	2
awsdns-28.org	co.il	1
awsdns-08.org	GOOGLE-CLOUD-PLATFORM	1
x-cloud.info	Arax-Impex s.r.l.	2
bydgoszcz.pl	co.il	1
CLOUDFLARENET	hotmail.com	2
CLOUDFLARENET	stackmail.com	1
awsdns-13.org	co.il	1
jetdns.net	org.il	2
co.uk	GOOGLE	4
co.uk	co.uk	2
awsdns-07.net	GOOGLE	2
fornex.com	co.il	4
CLOUDFLARENET	ornet.net	3
CLOUDFLARENET	ichsunlinux.info	1
dimedns.com	org.il	1
co.il	opus-projects.com	1
awsdns-08.net	MICROSOFT-CORP-MSN-AS-BLOCK	1
CLOUDFLARENET	hafgana.org	1
CLOUDFLARENET	intereative.com	1
awsdns-23.com	GOOGLE	2
linux-hosting.network	co.il	1
CLOUDFLARENET	msv1.invalid	1
tmd.cloud	tmdhosting.com	2
awsdns-33.com	GOOGLE	1
awsdns-06.net	co.il	1
ponkaweb.net	co.il	1
Interspace Ltd.	orionsmethod.com	1
afraid.org	GOOGLE	3
CLOUDFLARENET	a2host.net	4
Dream Vps Ltd	co.il	8
ipcom GmbH	felder.intranet	1
dnsbox.net	actionweb.com	1
gazit2.com	co.il	2
awsdns-47.org	MICROSOFT-CORP-MSN-AS-BLOCK	1
setadmin.com	co.il	2
messagingengine.com	Fastmail Pty Ltd	3
GOOGLE	simply-smart.biz	1
net.il	013net.net	2
awsdns-01.org	GOOGLE	1
cloudns.net	mimecast.com	1
awsdns-08.net	aroundy.com	1
hateder.com	co.il	1
holonameserver-1.it	sudhost.it	1
netim.net	Proton AG	1
AUTOMATTIC	co.il	2
nameserve.net	co.il	1
awsdns-42.net	co.il	1
unknown	MICROSOFT-CORP-MSN-AS-BLOCK	1
dell.com	dell.com	2
CLOUDFLARENET	mtaroutes.com	2
israelnames.com	co.il	1
awsdns-08.org	ZOHO-AS	1
GOOGLE	Proton AG	1
ipcom GmbH	ebrandservices.com	1
co.il	trendmicro.eu	1
nominalia.com	nominalia.com	2
kbitehosting.nl	MICROSOFT-CORP-MSN-AS-BLOCK	1
CLOUDFLARENET	cybo-cloud.com	2
co.il	Fastmail Pty Ltd	1
SECURITYSERVICES	corpmailsvcs.com	1
simply-smart-host.com	org.il	1
Interspace Ltd.	Cloudflare London, LLC	1
linode.com	GOOGLE	2
caberinformatica.com	webinaction.net	1
SECURITYSERVICES	GOOGLE	2
awsdns-41.com	MICROSOFT-CORP-MSN-AS-BLOCK	1
hostiq.ua	co.il	2
CLOUDFLARENET	hornetsecurity.com	1
Akamai Connected Cloud	org.il	1
awsdns-16.org	GOOGLE	1
secured-cloud.net	GOOGLE	1
Akamai International B.V.	duravit.de	1
CLOUDFLARENET	a2hosting.com	2
DIGITALOCEAN-ASN	GOOGLE	2
co.il	domain.com	2
LIQUIDWEB	MICROSOFT-CORP-MSN-AS-BLOCK	1
CLOUDFLARENET	mymvn.app	1
awsdns-29.com	comrax.com	1
dnshost.net	softit.net	1
dtnt.info	Proton AG	1
CLOUDFLARENET	postmarkapp.com	1
asoshared.com	co.il	1
gov.il	org.il	1
GOOGLE	NAMECHEAP-NET	2
awsdns-06.com	GOOGLE	1
openprovider.be	nowsales.eu	1
co.il	allnet4u.biz	1
hostvirtual.com	co.il	2
host-anycast.com	host.it	1
awsdns-29.org	co.il	1
MICROSOFT-CORP-MSN-AS-BLOCK	unilever.com	1
uPress Inc	Akamai International B.V.	1
da.direct	org.il	1
NAMECHEAP-NET	GOOGLE	1
serverstack.com	co.il	1
dtnt.info	NAMECHEAP-NET	1
whukns.com	co.il	1
jethosting.com	org.il	1
xname.org	arsmtp.com	1
7171.online	co.il	1
awsdns-43.com	GOOGLE	1
bluejethosting.com	org.il	1
Akamai International B.V.	frontbridge.com	1
Interspace Ltd.	msv1.invalid	1
SECURITYSERVICES	triumph.com	1
GOOGLE	Akamai International B.V.	1
portsdns.net	CLOUDFLARENET	1
digima.host	ZOHO-AS	1
CLOUDFLARENET	co.uk	1
cloudhosting.uk	cloudhosting.uk	1
routing.net	routing.net	2
co.il	11.126	1
mfbhost.com	GOOGLE	1
transip.eu	transip.email	1
1984.is	telavivmakers.space	1
nameshield.net	co.il	1
awsdns-15.com	co.il	1
awsdns-10.net	GOOGLE	2
awsdns-34.net	MICROSOFT-CORP-MSN-AS-BLOCK	1
turnkeywebspace.net	co.il	1
awsdns-31.com	GOOGLE	1
awsdns-11.org	MICROSOFT-CORP-MSN-AS-BLOCK	1
nominus.com	co.il	1
hpdns.net	org.il	1
worldnic.com	oxcs.net	1
CLOUDFLARENET	fortimail.com	2
hostiman.ru	co.il	1
perf1.com	nameshield.com	3
reclaimhosting.com	co.il	1
register.it	MICROSOFT-CORP-MSN-AS-BLOCK	1
awsdns-36.net	GOOGLE	1
fast-servers.net	GOOGLE	1
BUNNYWAY, informacijske storitve d.o.o.	co.il	2
compunic.net	compunic.net	1
sarenet.es	nominalia.com	1
bu4b.com	co.il	1
SECURITYSERVICES	MICROSOFT-CORP-MSN-AS-BLOCK	5
vultr.com	MICROSOFT-CORP-MSN-AS-BLOCK	1
hawkhost.com	co.il	1
BIZLAND-SD	yandex.ru	1
beehosting.pro	co.il	1
interserver.net	co.il	1
1and1-dns.com	MICROSOFT-CORP-MSN-AS-BLOCK	1
wpmasters.co	net.il	1
vultr.com	co.il	1
CLOUDFLARENET	vserv.cloud	2
AMAZON-02	sonova.com	1
safebrands.com	co.il	2
hostwindsdns.com	co.il	1
co.il	ZOHO Corporation B.V	1
CLOUDFLARENET	hosting24.com	2
lemarit.de	aon.at	1
dtnt.info	245.191	1
atar-el.com	co.il	1
GOOGLE	advisocom.com	1
second-ns.com	MICROSOFT-CORP-MSN-AS-BLOCK	1
awsdns-34.com	Hetzner Online GmbH	1
atern.us	org.il	1
proginter.com	GOOGLE	1
liquidweb.com	co.il	1
Interspace Ltd.	cloud-node.net	1
SECURITYSERVICES	dtag.de	1
dodihosting.com	co.il	1
awsdns-03.org	GOOGLE	1
scoldns.com	co.il	1
zoneedit.com	intermedia.net	1
Interspace Ltd.	13.120	1
second-ns.com	co.il	1
awsdns-21.org	org.il	1
awsdns-38.org	GOOGLE	1
awsdns-11.net	GOOGLE	1
awsdns-02.com	MICROSOFT-CORP-MSN-AS-BLOCK	2
hostandfound.io	CLOUDFLARENET	3
Bezeq International Ltd.	dtnt.email	1
dtnt.info	dtnt.info	1
MICROSOFT-CORP-MSN-AS-BLOCK	ko.com	1
superdomainzone.com	org.il	1
agrondns.net	org.il	1
unlim365.ru	co.il	4
co.il	133.24	1
fast-cybers.com	co.il	1
CLOUDFLARENET	48.228	1
awsdns-06.net	GOOGLE	1
grserver.gr	co.il	1
Cloud DNS Ltd	trendmicro.eu	1
BUNNYWAY, informacijske storitve d.o.o.	GOOGLE	1
fastdns24.com	co.il	1
bigscoots-wpo.com	org.il	1
ormosh.net	GOOGLE	1
franticllc.com	franticllc.com	1
mijn.host	mijn.host	1
Akamai International B.V.	GOOGLE	1
bayern.de	bayern.de	1
awsdns-18.org	co.il	1
dnsexit.com	APPLE-ENGINEERING	1
awsdns-08.net	co.il	1
CLOUDFLARENET	abra-it.cloud	1
box-dns.com	GOOGLE	2
awsdns-04.com	MICROSOFT-CORP-MSN-AS-BLOCK	2
private-nameserver.net	GOOGLE	1
dtnt.info	ndsn.net	1
awsdns-19.com	yandex-team.ru	1
stabletransit.com	org.il	1
SECURITYSERVICES	net.il	1
CLOUDFLARENET	sendgrid.net	1
CLOUDFLARENET	comstar-systems.com	3
speedy-servers.com	co.il	1
israel-webhosting.net	org.il	1
routing.net	Eurofiber France SAS	3
htmline.com	co.il	1
afraid.org	co.il	1
firstfind.nl	yourfilter.nl	1
sendoweb.com	co.il	1
Cloud DNS Ltd	ccccloud.com	2
jetdns.net	truscont.com	1
awsdns-24.net	GOOGLE	2
hostandfound.io	co.il	1
wpxhosting.com	MICROSOFT-CORP-MSN-AS-BLOCK	1
CLOUDFLARENET	ak-digital.net	1
awsdns-14.net	co.il	1
GANDI SAS	MICROSOFT-CORP-MSN-AS-BLOCK	1
NUCDN	co.il	2
CLOUDFLARENET	hovixa.com	1
Cloud DNS Ltd	opus-projects.com	1
communigal.net	co.il	1
unknown	hostns.io	1
ereznet.info	co.il	1
awsdns-05.org	AMAZON-02	1
websiteserverbox.com	co.il	1
zoneedit.com	yali-ltd.com	1
net.il	fortimail.com	1
awsdns-15.org	co.il	1
dodihosting.com	MICROSOFT-CORP-MSN-AS-BLOCK	1
yahoo.com	yahoodns.net	1
awsdns-43.org	co.il	1
CLOUDFLARENET	accountservergroup.com	1
dominiando.asia	dominiando.it	1
kniot.com	co.il	1
proginter.com	co.il	1
hostarmada.net	org.il	2
stabletransit.com	ZOHO-AS	3
DIGITALOCEAN-ASN	org.il	4
dtnt.info	ZOHO Corporation B.V	1
ORACLE-BMC-31898	co.il	2
awsdns-09.org	co.il	1
awsdns-34.org	co.il	1
awsdns-02.net	iphmx.com	1
box-dns.com	ZOHO-AS	1
CLOUDFLARENET	sys.solar	1
se-ocm.com	co.il	2
sureserver.com	org.il	1
CLOUDFLARENET	trendmicro.eu	1
Hivelocity LLC	GOOGLE	1
awsdns-19.org	co.il	1
jerusalemklezmer.com	co.il	2
gvodns.com	co.il	2
e2youngengineers.org	GOOGLE	1
awsdns-32.com	trendmicro.eu	1
awsdns-02.com	co.il	2
GOOGLE	tqtag.com	1
co.il	qq.com	1
privateserver.name	co.il	1
managed-ip.com	co.il	1
example.com	alef-marketing.site	1
net.il	netmor.com	1
CLOUDFLARENET	redshark.cloud	1
co.il	cloud-node.net	1
co.uk	ZOHO-AS	1
ipcom GmbH	GOOGLE	1
myworlddns.com	co.il	1
Host Europe GmbH	net-royal.com	1
fozzy.com	co.il	1
whirlpool.com	whirlpool.com	1
Akamai International B.V.	net.il	1
da.direct	co.il	2
i-net.ps	i-net.ps	1
Bezeq International Ltd.	Proton AG	1
digima.host	GOOGLE	1
awsdns-25.net	Forcepoint Cloud Ltd	1
2allinfo.info	co.il	2
Interspace Ltd.	YANDEX LLC	1
phpwebhosting.com	co.il	1
gfsrv.net	gfsrv.net	1
betracloud.com	co.il	1
net.il	thalesgroup.com	1
NSONE	iphmx.com	1
registrar-servers.com	org.il	1
CLOUDFLARENET	rwgusa.net	1
awsdns-16.org	MICROSOFT-CORP-MSN-AS-BLOCK	1
MICROSOFT-CORP-MSN-AS-BLOCK	Akamai International B.V.	1
DIGICERT	Forcepoint Cloud Ltd	1
hostwhitelabel.com	co.il	1
100ws.com	100ws.com	1
ereznet.com	MICROSOFT-CORP-MSN-AS-BLOCK	1
hostactor.com	co.il	1
contabo.net	org.il	1
net.il	alqudsnet.com	1
digima.host	co.il	1
GANDI SAS	puressentiel.com	1
hostsila.com	co.il	1
powdns.com	co.il	2
NETWORK-SOLUTIONS-HOSTING	org.il	2
CLOUDFLARENET	proginter.com	1
hostarmada.net	co.il	1
GOOGLE	ovh.net	1
awsdns-27.net	GOOGLE	1
unknown	GOOGLE	1
awsdns-17.org	GOOGLE	2
awsdns-18.org	GOOGLE	1
AMAZON-02	CLOUDFLARENET	1
AMAZON-02	trio-cloud.com	1
HURRICANE	Proton AG	1
CLOUDFLARENET	thmcloud.com	1
skythel.space	co.il	1
freehosting.com	co.il	2
awsdns-14.com	GOOGLE	1
awsdns-18.org	MICROSOFT-CORP-MSN-AS-BLOCK	1
atern.us	co.il	1
unknown	co.il	3
Interspace Ltd.	Proton AG	1
Bezeq International Ltd.	net.il	1
transip.eu	co.il	1
hostmonster.com	co.il	1
com.au	co.il	1
impervasecuredns.net	co.il	1
zonomi.com	co.il	1
cbjobs.net	careerbuilder.com	1
pcog.org	co.il	2
linode.com	Fastmail Pty Ltd	1
web365.ro	org.il	1
duginetwork.com	org.il	1
CLOUDFLARENET	junkemailfilter.com	1
CLOUDFLARENET	ipage.com	1
beta-hosting.com	MICROSOFT-CORP-MSN-AS-BLOCK	1
secured-cloud2.net	secured-cloud2.net	3
AMAZON-02	stableserver.net	1
Interspace Ltd.	114.214	1
sslcatacombnetworking.com	GOOGLE	1
awsdns-15.com	MICROSOFT-CORP-MSN-AS-BLOCK	1
co.uk	calzedonia.com	1
webhostmost.com	co.il	1
cheetahosting.com	co.il	1
CLOUDFLARENET	supercp.com	1
co.il	YANDEX LLC	1
nativ.pro	co.il	1
srvit.net	co.il	1
CLOUDFLARENET	elimigdal.com	1
idnsbox.net	GOOGLE	1
SECURITYSERVICES	dnsassurance.com	1
CLOUDFLARENET	shomershabes.com	1
jetserver.net	ZOHO-AS	1
udag.de	pironet-ndh.com	1
mediatemple.net	MICROSOFT-CORP-MSN-AS-BLOCK	1
GANDI SAS	iphmx.com	1
co.il	cloudwm-mx.com	1
awsdns-07.org	MICROSOFT-CORP-MSN-AS-BLOCK	1
sahersrur.com	co.il	1
Partner Communications Ltd.	org.il	1
PONYNET	MICROSOFT-CORP-MSN-AS-BLOCK	1
awsdns-40.net	co.il	1
CLOUDFLARENET	192.113	1
CLOUDFLARENET	mxthunder.net	1
Cloud DNS Ltd	mandrillapp.com	1
linux-serv.info	co.il	1
cloudwebhosting.com	co.il	1
CLOUDFLARENET	barracudanetworks.com	1
NSONE	co.il	1
elron.net	GOOGLE	1
ROMARG SRL	whmpanels.com	1
beta-hosting.com	org.il	1
afik11.com	co.il	1
GANDI SAS	te-dns.net	1
co.il	spamtitan.com	1
CLOUDFLARENET	namehero.net	1
awsdns-12.net	GO-DADDY-COM-LLC	1
net.il	antispameurope.com	1
dtnt.info	abra-it.cloud	1
CLOUDFLARENET	dtnt.email	1
schooly.land	co.il	1
linux-hosting.network	GOOGLE	1
CLOUDFLARENET	baxter.com	1
nsdns.info	org.il	1
perf1.com	SECURITYSERVICES	1
GOOGLE	iphmx.com	1
CLOUDFLARENET	cloudwm-mx.com	1
corky.net	co.il	1
awsdns-10.org	MICROSOFT-CORP-MSN-AS-BLOCK	1
chabadonline.com	clhosting.org	2
srv53.net	mirohost.net	1
awsdns-03.com	GOOGLE	1
awsdns-15.com	GOOGLE	2
aspcloudhost.com	org.il	1
DIGICERT	RACKSPACE	1
supremebox.com	supremecluster.com	1
MICROSOFT-CORP-MSN-AS-BLOCK	trendmicro.com	1
hostgator.com	msv1.invalid	1
AUTOMATTIC	millenniumarts.net	1
hostnet.nl	routit.net	1
ediciel.com	ediciel.com	1
mtcwebserver.com	co.il	1
NSONE	ibm.com	1
wpx.net	co.il	1
startlogic.com	co.il	1
awsdns-03.net	GOOGLE	2
AMAZON-02	Proton AG	1
site4now.net	site4now.net	1
Host Europe GmbH	pphosted.com	1
hetzner.com	GOOGLE	1
exacttarget.com	exacttarget.com	1
1.32	co.il	1
acw.at	acw.at	1
noc40.com	co.il	1
DIGICERT	net.il	1
webhostingbuzz.com	co.il	2
quicns.com	co.il	1
mymsn.eu	MICROSOFT-CORP-MSN-AS-BLOCK	1
SECURITYSERVICES	iphmx.com	1
comtrance.de	co.il	1
awsdns-09.net	GOOGLE	2
CLOUDFLARENET	mail.ru	1
AUTOMATTIC	AUTOMATTIC	1
MICROSOFT-CORP-MSN-AS-BLOCK	strauss-group.com	1
LIQUIDWEB	org.il	1
noc40.com	org.il	1
shev.com	co.il	1
CLOUDFLARENET	0x59.net	1
serveriai.lt	serveriai.lt	1
ngninfra.net	ngninfra.net	1
Y-tech ICT Ltd.	y-tech.net	2
Interspace Ltd.	hotmail.com	1
mischar.net	mischar.net	1
aumix.net	co.il	1
csshostsdns.com	GOOGLE	1
NSONE	Forcepoint Cloud Ltd	1
cpanel.ge	GOOGLE	1
thost.solutions	co.il	1
CLOUDFLARENET	workspace.org	1
Host Europe GmbH	org.il	1
Interspace Ltd.	vr-host.me	1
desec.io	GOOGLE	1
silverpop.com	co.il	1
Host Europe GmbH	YANDEX LLC	1
DIGICERT	hotmail.com	1
Akamai International B.V.	ibm.com	1
runhosting.com	co.il	1
SECURITYSERVICES	vikingdirect.nl	1
Interspace Ltd.	CLOUDFLARENET	1
amazonaws.com	GOOGLE	1
invertadigital.com	co.il	1
emaillion.net	co.il	1
awsdns-01.org	org.il	1
AUTOMATTIC	wordpress.com	1
securednshost.com	co.il	1
Hetzner Online GmbH	Proton AG	1
MICROSOFT-CORP-MSN-AS-BLOCK	bata.com	1
net.il	pphosted.com	1
yaakivps.com	org.il	1
nameshield.net	pphosted.com	1
GOOGLE-CLOUD-PLATFORM	MICROSOFT-CORP-MSN-AS-BLOCK	1
lexsynergy.info	SECURITYSERVICES	1
a2dns.com	GOOGLE	1
ichsunlinux.cc	co.il	1
mydomain.com	org.il	1
ns.gold	mx.services	1
SECURITYSERVICES	AMAZON-02	1
sanapix.org	GOOGLE	1
easydns.com	easydns.com	1
hosnts.io	cprapid.com	1
awsdns-01.org	AMAZON-02	1
GOOGLE	flockmail.com	1
dtnt.info	ZOHO-AS	1
SECURITYSERVICES	stepstone.com	1
CLOUDFLARENET	7171.online	1
name-services.com	psmtp.com	1
awsdns-06.com	co.il	1
q-bytes.com	co.il	1
perf1.com	INCAPSULA	1
localdomain.local	org.il	1
datacenter.no	webhuset.no	1
stabletransit.com	amazonses.com	1
serverhostgroup.com	co.il	1
amoya-studio.com	co.il	1
Partner Communications Ltd.	GOOGLE	1
AUTOMATTIC	Fastmail Pty Ltd	1
edomain1.net	org.il	1
ichsunlinux.info	org.il	1
hetzner.com	co.il	1
privategoldhosting.com	GOOGLE	1
dnsmyhost.com	co.il	1
afraid.org	org.il	1
hostpapa.com	MICROSOFT-CORP-MSN-AS-BLOCK	1
publicisgroupe.com	MICROSOFT-CORP-MSN-AS-BLOCK	1
awsdns-38.net	GOOGLE	1
x10premium.com	co.il	1
50webs.net	50webs.net	1
awsdns-28.com	GOOGLE	1
prohosting.gr	org.il	1
CLOUDFLARENET	scanscope.net	2
Cloud DNS Ltd	net.il	1
totalchoicehosting.com	co.il	1
CLOUDFLARENET	bernstein.space	1
awsdns-21.org	Forcepoint Cloud Ltd	1
vultr.com	GOOGLE	1
hostgator.com	dtnt.email	1
cloudns.net	org.il	1
communigal.net	org.il	1
domain.com	MICROSOFT-CORP-MSN-AS-BLOCK	1
CLOUDFLARENET	mailhostbox.com	1
cloudsector.net	org.il	1
CLOUDFLARENET	servers24.email	1
medtronic.com	microsoft.com	1
uPress Inc	fortimailcloud.com	1
mtmpro.net	GOOGLE	1
Dream Vps Ltd	ZOHO-AS	1
dynu.com	tom-ar.com	1
awsdns-10.org	co.il	1
awsdns-37.org	AMAZON-02	1
CLOUDFLARENET	dspro.io	1
solone.net	co.il	1
co.il	omnis.com	1
dodihosting.com	org.il	2
dnsitalia.net	co.il	1
Hetzner Online GmbH	g32.us	1
CLOUDFLARENET	purelymail.com	1
cloudns.net	MICROSOFT-CORP-MSN-AS-BLOCK	1
safenames.com	org.il	1
shemayisrael.com	shemayisrael.com	1
realhost.pro	GOOGLE	1
