CLOUDFLARENET	assignmenthelp.bh	1
AUTOMATTIC	GOOGLE	1
ipcom GmbH	GOOGLE	74
AMAZON-02	penhaligons.bh	1
Host Europe GmbH	SQUIXA PTY LIMITED	3
GOOGLE	MICROSOFT-CORP-MSN-AS-BLOCK	6
MICROSOFT-CORP-MSN-AS-BLOCK	ko.com	5
registrar-servers.com	GOOGLE	3
SECURITYSERVICES	SECURITYSERVICES	149
ipcom GmbH	AMAZON-02	18
awsdns-00.org	MICROSOFT-CORP-MSN-AS-BLOCK	3
Host Europe GmbH	MICROSOFT-CORP-MSN-AS-BLOCK	18
AMAZON-02	GOOGLE	3
ipage.com	unitedtower.bh	1
ipcom GmbH	MICROSOFT-CORP-MSN-AS-BLOCK	121
register.it	Register S.p.A.	12
CLOUDFLARENET	MICROSOFT-CORP-MSN-AS-BLOCK	99
awsdns-26.com	MICROSOFT-CORP-MSN-AS-BLOCK	1
CLOUDFLARENET	GOOGLE	83
CLOUDFLARENET	AUTOMATTIC	26
hostarmada.net	hostarmada.net	1
Etisalcom Bahrain Company W.L.L.	khadamati.bh	1
tasjeel.ae	CLOUDFLARENET	146
site4now.net	site4now.net	1
SECURITYSERVICES	NAMECHEAP-NET	19
awsdns-19.net	MICROSOFT-CORP-MSN-AS-BLOCK	3
routing.net	Eurofiber France SAS	1
webhostinghub.com	motorshow.bh	1
Safenames Ltd.	SECURITYSERVICES	1
ovh.net	idce.bh	1
AMAZON-02	alfahad.bh	1
CLOUDFLARENET	softflow.bh	1
Cloud DNS Ltd	GOOGLE	29
CLOUDFLARENET	ZOHO-AS	19
ipcom GmbH	AS2-TRENDMICRO-COM	4
CLOUDFLARENET	gallon.bh	1
ipcom GmbH	manarat.bh	1
ipcom GmbH	com.bh	36
serverhostgroup.com	GOOGLE	2
Host Europe GmbH	GO-DADDY-COM-LLC	3
Kalaam Telecom Bahrain B.S.C.	yummies.bh	1
ipage.com	mannai.bh	1
netfirms.com	travelers.bh	1
CLOUDFLARENET	CLOUDFLARENET	73
ipcom GmbH	OVH SAS	74
Host Europe GmbH	GOOGLE	4
MICROSOFT-CORP-MSN-AS-BLOCK	APPLE-ENGINEERING	1
CLOUDFLARENET	delmongate.bh	1
CLOUDFLARENET	AMAZON-02	11
CLOUDFLARENET	mailchannels.net	3
ipcom GmbH	ZOHO-AS	15
ipcom GmbH	privateemail.com	2
777servers.com	karproperties.bh	1
ipcom GmbH	orientalpress.bh	1
AMAZON-02	MICROSOFT-CORP-MSN-AS-BLOCK	3
hostgator.com	freshmarket.bh	1
awsdns-13.org	AMAZON-02	1
SECURITYSERVICES	SQUIXA PTY LIMITED	3
tier4network.com	btraining.bh	1
dnsprivado.net	arkay.bh	1
hostgator.com	AMAZON-02	2
awsdns-48.net	MICROSOFT-CORP-MSN-AS-BLOCK	1
awsdns-03.com	GOOGLE	1
CLOUDFLARENET	platformbahrain.bh	1
linode.com	sinails.bh	1
Akamai International B.V.	domainoo.fr	1
awsdns-38.org	MICROSOFT-CORP-MSN-AS-BLOCK	2
CLOUDFLARENET	purelymail.com	1
AMAZON-02	holisco.bh	1
CLOUDFLARENET	101domain.com	9
ipcom GmbH	palmcapital.bh	1
awsdns-01.net	AMAZON-02	3
CLOUDFLARENET	khams.bh	1
ipcom GmbH	onice.io	1
contabo.net	sketch.bh	1
ipcom GmbH	almarai.com	1
ipcom GmbH	nidukki.bh	1
tasjeel.ae	MICROSOFT-CORP-MSN-AS-BLOCK	5
hostgator.com	best-property.bh	1
co.uk	hasja.bh	1
AMAZON-02	GOOGLE-CLOUD-PLATFORM	8
ipcom GmbH	bahrainedb.com	6
awsdns-09.org	MICROSOFT-CORP-MSN-AS-BLOCK	1
ipcom GmbH	mail-forwarder.io	1
NUCDN	MICROSOFT-CORP-MSN-AS-BLOCK	1
ipcom GmbH	fedi.bh	1
hostgator.com	bahraintaxi.bh	1
armadaservers.com	armadaservers.com	1
Kalaam Telecom Bahrain B.S.C.	sansiro.bh	1
ipcom GmbH	trident.bh	1
NETWORK-SOLUTIONS-HOSTING	GOOGLE	5
netim.net	Eurofiber France SAS	22
awsdns-45.net	GOOGLE	1
ipcom GmbH	handicrafts.bh	1
SCAAM0001	ngninfra.net	5
IONOS SE	NorthC Deutschland GmbH	17
CLOUDFLARENET	hostinger.ae	2
etisalatdomains.ae	SQUIXA PTY LIMITED	1
CLOUDFLARENET	targetsports.bh	1
hostgator.com	alrayah.bh	1
awsdns-21.com	MICROSOFT-CORP-MSN-AS-BLOCK	1
CLOUDFLARENET	kfca.sa	1
AMAZON-02	ayurvedaexperience.bh	1
eolas.fr	eolas-services.com	2
CLOUDFLARENET	emailsecurity.app	1
GANDI SAS	GANDI SAS	14
awsdns-08.org	MICROSOFT-CORP-MSN-AS-BLOCK	1
awsdns-25.com	MICROSOFT-CORP-MSN-AS-BLOCK	3
ipcom GmbH	calzedonia.com	4
iptwins.com	te-dns.net	1
prodomaines.com	prodomaines.com	1
ipcom GmbH	netsolmail.net	4
CLOUDFLARENET	Zoho Corporation Pvt. Ltd	5
CLOUDFLARENET	team.bh	1
tasjeel.ae	ZOHO-AS	5
ipcom GmbH	royalcourt.bh	1
GOOGLE	SQUIXA PTY LIMITED	1
al-nadeem.com	MICROSOFT-CORP-MSN-AS-BLOCK	3
awsdns-21.net	MICROSOFT-CORP-MSN-AS-BLOCK	1
CLOUDFLARENET	simplelogin.co	1
CLOUDFLARENET	smcg.bh	1
AMAZON-02	diwanstyle.bh	1
com.tr	halkbankbahreyn.bh	1
AUTOMATTIC	wordpress.com	1
CLOUDFLARENET	onepeak.bh	1
awsdns-07.org	MICROSOFT-CORP-MSN-AS-BLOCK	3
CLOUDFLARENET	APPLE-ENGINEERING	5
Etisalcom Bahrain Company W.L.L.	phoeniciahotel.bh	1
ipcom GmbH	spamexperts.com	2
ipcom GmbH	afg.bh	1
hostgator.com	iclean.bh	1
bamboozle.me	mailchannels.net	1
CLOUDFLARENET	Cloudflare London, LLC	4
awsdns-27.com	MICROSOFT-CORP-MSN-AS-BLOCK	1
perf1.com	Nameshield SAS	7
tasjeel.ae	GOOGLE	4
messagingengine.com	messagingengine.com	2
AMAZON-02	troof.bh	1
CLOUDFLARENET	lyfe.bh	1
nameshield.net	Nameshield SAS	8
intelligent-ebusiness.com	MICROSOFT-CORP-MSN-AS-BLOCK	3
ipcom GmbH	sansoft.bh	1
hostgator.com	dentalclub.bh	1
MICROSOFT-CORP-MSN-AS-BLOCK	MICROSOFT-CORP-MSN-AS-BLOCK	28
openprovider.be	MICROSOFT-CORP-MSN-AS-BLOCK	1
ipcom GmbH	banknbox.bh	1
CLOUDFLARENET	synectics.bh	1
awsdns-08.net	MICROSOFT-CORP-MSN-AS-BLOCK	2
awsdns-05.com	OVH SAS	1
UNIFIEDLAYER-AS-1	pets.bh	1
hostgator.com	mva.bh	1
AMAZON-02	mysecurecloudhost.com	1
awsdns-29.org	AMAZON-02	1
Cloud DNS Ltd	ZOHO-AS	3
awsdns-03.com	MICROSOFT-CORP-MSN-AS-BLOCK	2
google.com	GOOGLE	1
awsdns-17.org	MICROSOFT-CORP-MSN-AS-BLOCK	2
awsdns-08.net	uh-net.com	1
GOOGLE	GOOGLE	10
hostgator.com	MICROSOFT-CORP-MSN-AS-BLOCK	4
weetas.com	homefix.bh	1
ipcom GmbH	kalaam.bh	1
gpc.bh	MICROSOFT-CORP-MSN-AS-BLOCK	1
CLOUDFLARENET	alhadeeth.bh	1
AMAZON-02	fw-paris.bh	1
ipcom GmbH	mailhop.org	1
awsdns-01.org	MICROSOFT-CORP-MSN-AS-BLOCK	1
softlayer.com	bluewave.bh	1
Etisalcom Bahrain Company W.L.L.	miradorhotel.bh	1
awsdns-04.com	MICROSOFT-CORP-MSN-AS-BLOCK	4
veerotech.net	alloywheel.bh	1
lemarit.de	MICROSOFT-CORP-MSN-AS-BLOCK	1
CLOUDFLARENET	gti.bh	1
worldnic.com	x-ion GmbH	3
bluewebsolutions.in	GO-DADDY-COM-LLC	1
hostgator.com	a9eel.bh	1
awsdns-17.com	MICROSOFT-CORP-MSN-AS-BLOCK	1
ipcom GmbH	lovemytour.bh	1
awsdns-11.com	MICROSOFT-CORP-MSN-AS-BLOCK	3
server.ae	mvcorp.bh	1
ipcom GmbH	msoutlookonline.net	1
Kalaam Telecom Bahrain B.S.C.	puregroup.bh	1
partnerconsole.net	MICROSOFT-CORP-MSN-AS-BLOCK	1
safenames.com	SQUIXA PTY LIMITED	1
safebrands.com	socomec.bh	1
AMAZON-02	AMAZON-02	1
domainoo.fr	domainoo.fr	4
awsdns-35.com	AMAZON-02	1
CLOUDFLARENET	saaki.net	1
Hetzner Online GmbH	emcan.bh	1
NSONE	MICROSOFT-CORP-MSN-AS-BLOCK	2
ipcom GmbH	oneoffice.ca	2
Abu-Ghazaleh Intellectual Property Ltd.	tagorg.com	2
sedgwick.com	sedgwick.bh	1
ipcom GmbH	diyaar.bh	1
ipcom GmbH	farmfix.bh	1
ipcom GmbH	arizonaais.bh	1
Etisalcom Bahrain Company W.L.L.	MICROSOFT-CORP-MSN-AS-BLOCK	2
server.ae	gulfoasis.bh	1
vodadns.com	emailsrvr.com	1
ipcom GmbH	northstar.bh	1
SECURITYSERVICES	atta.bh	1
CLOUDFLARENET	NAMECHEAP-NET	1
contabo.net	nhdn.bh	1
ipcom GmbH	ppe-hosted.com	1
co.uk	SECURITYSERVICES	1
awsdns-41.net	GOOGLE	1
AMAZON-02	chemdry.bh	1
SECURITYSERVICES	MICROSOFT-CORP-MSN-AS-BLOCK	3
Kalaam Telecom Bahrain B.S.C.	mega.bh	1
CLOUDFLARENET	yandex.net	1
awsdns-05.net	MICROSOFT-CORP-MSN-AS-BLOCK	2
inmotionhosting.com	cheerdrop.bh	1
sedoparking.com	localhost	7
netim.net	mxhichina.com	1
CLOUDFLARENET	premium.bh	1
GOOGLE	breadtoast.bh	1
AMAZON-02	letu.bh	1
hostgator.com	discoverlife.bh	1
ipcom GmbH	crownprince.bh	1
rackspace.com	orkin.bh	1
evo.org	GOOGLE	1
asurahosting.com	MICROSOFT-CORP-MSN-AS-BLOCK	1
CLOUDFLARENET	gold.bh	1
hostcarts.com	GOOGLE	2
awsdns-00.net	AMAZON-02	1
ipcom GmbH	iphmx.com	2
awsdns-47.net	MICROSOFT-CORP-MSN-AS-BLOCK	1
highestweb.com	MICROSOFT-CORP-MSN-AS-BLOCK	1
linode.com	isdin.bh	1
gov.bh	MICROSOFT-CORP-MSN-AS-BLOCK	3
AUTOMATTIC	MICROSOFT-CORP-MSN-AS-BLOCK	1
CLOUDFLARENET	essaywriter.bh	1
ipcom GmbH	bmco.bh	1
ipcom GmbH	amazonses.com	1
ipcom GmbH	bapsbahrain.bh	1
zaccodigitaltrustlabs.se	SECURITYSERVICES	1
awsdns-00.com	MICROSOFT-CORP-MSN-AS-BLOCK	1
ilimit.net	salicru.bh	1
CLOUDFLARENET	legalservicesbahrain.bh	1
registrar-servers.com	com.bh	1
CLOUDFLARENET	zoho.eu	1
interserver.net	chicco.bh	1
Cloud DNS Ltd	MICROSOFT-CORP-MSN-AS-BLOCK	12
CLOUDFLARENET	bestune.bh	1
cloudns.io	summit.bh	1
CLOUDFLARENET	Proton AG	5
bigrockservers.com	ivi.bh	1
bb-online.net	co.uk	2
ovh.net	MICROSOFT-CORP-MSN-AS-BLOCK	1
NUCDN	SECURITYSERVICES	2
tasjeel.ae	Proton AG	1
obambu.com	casa.bh	1
AMAZON-02	marketparts.bh	1
Kalaam Telecom Bahrain B.S.C.	naqsha.bh	1
CLOUDFLARENET	modamall.bh	1
PRIVATESYSTEMS	MICROSOFT-CORP-MSN-AS-BLOCK	4
awsdns-56.net	MICROSOFT-CORP-MSN-AS-BLOCK	1
iptwins.com	iptwins.com	7
etisalatdomains.ae	MICROSOFT-CORP-MSN-AS-BLOCK	1
AMAZON-02	liva.bh	1
Kalaam Telecom Bahrain B.S.C.	SQUIXA PTY LIMITED	1
UNIFIEDLAYER-AS-1	iws.bh	1
ipage.com	manamaclub.bh	1
CLOUDFLARENET	remax-premier.bh	1
tasjeel.ae	quantanova.bh	1
ipcom GmbH	CLOUDFLARENET	2
awsdns-03.net	MICROSOFT-CORP-MSN-AS-BLOCK	1
safenames.com	idp365.net	1
Kalaam Telecom Bahrain B.S.C.	etime.bh	1
tasjeel.ae	signature.bh	1
ipcom GmbH	messagelabs.com	2
noc40.com	svglobal.bh	1
veeblehosting.com	GOOGLE	1
PONYNET	NAMECRANE	6
NSONE	shemedic.bh	1
tasjeel.ae	privateemail.com	1
NUCDN	jobted.com	1
CLOUDFLARENET	mailgun.org	1
SECURITYSERVICES	ko.com	1
e-brandingtools.com	e-brandingtools.com	3
MICROSOFT-CORP-MSN-AS-BLOCK	unilever.com	1
SECURITYSERVICES	GOOGLE	4
ipcom GmbH	boc.bh	1
CLOUDFLARENET	AS2-TRENDMICRO-COM	2
verio.com	geely.bh	1
hostgator.com	GOOGLE	1
contabo.net	whsummit.bh	1
AMAZON-02	letoile.bh	1
AMAZON-02	creativelab.bh	1
linode.com	Proton AG	1
hostgator.com	alka.bh	1
Hetzner Online GmbH	barakat.bh	1
ipcom GmbH	limbr.bh	1
hostgator.com	magic.bh	1
awsdns-04.net	ZOHO-AS	1
geeksgang.net	MICROSOFT-CORP-MSN-AS-BLOCK	2
CLOUDFLARENET	SECURITYSERVICES	1
ipcom GmbH	nanopool.bh	1
Atak Domain Bilgi Teknolojileri A.S.	maillb.com	1
vivawebhost.com	MICROSOFT-CORP-MSN-AS-BLOCK	1
ipcom GmbH	rmi-fragrances.bh	1
my-control-panel.com	MICROSOFT-CORP-MSN-AS-BLOCK	1
bigrockservers.com	nesma.bh	1
awsdns-01.net	MICROSOFT-CORP-MSN-AS-BLOCK	1
Hetzner Online GmbH	tojjar.bh	1
ipcom GmbH	np.bh	1
markmonitor.com	MICROSOFT-CORP-MSN-AS-BLOCK	2
CLOUDFLARENET	exim.bh	1
awsdns-01.com	mkfbh.bh	1
zolahost.net	lagardenia.bh	1
AMAZON-02	anastasia.bh	1
gransy.com	onlineshop.bh	1
CLOUDFLARENET	watani.bh	1
AMAZON-02	cprs.bh	1
Cloud DNS Ltd	npcs.bh	1
solidhosting.pro	pentasystem.bh	1
websitedevlober.com	gsoft.bh	1
Kalaam Telecom Bahrain B.S.C.	kitchenhub.bh	1
diyar.bh	AS2-TRENDMICRO-COM	1
codero.com	MICROSOFT-CORP-MSN-AS-BLOCK	1
freehosting.com	freehosting.com	1
ovh.net	secaas.ch	1
tasjeel.ae	velai.bh	1
AMAZON-02	honeytree.bh	1
rc.bh	rc.bh	1
awsdns-16.net	MICROSOFT-CORP-MSN-AS-BLOCK	1
hostgator.com	dc.bh	1
server.ae	server.ae	1
ignum.com	icewarp.com	1
CLOUDFLARENET	te-dns.net	3
contabo.net	zoom.bh	1
GOOGLE	bdf.bh	1
interland.net	GOOGLE	2
routing.net	routing.net	1
nexcess.net	alsalam.bh	1
Cloud DNS Ltd	privateemail.com	1
CLOUDFLARENET	harmonic.bh	1
mainnameserver.com	goldmillmarkets.bh	1
m33r.net	sebamed.bh	1
hostgator.com	tejoury.bh	1
CLOUDFLARENET	isearch.bh	1
hostgator.com	cocreate.bh	1
awsdns-29.com	MICROSOFT-CORP-MSN-AS-BLOCK	1
awsdns-16.com	MICROSOFT-CORP-MSN-AS-BLOCK	1
awsdns-53.org	bacfm.bh	1
hostgator.com	mashroo3i.bh	1
AMAZON-02	sofiarose.bh	1
AMAZON-02	houseofbeauty.bh	1
awsdns-07.net	MICROSOFT-CORP-MSN-AS-BLOCK	1
awsdns-02.net	MICROSOFT-CORP-MSN-AS-BLOCK	2
CLOUDFLARENET	lumon.fi	1
ipcom GmbH	creativevision.bh	1
viserlab.com	triple5.bh	1
Etisalcom Bahrain Company W.L.L.	ccu.bh	1
webhostingpremium.com	itflavor.bh	1
60.179	AMAZON-02	1
linuxhostinginindia.com	ansar-group.bh	1
awsdns-01.com	MICROSOFT-CORP-MSN-AS-BLOCK	1
ascio.com	ascio.com	1
serverhostgroup.com	cricket.bh	1
Cloud DNS Ltd	Proton AG	2
hostwhitelabel.com	kama.bh	1
AMAZON-02	thearabianhorse.bh	1
Akamai International B.V.	AMAZON-02	1
tasjeel.ae	APPLE-ENGINEERING	1
salamgas.com	kastron.bh	1
CLOUDFLARENET	alghad.bh	1
centralnic-dns.com	GOOGLE	1
domain.com	opensea.bh	1
inmotionhosting.com	MICROSOFT-CORP-MSN-AS-BLOCK	1
ipcom GmbH	daemonmail.net	1
hostlinks.net	gulftimes.bh	1
ipcom GmbH	mycellmart.bh	1
asasaloula.co	iqam.bh	1
softlayer.com	empire.bh	1
CLOUDFLARENET	print.bh	1
AMAZON-02	feinics.bh	1
AMAZON-02	ruyanbeauty.bh	1
ezhostingserver.com	enaya.bh	1
awsdns-06.com	GOOGLE	1
Kalaam Telecom Bahrain B.S.C.	edama.bh	1
Host Europe GmbH	gap.com	1
AMAZON-02	goldbank.bh	1
amancorp.com	MICROSOFT-CORP-MSN-AS-BLOCK	1
CLOUDFLARENET	dvemail.eu	1
CLOUDFLARENET	spamexperts.com	1
CLOUDFLARENET	ipgc.bh	1
tasjeel.ae	axis-energy.bh	1
ipcom GmbH	capaco.ae	1
awsdns-05.org	MICROSOFT-CORP-MSN-AS-BLOCK	2
tasjeel.ae	funkycamel.bh	1
afraid.org	privacy.bh	1
ipcom GmbH	cure.bh	1
PRIVATESYSTEMS	GOOGLE	1
markmonitor.com	markmonitor.com	4
ipcom GmbH	symantecmail.com	1
CLOUDFLARENET	fruugo.net	1
GOOGLE	AMAZON-02	1
hostgator.com	tour.bh	1
CLOUDFLARENET	humana-baby.bh	1
hostpma.pro	mailserve.pro	1
cprapid.com	daytoday.bh	1
futuresouls.com	GOOGLE	1
Host Europe GmbH	sosweet.bh	1
startdedicated.com	mydecor.bh	1
zain.bh	zain.bh	1
CLOUDFLARENET	host-h.net	1
supremedns.com	supremebox.com	2
server.ae	copper.bh	1
awsdns-11.org	GOOGLE	2
awsdns-23.com	MICROSOFT-CORP-MSN-AS-BLOCK	1
ipcom GmbH	forwardemail.net	1
CLOUDFLARENET	Nameshield SAS	1
ipcom GmbH	mailcontrol.com	3
AMAZON-02	credit.bh	1
PONYNET	openinnovation.bh	1
AMAZON-02	autopark.bh	1
AMAZON-02	legacylocker.bh	1
SECURITYSERVICES	hostedemail.com	1
Hetzner Online GmbH	snow.bh	1
Hetzner Online GmbH	adam.bh	1
intel.com	intel.com	1
ipcom GmbH	cued.bh	1
CLOUDFLARENET	aokeme.com	1
NUCDN	GOOGLE	1
ipcom GmbH	synthesis.bh	1
alastyr.com	alastyr.com	1
CLOUDFLARENET	comm.bh	1
hostgator.com	circle.bh	1
aexea.net	MICROSOFT-CORP-MSN-AS-BLOCK	1
timeweb.org	mail.ru	1
CLOUDFLARENET	hostinger.in	1
CLOUDFLARENET	securesites.net	1
bahrainfa.me	mybfa.bh	1
CLOUDFLARENET	innovator.bh	1
AMAZON-02	msv1.invalid	1
AMAZON-02	ZOHO-AS	2
ipcom GmbH	dilmah.bh	1
awsdns-32.com	MICROSOFT-CORP-MSN-AS-BLOCK	1
babserver.com	thd.bh	1
ipcom GmbH	diyarretail.bh	1
contaboserver.net	estedama.bh	1
CLOUDFLARENET	dana.bh	1
CLOUDFLARENET	co.th	1
awsdns-12.org	MICROSOFT-CORP-MSN-AS-BLOCK	1
hostgator.com	linkpoint.bh	1
novonordisk.com	nnithosting.com	1
ipcom GmbH	nasmah.bh	1
AMAZON-02	holidays.bh	1
awsdns-17.org	AS2-TRENDMICRO-COM	1
CLOUDFLARENET	meem.bh	1
influxnetworks.net	GOOGLE	1
nic.bh	GOOGLE	1
adsinmedia.com	ocat.bh	1
awsdns-25.org	fortimailcloud.com	1
CLOUDFLARENET	dg.bh	1
awsdns-47.org	uh-net.com	1
awsdns-05.net	GOOGLE	2
ipcom GmbH	teeup.bh	1
CLOUDFLARENET	pulse.bh	1
vodadns.com	alraya.bh	1
tasjeel.ae	dealzbook.com	1
Cloud DNS Ltd	onice.io	1
Hetzner Online GmbH	toptrend.bh	1
Etisalcom Bahrain Company W.L.L.	etisalcom.bh	1
beget.com	beget.com	1
AMAZON-02	pearlingpath.bh	1
registrar-servers.com	MICROSOFT-CORP-MSN-AS-BLOCK	1
emirates.com	emirates.com	1
awsdns-03.org	MICROSOFT-CORP-MSN-AS-BLOCK	1
AMAZON-02	stableserver.net	1
awsdns-23.org	MICROSOFT-CORP-MSN-AS-BLOCK	1
linevast.com	muehle.bh	1
localhost.bh	localhost.bh	1
markmonitor.com	CLOUDFLARENET	1
justhost.com	travelmate.bh	1
Kalaam Telecom Bahrain B.S.C.	pure.bh	1
CLOUDFLARENET	upfordown.com	1
tasjeel.ae	neom.bh	1
AMAZON-02	noor.bh	1
Etisalcom Bahrain Company W.L.L.	btech.bh	1
hostgator.com	ZOHO-AS	2
strules.com	starautomobile.bh	1
Atak Domain Bilgi Teknolojileri A.S.	intercom.bh	1
tasjeel.ae	fminter.bh	1
ipcom GmbH	yandex.net	1
markmonitor.com	giggulf.bh	1
inmotionhosting.com	printo.bh	1
awsdns-17.org	GOOGLE	1
Host Europe GmbH	AMAZON-02	1
CLOUDFLARENET	opalstack.com	1
tasjeel.ae	gymify.bh	1
Host Europe GmbH	chess.bh	1
awsdns-23.org	hey.com	1
tasjeel.ae	remas.bh	1
awsdns-09.net	AMAZON-02	1
awsdns-05.com	divebahrain.bh	1
laser.bh	laser.bh	1
AMAZON-02	oiaboutique.bh	1
nexcess.net	GOOGLE	1
inmotionhosting.com	wahaat.bh	1
awsdns-06.net	MICROSOFT-CORP-MSN-AS-BLOCK	1
hostgator.com	sma.bh	1
AMAZON-02	podsalt.bh	1
syrahost.com	accessiblebahrain.bh	1
GOOGLE	ammari.bh	1
786hoster.com	GOOGLE	1
hostgator.com	kings.bh	1
CLOUDFLARENET	velas.bh	1
CLOUDFLARENET	one80.bh	1
h2mserver.com	GOOGLE	1
Zain Bahrain B.s.c.	MICROSOFT-CORP-MSN-AS-BLOCK	1
PONYNET	alforsa.bh	1
ipcom GmbH	tasaheel.bh	1
ipcom GmbH	oneway.bh	1
ipcom GmbH	awalco.bh	1
markmonitor.com	SQUIXA PTY LIMITED	1
awsdns-05.org	GOOGLE	1
babserver.com	refacs.bh	1
sika.com	sika.com	1
AMAZON-02	lotuscars.bh	1
CLOUDFLARENET	migadu.com	1
NSONE	GOOGLE	1
AMAZON-02	create.bh	1
UNIFIEDLAYER-AS-1	brandnew.bh	1
Host Europe GmbH	amyar.bh	1
NETWORK-SOLUTIONS-HOSTING	mediafactory.bh	1
MICROSOFT-CORP-MSN-AS-BLOCK	pphosted.com	1
inmotionhosting.com	underhill.bh	1
SECURITYSERVICES	speednames.com	1
awsdns-51.net	akbartrainingcenter.bh	1
awsdns-20.org	MICROSOFT-CORP-MSN-AS-BLOCK	1
millenniumarts.net	millenniumarts.net	1
zxcs.be	zxcs.nl	1
supercp.com	bahraincloud.bh	1
awsdns-16.net	mailcontrol.com	1
PONYNET	GOOGLE	1
yourwebhosting.com	ajoor.bh	1
ipcom GmbH	widevision.bh	1
CLOUDFLARENET	hostedemail.com	1
glary.sa	bretc.bh	1
CLOUDFLARENET	steelmasters.bh	1
ipcom GmbH	gateway.bh	1
amancorp.com	rehc.bh	1
au-globaldns.com	vanguard.bh	1
AMAZON-02	futureac.bh	1
serverlet.com	wintrade.it	1
MICROSOFT-CORP-MSN-AS-BLOCK	eureka.bh	1
safebrands.com	fitnesspark.bh	1
namedc.com	untitled.bh	1
ipcom GmbH	benayat.bh	1
GOOGLE	ZOHO-AS	1
gulftechserver1.com	MICROSOFT-CORP-MSN-AS-BLOCK	1
Host Europe GmbH	showaiter.bh	1
theplanet.com	mailchannels.net	1
SECURITYSERVICES	pphosted.com	1
turbify.com	yahoodns.net	1
MICROSOFT-CORP-MSN-AS-BLOCK	AS2-TRENDMICRO-COM	1
inmotionhosting.com	sscb.bh	1
babserver.com	urgentcare.bh	1
serverhostgroup.com	onthespot.bh	1
ipcom GmbH	bahrainmail.bh	1
ecnetonline.com	tasleeh.bh	1
Host Europe GmbH	msv1.invalid	1
CLOUDFLARENET	suqya.bh	1
MICROSOFT-CORP-MSN-AS-BLOCK	selfdrive.bh	1
hostgator.com	securicore.bh	1
norse.bh	cma.se	1
markmonitor.zone	pphosted.com	1
awsdns-25.org	GOOGLE	1
dawaer.cloud	bwr.bh	1
MICROSOFT-CORP-MSN-AS-BLOCK	GOOGLE	1
takeone.bh	takeone.bh	1
hostgator.com	wyf.bh	1
CLOUDFLARENET	saja.bh	1
AMAZON-02	petto.bh	1
ui-dns.biz	ionos.com	1
SECURITYSERVICES	adidas.com	1
nscluster.ee	nameweb.biz	2
UNIFIEDLAYER-AS-1	nafs.bh	1
ipcom GmbH	montpellier.bh	1
ipcom GmbH	SQUIXA PTY LIMITED	2
ipcom GmbH	mail.ru	1
CLOUDFLARENET	NAMECRANE	1
AMAZON-02	yateemoptician.bh	1
hetzner.com	messagingengine.com	1
com.tr	halkbankbahrain.bh	1
stackdns.com	stackmail.com	1
ipcom GmbH	indianschool.bh	1
ipcom GmbH	keeta.bh	1
parktons.com	parktons.com	1
awsdns-51.org	ZOHO-AS	1
CLOUDFLARENET	globalconcept.bh	1
awsdns-06.net	ZOHO-AS	1
tasjeel.ae	spacemail.com	1
tasjeel.ae	s-energy.bh	1
Host Europe GmbH	gz.bh	1
hostarmada.net	hometower.bh	1
webworldrevolution.com	localmotors.bh	1
bnamed.eu	nameweb.biz	1
hertz.com	hertz.com	1
AMAZON-02	gezlan.bh	1
fcomet.com	fcomet.com	1
NSONE	t-msedge.net	1
ui-dns.biz	co.uk	1
CLOUDFLARENET	pearlsonly.bh	1
CLOUDFLARENET	realtor.bh	1
myfcloud.com	laws.bh	1
CLOUDFLARENET	wide.bh	1
contabo.net	GOOGLE	1
CLOUDFLARENET	hatam.bh	1
hostgator.com	itravel.bh	1
doteasy.com	GOOGLE	2
CLOUDFLARENET	houseofglam.bh	1
xairo.com	twinseas.bh	1
speedkom.net	MICROSOFT-CORP-MSN-AS-BLOCK	1
ipage.com	GOOGLE	1
UNIFIEDLAYER-AS-1	GOOGLE	1
AMAZON-02	nooncoupons.bh	1
ipcom GmbH	fastadvice.bh	1
CLOUDFLARENET	vendome.bh	1
websiteservername.com	meba.bh	1
interland.net	registeredsite.com	1
CLOUDFLARENET	sgroup.bh	1
ipcom GmbH	mailhostbox.com	1
hostgator.com	infinity.bh	1
Safenames Ltd.	idp365.net	2
UNIFIEDLAYER-AS-1	about.bh	1
thundercloud.uk	primeproperties.bh	1
hostgator.com	digitalrealestate.bh	1
heroapps.com	MICROSOFT-CORP-MSN-AS-BLOCK	1
auraspa.bh	auraspa.bh	1
CLOUDFLARENET	alraoof.bh	1
slweb.cloud	softline.com	1
inmotionhosting.com	aadstudio.bh	1
hostgator.com	trust-worth.bh	1
ipcom GmbH	econsult.bh	1
escloud.net	es.bh	1
CLOUDFLARENET	buruk.bh	1
AMAZON-02	novelmedia.bh	1
NSONE	ewealth.bh	1
CLOUDFLARENET	thaleia.bh	1
ipcom GmbH	kfhonline.bh	1
supercp.com	betterlife.bh	1
AMAZON-02	matrix.bh	1
Akamai International B.V.	MICROSOFT-CORP-MSN-AS-BLOCK	1
CLOUDFLARENET	idp365.net	1
expwebs.com	NAMECHEAP-NET	1
GOOGLE	Eurofiber France SAS	1
websterz.net	sbmc.bh	1
ipcom GmbH	condor.bh	1
ipcom GmbH	GO-DADDY-COM-LLC	1
awsdns-22.com	MICROSOFT-CORP-MSN-AS-BLOCK	1
ipcom GmbH	mp.bh	1
hostgator.com	dawajin.bh	1
awsdns-10.com	medical.bh	1
phase8.net	SQUIXA PTY LIMITED	1
ipcom GmbH	Zoho Corporation Pvt. Ltd	1
ipcom GmbH	pcstrand.bh	1
trouble-free.net	steppingstones.bh	1
AMAZON-02	anastasiabeverlyhills.bh	1
ipcom GmbH	siteprotect.com	1
AMAZON-02	eclipse.bh	1
bigrockservers.com	gulfsea.bh	1
tasjeel.ae	Cloudflare London, LLC	1
yourwebhosting.com	dreams.bh	1
CLOUDFLARENET	rmc.bh	1
CLOUDFLARENET	ddcs.bh	1
teqan.com	taafi.bh	1
serverhostgroup.com	lifenstyle.bh	1
AMAZON-02	agensea.bh	1
AMAZON-02	evejewels.bh	1
wpx.net	bettersociety.bh	1
ipcom GmbH	ccb.bh	1
vora.one	idp.bh	1
alexhost.md	expedia.bh	1
CLOUDFLARENET	diabetes.bh	1
hostgator.com	kingdomsecurity.bh	1
ipcom GmbH	hotmail.com	1
inmotionhosting.com	nexasystems.bh	1
CLOUDFLARENET	keystone.bh	1
bdfmedical.org	MICROSOFT-CORP-MSN-AS-BLOCK	1
Host Europe GmbH	ZOHO-AS	1
awsdns-27.net	MICROSOFT-CORP-MSN-AS-BLOCK	1
CLOUDFLARENET	SQUIXA PTY LIMITED	1
awsdns-18.com	mailgun.org	1
ipcom GmbH	murrob.bh	1
salamgas.com	al-salam.bh	1
golden-hat.com	MICROSOFT-CORP-MSN-AS-BLOCK	1
hostgator.com	taxi.bh	1
CLOUDFLARENET	co.uk	1
domena.pl	agnat.pl	1
ipcom GmbH	eshop.bh	1
combell.net	MICROSOFT-CORP-MSN-AS-BLOCK	1
renault.fr	renault.fr	1
tasjeel.ae	mysecurecloudhost.com	1
vora.one	MICROSOFT-CORP-MSN-AS-BLOCK	1
imsdcloud.com	lawsurface.bh	1
yourwebhosting.com	sss.bh	1
awsdns-33.net	MICROSOFT-CORP-MSN-AS-BLOCK	1
