CLOUDFLARENET	AMAZON-02 (AS16509)	146
AS-VULTR	AS-VULTR (AS20473)	33
CLOUDFLARENET	CLOUDFLARENET (AS13335)	724
Palestine Telecommunications Company (PALTEL)	Palestine Telecommunications Company (PALTEL) (AS12975)	386
CLOUDFLARENET	SQUARESPACE (AS53831)	3
Akamai International B.V.	Akamai International B.V. (AS20940)	8
xado.com	Hetzner Online GmbH (AS24940)	1
Hetzner Online GmbH	Hetzner Online GmbH (AS24940)	430
Injazat Technologies LTD	Injazat Technologies LTD (AS208071)	205
NETWORK-SOLUTIONS-HOSTING	NETWORK-SOLUTIONS-HOSTING (AS19871)	83
hostgator.com	NETWORK-SOLUTIONS-HOSTING (AS19871)	21
Atman Sp. z o.o.	Atman Sp. z o.o. (AS15694)	7
gov.ps	Palestine Telecommunications Company (PALTEL) (AS12975)	36
IS-AS-1	IS-AS-1 (AS19318)	12
parking.money	DIGITALOCEAN-ASN (AS14061)	1
Trellian Pty. Limited	Trellian Pty. Limited (AS133618)	17
main-hosting.eu	Hostinger International Limited (AS47583)	2
GTT Communications Inc.	GTT Communications Inc. (AS3257)	18
i-net.ps	iNET Solutions for computer Co. (AS48270)	89
inmotionhosting.com	INMOTION (AS22611)	50
SECURITYSERVICES	NAMECHEAP-NET (AS22612)	48
ab stract ltd	Zubritska Valeriia Nikolaevna (AS207560)	1
MICROSOFT-CORP-MSN-AS-BLOCK	Palestine Telecommunications Company (PALTEL) (AS12975)	21
CLOUDFLARENET	Hostinger International Limited (AS47583)	168
ns14.net	IONOS SE (AS8560)	7
wordpress.com	AUTOMATTIC (AS2635)	1
Palestine Telecommunications Company (PALTEL)	DIGITALOCEAN-ASN (AS14061)	7
hadarapal.com	Palestine Telecommunications Company (PALTEL) (AS12975)	1
webhostbox.net	UNIFIEDLAYER-AS-1 (AS46606)	3
youcan.shop	SOFTLAYER (AS36351)	1
vivawebhost.com	Telehouse EAD (AS57344)	1
CLOUDFLARENET	MICROSOFT-CORP-MSN-AS-BLOCK (AS8075)	7
black-friday.ps	Contabo GmbH (AS51167)	1
AMAZON-02	WHG Hosting Services Ltd (AS209341)	35
CLOUDFLARENET	NAMEHERO-KCDC (AS399250)	2
IONOS SE	IONOS SE (AS8560)	25
farid.ps	Akamai Connected Cloud (AS63949)	1
Knipp Medien und Kommunikation GmbH	Host Europe GmbH (AS8972)	2
CLOUDFLARENET	Contabo GmbH (AS51167)	3
netim.net	Eurofiber France SAS (AS24935)	30
BIZLAND-SD	BIZLAND-SD (AS29873)	7
CLOUDFLARENET	INCAPSULA (AS19551)	42
Mada Al-Arab General Services Company	Palestine Telecommunications Company (PALTEL) (AS12975)	3
AMAZON-02	AMAZON-02 (AS16509)	20
register.it	Register S.p.A. (AS39729)	17
example.ltd	Contabo GmbH (AS51167)	1
CLOUDFLARENET	GOOGLE-CLOUD-PLATFORM (AS396982)	19
Layershift Limited	Layershift Limited (AS205072)	3
bitmex.network	AMAZON-02 (AS16509)	1
Furrera For Telecommunication & Internet Services Co. Private Shareholding Company	Furrera For Telecommunication & Internet Services Co. Private Shareholding Company (AS208473)	10
Knipp Medien und Kommunikation GmbH	ScaleUp Technologies GmbH & Co. KG (AS29014)	25
Mada Al-Arab General Services Company	Mada Al-Arab General Services Company (AS51407)	144
unknown	NTHL (AS11042)	5
awsdns-07.com	AMAZON-02 (AS16509)	2
LeaseWeb Netherlands B.V.	LeaseWeb Netherlands B.V. (AS60781)	28
AMAZON-02	GOOGLE (AS15169)	14
perf1.com	Nameshield SAS (AS20756)	5
markmonitor.com	AMAZON-02 (AS16509)	48
GOOGLE-CLOUD-PLATFORM	20i Limited (AS48254)	7
trustedcom.com	Hetzner Online GmbH (AS24940)	25
AMAZON-02	WHG Hosting Services Ltd (AS14670)	8
markmonitor.com	HILTON-E (AS26529)	5
hostpoint.ch	Hostpoint AG (AS29097)	2
AMAZON-02	Team Internet AG (AS206834)	5
IONOS SE	UNIFIEDLAYER-AS-1 (AS46606)	2
bnamed.eu	Opera Norway AS (AS39832)	2
SECURITYSERVICES	CSC (AS19574)	55
quicns.com	Hostinger International Limited (AS47583)	1
CLOUDFLARENET	ORACLE-BMC-31898 (AS31898)	5
loopia.se	Hetzner Online GmbH (AS24940)	1
shiftict-dns.com	OVH SAS (AS16276)	2
MICROSOFT-CORP-MSN-AS-BLOCK	CENTURYLINK-LEGACY-SAVVIS (AS3561)	3
CLOUDFLARENET	LIQUIDWEB (AS32244)	1
ipcom GmbH	Globalways GmbH (AS48918)	1
hotsms.ps	SOFTLAYER (AS36351)	3
Safenames Ltd.	Safenames Ltd. (AS60819)	13
CLOUDFLARENET	A2HOSTING (AS55293)	24
hostgator.com	UNIFIEDLAYER-AS-1 (AS46606)	22
purecore.net	AS40676 (AS40676)	2
gov.ps	Ministry of Telecommunication & Digital Economy (AS211466)	24
GANDI SAS	GANDI SAS (AS29169)	20
CLOUDFLARENET	DIGITALOCEAN-ASN (AS14061)	34
Injazat Technologies LTD	Palestine Telecommunications Company (PALTEL) (AS12975)	4
CLOUDFLARENET	Hetzner Online GmbH (AS24940)	22
awsdns-03.net	AMAZON-02 (AS16509)	1
CLOUDFLARENET	GO-DADDY-COM-LLC (AS398101)	2
dnspod.net	Tencent Building, Kejizhongyi Avenue (AS132203)	1
ZONE Technologies Ltd	ZONE Technologies Ltd (AS52145)	34
wwe.com	AMAZON-AES (AS14618)	1
GOOGLE	Wix.com Ltd. (AS58182)	16
lemarit.de	AS-VULTR (AS20473)	3
nsresponse.com	WHG Hosting Services Ltd (AS14670)	9
Host Europe GmbH	Hostinger International Limited (AS47583)	1
barbero.zone	IONOS SE (AS8560)	1
Palestine Telecommunications Company (PALTEL)	Hetzner Online GmbH (AS24940)	7
NSONE	AMAZON-02 (AS16509)	18
AMAZON-02	A2HOSTING (AS55293)	33
Injazat Technologies LTD	Hetzner Online GmbH (AS24940)	4
ezhostingserver.com	CYBERCON (AS7393)	3
servconfig.com	IMH-IAD (AS54641)	10
CLOUDFLARENET	UUNET (AS701)	1
CLOUDFLARENET	AL Zaytona Company For Communication Ltd. (AS197350)	2
site4now.net	SHARKTECH (AS46844)	6
awsdns-07.net	AMAZON-02 (AS16509)	1
Injazat Technologies LTD	FASTLY (AS54113)	4
Host Europe GmbH	GO-DADDY-COM-LLC (AS398101)	3
AMAZON-02	ASACENET1 (AS22878)	10
co.uk	AMAZON-02 (AS16509)	8
mada-alarab.com	F5 Networks SARL (AS35280)	1
SECURITYSERVICES	SECURITYSERVICES (AS12008)	5
CLOUDFLARENET	UNIFIEDLAYER-AS-1 (AS46606)	34
accessline.ps	Contabo GmbH (AS51167)	1
transip.eu	KPN B.V. (AS1136)	1
cmeac.net	Mada Al-Arab General Services Company (AS51407)	1
Host Europe GmbH	Hetzner Online GmbH (AS24940)	5
AS-VULTR	NL-811-40021 (AS40021)	2
ns14.net	23M GmbH (AS47447)	1
safenames.com	Safenames Ltd. (AS60819)	4
CLOUDFLARENET	IONOS SE (AS8560)	4
awsdns-14.net	WBD-AS40703 (AS40703)	1
umd.edu	UMDNET (AS27)	1
MICROSOFT-CORP-MSN-AS-BLOCK	MICROSOFT-CORP-MSN-AS-BLOCK (AS8075)	18
Injazat Technologies LTD	Hostinger International Limited (AS47583)	3
sharehostserver.com	PT. Cybertechtonic Pratama (AS131745)	1
Host Europe GmbH	Al-hadatheh Lil-itisalat Wa Al-technologia Co. (AS47887)	1
Coolnet New Communication Provider	Coolnet New Communication Provider (AS12754)	6
SECURITYSERVICES	IONOS SE (AS8560)	1
zenbox.pl	Beyond.pl sp. z o.o. (AS31229)	2
sedoparking.com	SEDO GmbH (AS47846)	5
eurodns.com	AMAZON-02 (AS16509)	1
Palestine Telecommunications Company (PALTEL)	Hadara (AS15975)	3
subdomain.net	Hetzner Online GmbH (AS24940)	2
unknown	UNIFIEDLAYER-AS-1 (AS46606)	4
nameshield.net	Nameshield SAS (AS20756)	11
hawsib.com	INMOTION (AS22611)	2
Palestine Telecommunications Company (PALTEL)	Hostinger International Limited (AS47583)	5
netim.net	OVH SAS (AS16276)	2
whirlpool.com	LUMOS (AS7795)	2
registrar-servers.com	Scaleway S.a.s. (AS12876)	1
hostns.io	Enix Ltd (AS52148)	2
Mada Al-Arab General Services Company	Hostinger International Limited (AS47583)	4
xtom.com	CLOUDFLARENET (AS13335)	1
ipcom GmbH	AMAZON-02 (AS16509)	4
Gemzo information technology Private Joint-Stock company	Palestine Telecommunications Company (PALTEL) (AS12975)	19
cloudns.net	Team Internet AG (AS61969)	3
philips.com	AMAZON-02 (AS16509)	2
alquds.edu	AL-Quds University (AS41346)	2
cloudns.net	Hostkey B.v. (AS57043)	3
thegiant.digital	Hostinger International Limited (AS47583)	2
Injazat Technologies LTD	AMAZON-02 (AS16509)	11
gov.ps	Mada Al-Arab General Services Company (AS51407)	3
transresult.net	Optitrust GmbH (AS200062)	1
Birzeit University	Birzeit University (AS20719)	4
CLOUDFLARENET	IS-AS-1 (AS19318)	1
abdns.biz	Aruba S.p.A. (AS31034)	1
CLOUDFLARENET	OVH SAS (AS16276)	6
Host Europe GmbH	GO-DADDY-COM-LLC (AS400754)	3
ZONE Technologies Ltd	AMAZON-02 (AS16509)	2
netim.net	FASTLY (AS54113)	2
Host Europe GmbH	Host Europe GmbH (AS21499)	10
aumix.net	Scaleway S.a.s. (AS12876)	11
ZONE Technologies Ltd	FASTLY (AS54113)	1
sectigoweb.com	Hetzner Online GmbH (AS24940)	1
sered.net	Xtudio Networks S.L.U. (AS60458)	1
pnina.ps	Hetzner Online GmbH (AS24940)	1
CLOUDFLARENET	FASTLY (AS54113)	8
servconfig.com	INMOTION (AS22611)	13
SECURITYSERVICES	The Offices at Central World, 27th floor (AS45530)	1
i-net.ps	CLOUDFLARENET (AS13335)	2
openprovider.be	AMAZON-02 (AS16509)	1
PRIVATESYSTEMS	PRIVATESYSTEMS (AS63410)	7
CLOUDFLARENET	DREAMHOST-AS (AS26347)	4
servicio-online.net	GOOGLE-CLOUD-PLATFORM (AS396982)	1
gransy.com	CASABLANCA INT a.s. (AS15685)	1
ipcom GmbH	Bauer Systems KG (AS24868)	2
Palestine Telecommunications Company (PALTEL)	JAWWAL (AS29310)	3
RELIABLESITE	RELIABLESITE (AS23470)	8
mayr-melnhof.at	MM Service GmbH (AS51890)	1
CLOUDFLARENET	Host Europe GmbH (AS21499)	5
BCI Telecommunication & Advanced Technology Company	BCI Telecommunication & Advanced Technology Company (AS47253)	5
AMAZON-02	SINGLEHOP-LLC (AS32475)	9
parkmanaged.net	CONFLUENCE-NETWORK-INC (AS40034)	1
monopost.com	Greysom Limited (AS12678)	1
clickadia.ps	SQUARESPACE (AS53831)	1
CLOUDFLARENET	BIZLAND-SD (AS29873)	2
myworlddns.com	HOSTROCKET (AS23535)	1
i-net.ps	Mada Al-Arab General Services Company (AS51407)	1
hstgr.cloud	Hostinger International Limited (AS47583)	1
shmsnews.net	Hetzner Online GmbH (AS24940)	1
Palestine Telecommunications Company (PALTEL)	SINGLEHOP-LLC (AS32475)	1
turkticaret.net	TURKTICARET.NET YAZILIM HIZMETLERI SAN. ve TIC. A.S. (AS197720)	1
Host Europe GmbH	AMAZON-02 (AS16509)	8
awsdns-19.net	AMAZON-02 (AS16509)	1
awsdns-04.org	AMAZON-02 (AS16509)	1
sdcs.ps	Contabo GmbH (AS51167)	1
ns14.net	Plusnet GmbH (AS20676)	1
cortoba.net	Leaseweb Deutschland GmbH (AS28753)	2
quicns.com	AS-VULTR (AS20473)	2
ipcom GmbH	InterNetworX Management GmbH (AS48596)	2
Injazat Technologies LTD	Telia Lietuva, AB (AS8764)	1
inmotionhosting.com	Palestine Telecommunications Company (PALTEL) (AS12975)	1
OVH SAS	OVH SAS (AS16276)	20
machsol.com	MachCloud B.V. (AS39146)	1
GTT Communications Inc.	AMAZON-02 (AS16509)	1
watar-st.com	Hetzner Online GmbH (AS24940)	1
HURRICANE	Palestine Telecommunications Company (PALTEL) (AS12975)	4
NSONE	DIGITALOCEAN-ASN (AS14061)	1
AMAZON-02	OVH SAS (AS16276)	18
ip-51-222-248.net	OVH SAS (AS16276)	1
credit-suisse.com	UBS Group AG (AS8729)	3
CLOUDFLARENET	AS-VULTR (AS20473)	5
virka.ps	Contabo GmbH (AS51167)	1
chameleon2022.com	WHG Hosting Services Ltd (AS14670)	1
awsdns-22.org	AMAZON-02 (AS16509)	1
GTT Communications Inc.	AS-VULTR (AS20473)	8
in-addr.ch	ab stract ltd (AS39287)	1
cloudns.net	Teknosos Bilisim Hizmetleri Ve Tic. Ltd. Sti. (AS207459)	3
worldnic.com	NETWORK-SOLUTIONS-HOSTING (AS19871)	2
Injazat Technologies LTD	Host Europe GmbH (AS21499)	2
SECURITYSERVICES	FASTLY (AS54113)	1
CLOUDFLARENET	British Telecommunications PLC (AS2856)	1
DIGICERT	DIGITALOCEAN-ASN (AS14061)	3
regery.net	VIDEOTRON (AS5769)	1
is-fun.net	TelemaxX Telekommunikation GmbH (AS12843)	2
CLOUDFLARENET	LeaseWeb Netherlands B.V. (AS60781)	3
hostgator.com	ORACLE-BMC-31898 (AS31898)	9
cloudns.net	Akamai Connected Cloud (AS63949)	2
world4you.at	World4You Internet Services GmbH (AS38955)	1
GOOGLE-CLOUD-PLATFORM	Palestine Telecommunications Company (PALTEL) (AS12975)	1
IONOS SE	united-domains GmbH (AS202108)	12
Mada Al-Arab General Services Company	CLOUDFLARENET (AS13335)	3
iweb.ps	Hetzner Online GmbH (AS24940)	2
inforent.de	INFORENT GmbH (AS21336)	1
intertech-pal.com	Mada Al-Arab General Services Company (AS51407)	4
awsdns-16.com	AMAZON-02 (AS16509)	1
CLOUDFLARENET	AS40676 (AS40676)	1
MICROSOFT-CORP-MSN-AS-BLOCK	Northern Electricity Distribution Company (NEDCO) (AS214920)	1
hcef.org	PRIVATESYSTEMS (AS63410)	1
hostnet.nl	One.com A/S (AS51468)	3
awsdns-04.org	AMAZON-AES (AS14618)	1
awsdns-12.com	AMAZON-AES (AS14618)	2
eta.ps	LIMESTONENETWORKS (AS46475)	1
GANDI SAS	OVH SAS (AS16276)	1
portsdns.net	FASTLY (AS54113)	1
beinhost.net	OVH SAS (AS16276)	1
thewebhostserver.com	Synextra Limited (AS59778)	1
solrt.com	Contabo GmbH (AS51167)	1
awsdns-41.com	Contabo GmbH (AS51167)	1
bb-online.info	AS-VULTR (AS20473)	1
hostmonster.com	UNIFIEDLAYER-AS-1 (AS46606)	4
ewer.ps	IWEB-AS (AS32613)	1
GOOGLE	WIIT AG (AS24961)	1
awsdns-30.net	GOOGLE-CLOUD-PLATFORM (AS396982)	1
palico.ps	Palestine Telecommunications Company (PALTEL) (AS12975)	1
ideaeps.com	SINGLEHOP-LLC (AS32475)	5
hebronhost.com	Contabo GmbH (AS51167)	3
awsdns-29.com	AMAZON-02 (AS16509)	1
skoda-auto.cz	SKODA AUTO a.s. (AS20708)	2
CLOUDFLARENET	Mada Al-Arab General Services Company (AS51407)	13
ns14.net	GHOSTnet GmbH (AS12586)	5
leaseweb.nl	LeaseWeb Netherlands B.V. (AS60781)	4
avanza.company	DIGITALOCEAN-ASN (AS14061)	4
CLOUDFLARENET	INMOTION (AS22611)	1
Rackspace Ltd.	Akamai Connected Cloud (AS63949)	7
web-hosting.com	NAMECHEAP-NET (AS22612)	1
Injazat Technologies LTD	CLOUDFLARENET (AS13335)	15
GOOGLE	Safenames Ltd. (AS60819)	1
Palestine Telecommunications Company (PALTEL)	UNIFIEDLAYER-AS-1 (AS46606)	2
Injazat Technologies LTD	DIGITALOCEAN-ASN (AS14061)	4
alofoq.ps	Palestine Telecommunications Company (PALTEL) (AS12975)	1
100ws.com	LIQUIDNETLTD1 (AS14555)	1
MICROSOFT-CORP-MSN-AS-BLOCK	CLOUDFLARENET (AS13335)	1
yahoo.com	AMAZON-02 (AS16509)	2
Palestine Telecommunications Company (PALTEL)	OVH SAS (AS16276)	1
boydakholding.net	Erciyes Anadolu Holding A.s. (AS51703)	1
axis.com	Axis Communications AB (AS39731)	1
blda.ps	LeaseWeb Netherlands B.V. (AS60781)	1
mydnsnet.ch	Contabo GmbH (AS51167)	1
nsresponse.com	AS-COLOCROSSING (AS36352)	5
majditaha.com	OVH SAS (AS16276)	3
awsdns-15.org	AMAZON-AES (AS14618)	1
host4pal.com	Hetzner Online GmbH (AS24940)	4
proservice-host.com	NETWORK-SOLUTIONS-HOSTING (AS19871)	2
i-net.ps	Akamai Connected Cloud (AS63949)	1
kthps.org	PRIVATESYSTEMS (AS63410)	1
Palestine Telecommunications Company (PALTEL)	GOOGLE (AS15169)	2
awsdns-00.net	GOOGLE-CLOUD-PLATFORM (AS396982)	1
serverhostgroup.com	Akamai Connected Cloud (AS63949)	1
transip.eu	IONOS SE (AS8560)	1
nswebhost.com	NTHL (AS11042)	2
awsdns-29.org	AMAZON-02 (AS16509)	1
awsdns-13.org	AMAZON-02 (AS16509)	1
fox-host.com	Contabo GmbH (AS51167)	1
safebrands.com	AMAZON-02 (AS16509)	3
Akamai International B.V.	AMAZON-02 (AS16509)	1
dr.ps	Contabo GmbH (AS51167)	1
gpc.ps	Palestine Telecommunications Company (PALTEL) (AS12975)	1
dawaer.cloud	NTHL (AS11042)	2
SECURITYSERVICES	VERISIGN-ILG1 (AS30060)	1
markmonitor.com	GOOGLE-CLOUD-PLATFORM (AS396982)	2
GOOGLE	Palestine Telecommunications Company (PALTEL) (AS12975)	4
dtnt.info	Bezeq International Ltd. (AS8551)	2
dotster.com	BIZLAND-SD (AS29873)	4
i-net.ps	AMAZON-02 (AS16509)	1
dan.com	AMAZON-02 (AS16509)	3
ns14.net	InterNetX GmbH (AS15456)	3
mynet.net	Leaseweb Deutschland GmbH (AS28753)	4
ultahost.com	Ultahost, Inc. (AS214036)	1
alzaytona.net	AL Zaytona Company For Communication Ltd. (AS197350)	2
koumbit.net	OVH SAS (AS16276)	1
NSONE	CLOUDFLARENET (AS13335)	1
CLOUDFLARENET	NETWORK-SOLUTIONS-HOSTING (AS19871)	2
Astra for Telecommunication and IT Services	Astra for Telecommunication and IT Services (AS211057)	6
nazzal.cc	Hostinger International Limited (AS47583)	4
rackspace.com	AMAZON-AES (AS14618)	1
MICROSOFT-CORP-MSN-AS-BLOCK	Palestine Islamic Bank Public shareholding company (AS199979)	2
facebook.com	FACEBOOK (AS32934)	1
GOOGLE-CLOUD-PLATFORM	CLOUDFLARENET (AS13335)	1
ipower.com	BIZLAND-SD (AS29873)	1
first-ns.de	Hetzner Online GmbH (AS24940)	2
vcrtech.com	Hetzner Online GmbH (AS24940)	1
dc74.com	DC74-AS (AS17216)	2
win-knig1nm256o.	Contabo GmbH (AS51167)	1
register.it	MICROSOFT-CORP-MSN-AS-BLOCK (AS8075)	1
justhost.com	UNIFIEDLAYER-AS-1 (AS46606)	2
Injazat Technologies LTD	ITP-Solutions GmbH & Co. KG (AS213250)	1
hetzner.com	Hetzner Online GmbH (AS24940)	3
Mada Al-Arab General Services Company	abaton EDV-Dienstleistungs GmbH (AS42572)	1
GOOGLE	AMAZON-AES (AS14618)	1
HURRICANE	Neue Medien Muennich GmbH (AS34788)	1
MICROSOFT-CORP-MSN-AS-BLOCK	AS-26496-GO-DADDY-COM-LLC (AS26496)	1
awsdns-20.net	AMAZON-02 (AS16509)	2
dell.com	Akamai International B.V. (AS33905)	2
3m.com	AMAZON-02 (AS16509)	2
CLOUDFLARENET	Cellcom Fixed Line Communication L.P (AS1680)	2
SECURITYSERVICES	MICROSOFT-CORP-MSN-AS-BLOCK (AS8075)	1
3rddimension.ps	Palestine Telecommunications Company (PALTEL) (AS12975)	1
cloudns.net	terralink networks GmbH (AS59507)	1
registrar-servers.com	NAMECHEAP-NET (AS22612)	3
mzajk.com	IS-AS-1 (AS19318)	3
Mada Al-Arab General Services Company	WHG Hosting Services Ltd (AS199404)	1
superdnssite.com	AMAZON-02 (AS16509)	1
DIGICERT	Alexhost Srl (AS200019)	1
NETWORK-SOLUTIONS-HOSTING	Hostinger International Limited (AS47583)	3
CLOUDFLARENET	Palestine Telecommunications Company (PALTEL) (AS12975)	7
awsdns-24.net	AMAZON-02 (AS16509)	1
kualo.net	AS-KGIX (AS53861)	1
1and1-dns.com	IONOS SE (AS8560)	3
Akamai International B.V.	NCUBE-OREGON-AS (AS1219)	1
Akamai International B.V.	CSC (AS19574)	1
CLOUDFLARENET	Akamai Connected Cloud (AS63949)	4
ab stract ltd	ab stract ltd (AS39287)	1
wittysolutions.us	Contabo GmbH (AS51167)	1
contabo.net	Contabo GmbH (AS51167)	5
CLOUDFLARENET	netcup GmbH (AS197540)	1
MICROSOFT-CORP-MSN-AS-BLOCK	GIONA (AS22838)	1
SECURITYSERVICES	Mada Al-Arab General Services Company (AS51407)	1
iphasetech.com	DIGITALOCEAN-ASN (AS14061)	2
netaqe.com	Hetzner Online GmbH (AS24940)	1
gov.ie	Irish Government (AS15806)	1
CLOUDFLARENET	NAMECHEAP-NET (AS22612)	6
CLOUDFLARENET	O.m.c. Computers & Communications Ltd (AS44709)	1
MICROSOFT-CORP-MSN-AS-BLOCK	iNET Solutions for computer Co. (AS48270)	3
CLOUDFLARENET	Liquid Web B.V. (AS202521)	1
volkswagen.de	AMAZON-02 (AS16509)	1
porsche.asia	Host Europe GmbH (AS20773)	1
server260.com	ICDSoft Ltd. (AS8739)	1
UNIFIEDLAYER-AS-1	SQUARESPACE (AS53831)	1
interserver.net	IS-AS-1 (AS19318)	1
raed.co	NL-811-40021 (AS40021)	1
Host Europe GmbH	Host Europe GmbH (AS21501)	3
ab stract ltd	1984 ehf (AS44925)	1
IONOS SE	WHG Hosting Services Ltd (AS209341)	2
superblock.net	ATT-INTERNET4 (AS7018)	1
CLOUDFLARENET	Injazat Technologies LTD (AS208071)	1
awsdns-10.org	WBD-AS40703 (AS40703)	1
weblayer.co	Hetzner Online GmbH (AS24940)	2
AMAZON-02	Contabo GmbH (AS51167)	1
transip.eu	Cloudflare London, LLC (AS209242)	1
netim.net	AMAZON-02 (AS16509)	1
artmixdesign.com	NETWORK-SOLUTIONS-HOSTING (AS19871)	3
obadahzomary.com	Contabo GmbH (AS51167)	2
hostgator.com	DIGITALOCEAN-ASN (AS14061)	1
adnserver.com	Keminet SHPK (AS197706)	4
hostgator.com	Hostinger International Limited (AS47583)	1
Injazat Technologies LTD	Telehouse EAD (AS57344)	1
awsdns-22.com	FASTLY (AS54113)	1
Coolnet New Communication Provider	Fusion Internet Services Company LLC (AS42314)	1
palhosts.com	Contabo GmbH (AS51167)	1
GANDI SAS	GOOGLE-CLOUD-PLATFORM (AS396982)	2
hostgator.com	CLOUDFLARENET (AS13335)	6
Palestine Telecommunications Company (PALTEL)	AMAZON-02 (AS16509)	2
safebrands.com	MICROSOFT-CORP-MSN-AS-BLOCK (AS8075)	1
coolnet.ps	Coolnet New Communication Provider (AS12754)	3
awsdns-23.com	AMAZON-02 (AS16509)	1
registrar-servers.com	Dimension Network & Communication Limited (AS59371)	1
domainnetwork.se	CSC (AS19574)	2
ZONE Technologies Ltd	HOSTWINDS (AS54290)	1
awsdns-20.net	VERISIGN-ILG1 (AS30060)	1
rrpproxy.net	AMAZON-02 (AS16509)	1
advqserv.com	Contabo GmbH (AS51167)	1
awsdns-36.com	AMAZON-02 (AS16509)	1
Host Europe GmbH	ASN-GIGENET (AS32181)	1
Palestine Telecommunications Company (PALTEL)	MICROSOFT-CORP-MSN-AS-BLOCK (AS8075)	2
awsdns-36.com	INCAPSULA (AS19551)	1
fcomet.com	Akamai Connected Cloud (AS63949)	1
ipmanagerinc.net	CSC Administrative Services Limited (AS34922)	1
portsdns.net	Tele2 SWIPnet (AS1257)	4
NAMECHEAP-NET	NAMECHEAP-NET (AS22612)	4
att.net	Mada Al-Arab General Services Company (AS51407)	1
bosch.de	Robert Bosch Gesellschaft mit Beschraenkter Haftung (AS9183)	1
serverhostgroup.com	OVH SAS (AS16276)	1
zendacloud.top	NL-811-40021 (AS40021)	4
webhost.company	Signet B.V. (AS20857)	1
Host Europe GmbH	MICROSOFT-CORP-MSN-AS-BLOCK (AS8075)	2
renault.fr	OVH SAS (AS16276)	2
awsdns-19.org	AMAZON-02 (AS16509)	1
transip.eu	Signet B.V. (AS20857)	3
Hetzner Online GmbH	Akamai Connected Cloud (AS63949)	1
beyondesigns.net	OVH SAS (AS16276)	1
sals.ps	WII (AS32097)	1
anfa.media	Hetzner Online GmbH (AS24940)	1
dnsvisa.com	CLOUDFLARENET (AS13335)	1
superdnssite.com	SINGLEHOP-LLC (AS32475)	3
manitu.net	manitu GmbH (AS34240)	1
Abu-Ghazaleh Intellectual Property Ltd.	Housing Bank for Trade and Finance PLC. (AS197921)	1
UNIFIEDLAYER-AS-1	Hetzner Online GmbH (AS24940)	1
awsdns-23.org	Equinix (EMEA) Acquisition Enterprises B.V. (AS15830)	1
ab stract ltd	CRUNCHBITS (AS400304)	1
websupport.sk	WebSupport s.r.o. (AS51013)	1
IONOS SE	Mada Al-Arab General Services Company (AS51407)	1
cloudns.net	Hetzner Online GmbH (AS24940)	2
routing.net	IONOS SE (AS8560)	1
spaceship.net	AMAZON-02 (AS16509)	3
NETWORK-SOLUTIONS-HOSTING	Palestine Telecommunications Company (PALTEL) (AS12975)	1
edrive-hosting.cz	LiveSport s.r.o. (AS52130)	1
Mada Al-Arab General Services Company	GOOGLE (AS15169)	2
Host Europe GmbH	Vtel Holdings Limited/jordan Co. (AS50670)	1
Injazat Technologies LTD	iNET Solutions for computer Co. (AS48270)	1
Palestine Telecommunications Company (PALTEL)	GOOGLE-CLOUD-PLATFORM (AS396982)	3
GOOGLE	Kamatera Inc (AS204548)	1
site5.com	UNIFIEDLAYER-AS-1 (AS46606)	2
hackerone.com	CLOUDFLARENET (AS13335)	1
dondominio.com	Soluciones Corporativas IP, SL (AS57910)	1
netflix.net	AMAZON-02 (AS16509)	1
Hetzner Online GmbH	CLOUDFLARENET (AS13335)	8
cloudpit.com	dogado GmbH (AS8648)	1
asramedia.club	Hetzner Online GmbH (AS24940)	1
CLOUDFLARENET	Ddos-guard Ltd (AS57724)	1
Host Europe GmbH	SUCURI-SEC (AS30148)	2
nadns1.com	Nameshield SAS (AS20756)	3
ng4itsolution.com	Hetzner Online GmbH (AS24940)	1
awsdns-09.net	AMAZON-02 (AS16509)	1
netim.net	CLOUDFLARENET (AS13335)	2
Host Europe GmbH	AS-26496-GO-DADDY-COM-LLC (AS26496)	1
net.il	OVH SAS (AS16276)	1
awsdns-10.com	WBD-AS40703 (AS40703)	1
AMAZON-02	WHG Hosting Services Ltd (AS51713)	1
Hetzner Online GmbH	FASTLY (AS54113)	1
awsdns-37.org	CLOUDFLARENET (AS13335)	1
my-control-panel.com	PONYNET (AS53667)	3
OVH SAS	Wix.com Ltd. (AS58182)	1
awsdns-08.net	AMAZON-02 (AS16509)	1
ab stract ltd	FASTLY (AS54113)	1
biscloud.ps	Badawi information systems Ltd (AS205205)	2
namepros-dns.com	AMAZON-AES (AS14618)	2
netfirms.com	BIZLAND-SD (AS29873)	1
netim.net	NODISTO (AS394727)	1
net.il	099 Primo Communications Ltd (AS8948)	4
abdns.biz	IONOS SE (AS8560)	1
AMAZON-02	GOOGLE-CLOUD-PLATFORM (AS396982)	4
CLOUDFLARENET	RENDER (AS397273)	1
GOOGLE	GOOGLE-CLOUD-PLATFORM (AS396982)	2
mada-alarab.com	Mada Al-Arab General Services Company (AS51407)	1
estore.ps	Contabo GmbH (AS51167)	1
name.com	SOFTLAYER (AS36351)	1
sehatty.ps	Hetzner Online GmbH (AS24940)	1
Cellcom Fixed Line Communication L.P	Cellcom Fixed Line Communication L.P (AS1680)	5
Rackspace Ltd.	COGECO-PEER1 (AS13768)	1
Injazat Technologies LTD	Kamatera Inc (AS204548)	1
Host Europe GmbH	AMAZON-AES (AS14618)	1
contabo.net	DIGITALOCEAN-ASN (AS14061)	1
AS-VULTR	FASTLY (AS54113)	1
AMAZON-02	CLOUDFLARENET (AS13335)	3
inmotionhosting.com	IMH-IAD (AS54641)	5
Hetzner Online GmbH	Cloudflare London, LLC (AS209242)	1
UNIFIEDLAYER-AS-1	UNIFIEDLAYER-AS-1 (AS46606)	5
Knipp Medien und Kommunikation GmbH	Contabo GmbH (AS51167)	3
awardspace.com	Zetta Hosting Solutions LLC. (AS44476)	1
abbviedns.com	SECURITYSERVICES (AS12008)	2
Injazat Technologies LTD	GOOGLE (AS15169)	2
Host Europe GmbH	MazayaNET Communication Services Co. (AS208031)	2
awsdns-10.com	Virgin Media (AS5089)	2
arvixe.com	UNIFIEDLAYER-AS-1 (AS46606)	2
wataniya-palestine.com	GOOGLE-CLOUD-PLATFORM (AS396982)	1
AMAZON-02	WHG Hosting Services Ltd (AS36454)	2
ZONE Technologies Ltd	CLOUDFLARENET (AS13335)	1
Mada Al-Arab General Services Company	Coolnet New Communication Provider (AS12754)	1
Gemzo information technology Private Joint-Stock company	AMAZON-02 (AS16509)	1
Injazat Technologies LTD	IONOS SE (AS8560)	1
csguard.ir	Amnpardaz Soft Corporation (AS197946)	1
ZONE Technologies Ltd	Contabo GmbH (AS51167)	1
NSONE	GOOGLE (AS15169)	3
net.il	Cellcom Fixed Line Communication L.P (AS1680)	1
Injazat Technologies LTD	Contabo GmbH (AS51167)	3
dnspod.net	Cloudie Limited (AS55933)	1
nameserverservice.de	velia.net Internetdienste GmbH (AS29066)	1
nsresponse.com	BYTEFILTER-AS (AS1002)	1
Palestine Telecommunications Company (PALTEL)	NAMECHEAP-NET (AS22612)	1
ab stract ltd	Cloudflare London, LLC (AS209242)	1
123ns.de	GOOGLE-CLOUD-PLATFORM (AS396982)	1
GOOGLE	GOOGLE (AS15169)	2
awsdns-25.net	AMAZON-02 (AS16509)	3
registrar-servers.com	WIIT AG (AS24961)	1
mithrilnetwork.com	OVH SAS (AS16276)	1
paltel.ps	Palestine Telecommunications Company (PALTEL) (AS12975)	1
dnsimple.com	AMAZON-02 (AS16509)	1
SECURITYSERVICES	AMAZON-02 (AS16509)	2
hcefhost.com	PRIVATESYSTEMS (AS63410)	1
Host Europe GmbH	Contabo GmbH (AS51167)	1
awsdns-42.org	AMAZON-02 (AS16509)	1
taaluq.net	Hetzner Online GmbH (AS24940)	1
Palestine Telecommunications Company (PALTEL)	SQUARESPACE (AS53831)	2
serverstack.com	SERVERSTACK-ASN (AS46652)	1
Palestine Telecommunications Company (PALTEL)	velia.net Internetdienste GmbH (AS29066)	1
ppu.edu	Palestine Polytechnic University (PPU) (AS42506)	1
Injazat Technologies LTD	Cloudflare London, LLC (AS209242)	1
CLOUDFLARENET	SINGLEHOP-LLC (AS32475)	1
rwgusa.net	AMAZON-02 (AS16509)	1
Palestine Telecommunications Company (PALTEL)	CLOUDFLARENET (AS13335)	4
ab stract ltd	BYTEFILTER-AS (AS1002)	1
DIGICERT	Palestine Telecommunications Company (PALTEL) (AS12975)	1
mtweb.co	DIMENOC (AS33182)	2
keminetdns.com	Keminet SHPK (AS197706)	1
CLOUDFLARENET	Ministry of Telecommunication & Digital Economy (AS211466)	1
pbi.ps	Palestine Telecommunications Company (PALTEL) (AS12975)	1
Palestine Telecommunications Company (PALTEL)	AUTOMATTIC (AS2635)	1
GOOGLE	Pq Hosting Plus S.r.l. (AS44477)	1
ifastnet.com	Wildcard UK Limited (AS34119)	1
teamviewer.com	ANEXIA Internetdienstleistungs GmbH (AS42473)	1
developer-man.com	INMOTION (AS22611)	1
Palestine Telecommunications Company (PALTEL)	AMAZON-AES (AS14618)	1
ns14.net	Hetzner Online GmbH (AS24940)	2
bisan.ps	Palestine Telecommunications Company (PALTEL) (AS12975)	1
speedydns.net	UNIFIEDLAYER-AS-1 (AS46606)	2
panelbox.net	IWEB-AS (AS32613)	2
DIGICERT	AMAZON-02 (AS16509)	1
tahaluf.ps	Contabo GmbH (AS51167)	1
MICROSOFT-CORP-MSN-AS-BLOCK	GOOGLE-CLOUD-PLATFORM (AS396982)	1
hostwindsdns.com	HOSTWINDS (AS54290)	1
gov.ps	OVH SAS (AS16276)	1
awsdns-44.org	AMAZON-AES (AS14618)	1
myvhosting.com	UNIFIEDLAYER-AS-1 (AS46606)	5
specialservers.com	IWEB-AS (AS32613)	1
thcservers.com	AS40676 (AS40676)	4
HURRICANE	Together Communication LTD (AS42013)	1
bhostin.com	Hetzner Online GmbH (AS24940)	2
Mada Al-Arab General Services Company	SQUARESPACE (AS53831)	1
NAMECHEAP-NET	Wix.com Ltd. (AS58182)	1
CLOUDFLARENET	Aktsiaselts WaveCom (AS34702)	1
toshiba-europe.com	CLOUDFLARENET (AS13335)	1
skoda-auto.cz	MICROSOFT-CORP-MSN-AS-BLOCK (AS8075)	1
NETWORK-SOLUTIONS-HOSTING	Synextra Limited (AS59778)	1
ovh.ca	OVH SAS (AS16276)	1
com.jo	Al-Bank Al-Arabi PLC. CO. (AS59451)	1
zxcs.be	Stichting DIGI NL (AS206281)	1
rebel.com	AMAZON-AES (AS14618)	1
yourwebhosting.com	BIZLAND-SD (AS29873)	2
globat.com	BIZLAND-SD (AS29873)	1
uptodatesolutions.com	NETWORK-SOLUTIONS-HOSTING (AS19871)	1
alqudsnet.com	Cellcom Fixed Line Communication L.P (AS1680)	1
dawliah.ps	Contabo GmbH (AS51167)	1
volkswagen.de	Volkswagen AG (AS206618)	1
NL-811-40021	NL-811-40021 (AS40021)	5
GOOGLE	Hetzner Online GmbH (AS24940)	1
Host Europe GmbH	PlusServer GmbH (AS61157)	1
mcafee.com	AMAZON-02 (AS16509)	1
MICROSOFT-CORP-MSN-AS-BLOCK	AMAZON-02 (AS16509)	3
barbero.zone	Akamai Connected Cloud (AS63949)	1
SCAAM0001	MICROSOFT-CORP-MSN-AS-BLOCK (AS8075)	1
awsdns-08.org	AMAZON-02 (AS16509)	1
OVH SAS	Hetzner Online GmbH (AS24940)	1
arapeakhosting.com	Hetzner Online GmbH (AS24940)	1
markmonitor.zone	AMAZON-02 (AS16509)	2
serveriai.lt	UAB Interneto vizija (AS212531)	1
awsdns-00.net	Contabo GmbH (AS51167)	1
vpsplayground.net	INTERNAP-BLK3 (AS13789)	1
ccccloud.com	Hetzner Online GmbH (AS24940)	1
mhgoz.com	OVH SAS (AS16276)	1
awsdns-16.com	AMAZON-AES (AS14618)	1
Palestine Telecommunications Company (PALTEL)	IncoNet Data Management sal (AS9051)	1
likebets.ps	LeaseWeb Netherlands B.V. (AS60781)	1
solidhosting.pro	AS-VULTR (AS20473)	1
abuseir.ps	AS-VULTR (AS20473)	1
interna.me	IONOS SE (AS8560)	1
MICROSOFT-CORP-MSN-AS-BLOCK	Cloudflare London, LLC (AS209242)	1
co.uk	MICROSOFT-CORP-MSN-AS-BLOCK (AS8075)	1
CLOUDFLARENET	TURNKEY-INTERNET (AS40244)	1
CLOUDFLARENET	Pulsant (Scotland) Ltd (AS12703)	1
globvill.de	Global Village GmbH (AS13039)	1
awsdns-46.org	AMAZON-02 (AS16509)	1
GOOGLE	JAWWAL (AS29310)	1
Injazat Technologies LTD	Badawi information systems Ltd (AS205205)	1
hosting.de	Hosting.de GmbH (AS12574)	1
hostingww.com	AMAZON-02 (AS16509)	1
CLOUDFLARENET	Enix SAS (AS48813)	1
1984.is	Greenhost BV (AS47172)	1
ipcom GmbH	GOOGLE-CLOUD-PLATFORM (AS396982)	2
SECURITYSERVICES	Celeste SAS (AS34177)	1
cloudns.net	GOOGLE-CLOUD-PLATFORM (AS396982)	1
mynet.net	GLOBAL-IP-NETWORKS (AS7819)	1
ip-51-195-190.eu	OVH SAS (AS16276)	2
megapharm.ps	Hetzner Online GmbH (AS24940)	1
porsche.asia	Dr. Ing. h.c. F. Porsche AG (AS33848)	1
cmwu.ps	ZONE Technologies Ltd (AS52145)	1
SECURITYSERVICES	CENTURYLINK-TIER3-CLOUD (AS6640)	1
bellabrand.ps	Contabo GmbH (AS51167)	1
awsdns-02.org	AMAZON-AES (AS14618)	1
NSONE	INTERNAP-BLOCK-4 (AS14742)	1
DIGICERT	FASTLY (AS54113)	1
Host Europe GmbH	Palestine Telecommunications Company (PALTEL) (AS12975)	1
plusserver.com	PlusServer GmbH (AS61157)	1
itsok.ps	Contabo GmbH (AS51167)	1
GANDI SAS	AMAZON-AES (AS14618)	1
i-net.ps	Hetzner Online GmbH (AS24940)	1
quantinfor.pt	Almouroltec Servicos De Informatica E Internet Lda (AS24768)	1
nominalia.com	Register S.p.A. (AS39729)	1
awsdns-39.com	AMAZON-02 (AS16509)	1
gov.ps	NETWORK-SOLUTIONS-HOSTING (AS19871)	1
Injazat Technologies LTD	HOSTWINDS (AS54290)	1
secureserver.net	Hetzner Online GmbH (AS24940)	1
derak.cloud	Hosting technology LTD (AS48282)	1
Hetzner Online GmbH	Palestine Telecommunications Company (PALTEL) (AS12975)	2
apiname.com	Atak Domain Bilgi Teknolojileri A.S. (AS211401)	1
awsdns-00.org	AMAZON-02 (AS16509)	1
awsdns-24.com	AMAZON-02 (AS16509)	1
markmonitor.com	MICROSOFT-CORP-MSN-AS-BLOCK (AS8075)	1
awsdns-04.org	Hetzner Online GmbH (AS24940)	1
co.uk	UUNET (AS702)	1
atom.com	AMAZON-AES (AS14618)	1
Knipp Medien und Kommunikation GmbH	Hetzner Online GmbH (AS24940)	1
afraid.org	DIGITALOCEAN-ASN (AS14061)	1
netim.net	Kamatera Inc (AS41436)	1
atvirtual.com	Festo Management SE (AS41700)	1
palhost.shop	Hetzner Online GmbH (AS24940)	1
clickadia.ps	GOOGLE (AS15169)	2
SECURITYSERVICES	Akamai International B.V. (AS20940)	1
tweetdns.com	Hetzner Online GmbH (AS24940)	1
dotblock.com	Redcentric Solutions Ltd (AS31463)	1
MICROSOFT-CORP-MSN-AS-BLOCK	Mada Al-Arab General Services Company (AS51407)	2
lemarit.de	Hetzner Online GmbH (AS24940)	1
ipcom GmbH	FASTLY (AS54113)	1
awsdns-07.com	WBD-AS40703 (AS40703)	1
dominiok.it	3U TELECOM GmbH (AS198710)	1
awsdns-03.com	AMAZON-AES (AS14618)	1
hostgator.com	OVH SAS (AS16276)	1
macc.ps	NETWORK-SOLUTIONS-HOSTING (AS19871)	1
Palestine Telecommunications Company (PALTEL)	FASTLY (AS54113)	1
Mada Al-Arab General Services Company	MICROSOFT-CORP-MSN-AS-BLOCK (AS8075)	1
as212024.net	Hetzner Online GmbH (AS24940)	1
Host Europe GmbH	CLOUDFLARENET (AS13335)	1
atakdomain.com	Hostinger International Limited (AS47583)	1
HURRICANE	AMAZON-02 (AS16509)	1
SECURITYSERVICES	DXC-AS3360 (AS3360)	1
Mada Al-Arab General Services Company	Hetzner Online GmbH (AS24940)	1
knipp.de	Knipp Medien und Kommunikation GmbH (AS8391)	1
ovh.net	OVH SAS (AS16276)	2
SECURITYSERVICES	UPS (AS12217)	1
reg.ru	Domain names registrar REG.RU, Ltd (AS197695)	1
CLOUDFLARENET	AMAZON-AES (AS14618)	2
Safenames Ltd.	MICROSOFT-CORP-MSN-AS-BLOCK (AS8075)	1
SECURITYSERVICES	AMAZON-AES (AS14618)	1
DIGICERT	SOFTLAYER (AS36351)	1
websitepro.be	Signet B.V. (AS20857)	1
infomaniak.com	Infomaniak Network SA (AS29222)	1
LeaseWeb Netherlands B.V.	Pq Hosting Plus S.r.l. (AS44477)	1
co.kr	LG DACOM Corporation (AS3786)	1
ZONE Technologies Ltd	Palestine Telecommunications Company (PALTEL) (AS12975)	1
totalchoicehosting.com	TOTALCHOICE-HOSTING (AS16556)	1
Injazat Technologies LTD	FLY (AS40509)	1
awsdns-12.org	Mada Al-Arab General Services Company (AS51407)	1
srv-web.	Coolnet New Communication Provider (AS12754)	1
Palestine Telecommunications Company (PALTEL)	Wix.com Ltd. (AS58182)	1
OVH SAS	LIMESTONENETWORKS (AS46475)	1
aofk.com	AMAZON-02 (AS16509)	1
a1.net	Akenes SA (AS61098)	1
1and1.com	IONOS SE (AS8560)	1
inmotionhosting.com	Cloudflare London, LLC (AS209242)	1
SECURITYSERVICES	GOOGLE-CLOUD-PLATFORM (AS396982)	1
checkdomain.de	dogado GmbH (AS45012)	1
wataniya-palestine.com	Wataniya Palestine Mobile Telecommunication Company PLC (AS48966)	1
second-ns.com	Hetzner Online GmbH (AS24940)	3
NSONE	Fca Information Technology, Excellence And Methods S.p.A. (AS12734)	1
cctld.com	CLOUDFLARENET (AS13335)	1
art4muslim.com	OVH SAS (AS16276)	1
tevapharm.com	SECURITYSERVICES (AS12008)	1
barbero.zone	DIGITALOCEAN-ASN (AS14061)	1
amzndns.com	AMAZON-02 (AS16509)	1
LeaseWeb Netherlands B.V.	Hetzner Online GmbH (AS24940)	1
netim.net	SQUARESPACE (AS53831)	1
alkhader.ps	WEHOSTWEBSITES-COM (AS30475)	1
panthur.com	Hostopia Australia Web Pty Ltd (AS55803)	2
letsbehost.com	Contabo GmbH (AS51167)	1
gov.ps	Gemzo information technology Private Joint-Stock company (AS51336)	1
shopy.ps	Contabo GmbH (AS51167)	1
CLOUDFLARENET	ZOHO-AS (AS2639)	1
inforent.de	MICROSOFT-CORP-MSN-AS-BLOCK (AS8075)	1
robothost.net	UNIFIEDLAYER-AS-1 (AS46606)	1
hostcocoa.com	AMAZON-02 (AS16509)	1
CLOUDFLARENET	PONYNET (AS53667)	1
ab stract ltd	BEST-NET s.r.o. (AS196653)	1
nsla10.com	AS40028 (AS40028)	1
visithebron.ps	Contabo GmbH (AS51167)	1
awsdns-01.net	AMAZON-02 (AS16509)	1
awsdns-27.com	AMAZON-02 (AS16509)	1
desec.io	Baykov Ilya Sergeevich (AS41745)	1
123ns.de	'ingenit GmbH & Co. KG' (AS57376)	1
awsdns-11.org	AMAZON-02 (AS16509)	1
cloudns.net	FreeTel, s.r.o. (AS8251)	1
Injazat Technologies LTD	Mada Al-Arab General Services Company (AS51407)	1
domainnetwork.se	MICROSOFT-CORP-MSN-AS-BLOCK (AS8075)	1
Injazat Technologies LTD	Telefonica Germany (AS6805)	1
Hetzner Online GmbH	Hostinger International Limited (AS47583)	1
zahda.ps	Contabo GmbH (AS51167)	1
awsdns-02.net	AMAZON-02 (AS16509)	2
afraid.org	dogado GmbH (AS8648)	1
cortoba.net	Hetzner Online GmbH (AS24940)	1
palsat.ps	AMAZON-02 (AS16509)	1
awsdns-08.org	Cloudflare London, LLC (AS209242)	1
audi.de	Audi AG (AS12331)	1
namechecking.net	MICROSOFT-CORP-MSN-AS-BLOCK (AS8075)	1
Astra for Telecommunication and IT Services	Palestine Telecommunications Company (PALTEL) (AS12975)	1
CLOUDFLARENET	Wix.com Ltd. (AS58182)	1
bisan.com	Palestine Telecommunications Company (PALTEL) (AS12975)	1
awsdns-26.com	AMAZON-02 (AS16509)	1
etek.ps	IMH-IAD (AS54641)	1
bodis.com	AMAZON-02 (AS16509)	1
byet.org	Wildcard UK Limited (AS34119)	1
registrar-servers.com	CLOUDFLARENET (AS13335)	1
mamatechworld.com	UK Dedicated Servers Limited (AS42831)	2
net.au	SYNERGY WHOLESALE PTY LTD (AS45638)	1
awsdns-08.com	AMAZON-02 (AS16509)	1
gulf-hosting.com	Hetzner Online GmbH (AS24940)	1
hawsib.com	Hostinger International Limited (AS47583)	1
awsdns-05.org	Contabo GmbH (AS51167)	1
yalla-host.com	Hetzner Online GmbH (AS24940)	1
myfcloud.com	Akamai Connected Cloud (AS63949)	1
HURRICANE	Mada Al-Arab General Services Company (AS51407)	1
awsdns-27.net	AMAZON-02 (AS16509)	1
MICROSOFT-CORP-MSN-AS-BLOCK	The National Bank PLC (AS59394)	1
awsdns-14.org	AMAZON-02 (AS16509)	1
ZONE Technologies Ltd	Wix.com Ltd. (AS58182)	1
i-net.ps	Palestine Telecommunications Company (PALTEL) (AS12975)	1
UNIFIEDLAYER-AS-1	SHARKTECH (AS46844)	1
moznhost.com	Gigahost AS (AS56655)	1
lorentz.solar	Hetzner Online GmbH (AS24940)	1
fikrtech.org	CLOUDFLARENET (AS13335)	1
awsdns-16.net	FASTLY (AS54113)	1
supercode.ps	Contabo GmbH (AS51167)	1
supremepanel.com	LIQUIDNETLTD1 (AS14555)	1
domeny.tv	Dataspace P.s.a. (AS50599)	1
webhostingpad.com	ASN-GIGENET (AS32181)	1
registrar-servers.com	Enflow B.V. (AS209626)	1
awsdns-12.net	GOOGLE-CLOUD-PLATFORM (AS396982)	1
CLOUDFLARENET	AS-30083-US-VELIA-NET (AS30083)	1
125mb.com	Zetta Hosting Solutions LLC. (AS44476)	1
perfectoitsolution.com	Contabo GmbH (AS51167)	1
domain.io	AMAZON-02 (AS16509)	1
narjes.net	Hetzner Online GmbH (AS24940)	1
nohup.it	GOOGLE-CLOUD-PLATFORM (AS396982)	1
NETWORK-SOLUTIONS-HOSTING	AS-VULTR (AS20473)	1
gov.ps	Hetzner Online GmbH (AS24940)	1
SECURITYSERVICES	CLOUDFLARENET (AS13335)	1
Abu-Ghazaleh Intellectual Property Ltd.	NTT-DATA-2914 (AS2914)	1
enter-system.com	AMAZON-02 (AS16509)	1
infrapod.nl	GOOGLE-CLOUD-PLATFORM (AS396982)	1
Injazat Technologies LTD	Infomaniak Network SA (AS29222)	1
superdomainzone.com	SINGLEHOP-LLC (AS32475)	1
netways.de	NETWAYS GmbH (AS61303)	1
checkdomain.de	Xirra GmbH (AS51191)	1
ab stract ltd	CLOUDFLARENET (AS13335)	1
fisvps.com	IMH-IAD (AS54641)	1
herodns.net	20i Limited (AS48254)	1
ab stract ltd	NEOCITIES (AS395409)	1
markmonitor.com	UBIMET GmbH (AS209571)	1
orchestra.ps	Contabo GmbH (AS51167)	1
