ANINF	dgpe.ga	1
G-Core Labs S.A.	sa88566.com	18
O2switch SAS	leclubhouse.ga	1
Gransy s.r.o.	CASABLANCA INT a.s.	14
Groupe LWS SARL	cii-gabon.ga	1
bb-online.biz	MICROSOFT-CORP-MSN-AS-BLOCK	1
xundns.com	img999.cc	21
NSONE	mailgun.org	2
OVH SAS	MICROSOFT-CORP-MSN-AS-BLOCK	2
awsdns-10.com	AMAZON-02	1
NForce Entertainment B.V.	uurr.de	3
lwsdns.com	urbanloc.ga	1
1233dns.com	outgedns505.com	5
lwsdns.com	dositech.ga	1
NForce Entertainment B.V.	APPLE-ENGINEERING	3
ANINF	ageos.ga	1
netim.net	gigafirst.com	1
lwsdns.com	MICROSOFT-CORP-MSN-AS-BLOCK	4
perf1.com	canalsat-afrique.ga	1
ipcom GmbH	mailinblack.com	1
lwsdns.com	openshop.ga	1
ipcom GmbH	edenred.ga	1
digitalwolfdev.eu	CASABLANCA INT a.s.	1
G-Core Labs S.A.	zx770.com	33
xundns.com	orionxyz.com	22
xundns.com	xblgxfc.com	3
serverhostgroup.com	columbus.ga	1
GANDI SAS	GANDI SAS	73
awsdns-00.com	GOOGLE	1
GOOGLE	GOOGLE	2
CLOUDFLARENET	simplelogin.co	1
netim.net	GOOGLE	3
routing.net	routing.net	9
netim.net	Eurofiber France SAS	82
awsdns-00.net	AMAZON-02	2
routing.net	Eurofiber France SAS	11
CLOUDFLARENET	AMAZON-02	13
AMAZON-AES	hj1.ga	1
ANINF	png.ga	1
ui-dns.biz	Fastmail Pty Ltd	1
CLOUDFLARENET	workspace.org	4
anif.ga	anif.ga	1
AMAZON-AES	jmc.ga	1
freenom.com	watties.ga	1
Groupe LWS SARL	alouer.ga	1
xundns.com	egns.eu	33
lwsdns.com	olympus.ga	1
lwsdns.com	safem.ga	1
Trellian Pty. Limited	Delta HighTech Ltd.	11
perf1.com	Nameshield SAS	12
CLOUDFLARENET	mxhichina.com	1
dnsip.com	img999.cc	20
lwsdns.com	movovi.ga	1
dnsip.com	aisdun-cname.com	4
ANINF	mouila.ga	1
nameshield.net	Nameshield SAS	10
Trellian Pty. Limited	Trellian Pty. Limited	30
AMAZON-AES	sbu.ga	1
Groupe LWS SARL	s2plusbtp.ga	1
badoo.com	badoo.ga	1
Hetzner Online GmbH	lnk.ga	1
CLOUDFLARENET	CLOUDFLARENET	118
ANINF	enset.ga	1
lwsdns.com	impactinvestments.ga	1
lwsdns.com	aeroport.ga	1
netim.net	spamora.net	1
my-control-panel.com	lonadi.ga	1
G-Core Labs S.A.	buyusdt.me	3
AMAZON-AES	pfd.ga	1
datasys.dev	greenland.ga	1
lwsdns.com	rdbeurope.ga	1
CLOUDFLARENET	APPLE-ENGINEERING	5
lwsdns.com	legratuit.ga	1
xundns.com	qcnodecd.com	1
SECURITYSERVICES	SECURITYSERVICES	50
anmaps241.online	anmaps.ga	1
lwsdns.com	omni-drive.ga	1
xundns.com	2599cdn.com	1
ANINF	assemblee-nationale.ga	1
AMAZON-AES	0ya.ga	1
perf1.com	canalplus.ga	1
sssstory.com	tele.ga	1
nic.fr	nic.ga	1
lwsdns.com	abes.ga	1
awsdns-10.com	GOOGLE	1
bahigo.online	bahigo.com	2
tmd.cloud	savannah.ga	1
lwsdns.com	sommeupservices.ga	1
OVH SAS	OVH SAS	5
G-Core Labs S.A.	hjdhsj4902.com	17
lwsdns.com	setrag.ga	1
registrar-servers.com	APPLE-ENGINEERING	1
ANINF	changeonsensemble.ga	1
perf1.com	les-bouquets-canal-plus.ga	1
Groupe LWS SARL	lws-hosting.ga	1
Gabon-Telecom	MICROSOFT-CORP-MSN-AS-BLOCK	2
Groupe LWS SARL	orety.ga	1
CLOUDFLARENET	Eurofiber France SAS	10
messagingengine.com	Fastmail Pty Ltd	1
yandex.net	YANDEX LLC	3
ipcom GmbH	monsieur-bricolage.ga	1
lwsdns.com	alerte.ga	1
AMAZON-AES	wvw.ga	1
zoneedit.com	zoneedit.com	1
lwsdns.com	bellabeauty.ga	1
AMAZON-AES	hec.ga	1
lwsdns.com	integsol.ga	1
lwsdns.com	fredservices.ga	1
lwsdns.com	mandjiinfos.ga	1
ex2.com	transparence.ga	1
value-domain.com	hira.ga	1
IONOS SE	NorthC Deutschland GmbH	18
awsdns-00.org	bouygues-construction.com	1
ANINF	cnat-gabon.ga	1
lwsdns.com	topstrategies.ga	1
Groupe LWS SARL	nourtv.ga	1
Hetzner Online GmbH	regery.net	3
Groupe LWS SARL	lejmp.ga	1
lwsdns.com	cabinetintellect.ga	1
lwsdns.com	techcare.ga	1
ui-dns.biz	ionos.es	1
lws-hosting.com	a-a-hebergement.ga	1
ipage.com	MICROSOFT-CORP-MSN-AS-BLOCK	1
AMAZON-AES	rwu.ga	1
seocom.ma	moovmoney.ga	1
nameshield.net	INCAPSULA	3
afraid.org	nha.ga	1
CLOUDFLARENET	marcaria.com	2
lwsdns.com	environnement-gabon.ga	1
dnsip.com	2bhxcdn.com	3
CLOUDFLARENET	careerjet.net	1
GOOGLE	coralegnami.it	2
ANINF	hiaa.ga	1
lwsdns.com	hitech.ga	1
ipcom GmbH	flyairgabon.ga	1
AMAZON-AES	1tp.ga	1
lwsdns.com	full-drive.ga	1
efapel.pt	efapel.ga	1
CLOUDFLARENET	massa.ga	1
afraid.org	bauru.ga	1
yunxns.com	scdnx.net	3
dreamhost.com	MICROSOFT-CORP-MSN-AS-BLOCK	1
lwsdns.com	communication.ga	1
CLOUDFLARENET	igpp.ga	2
lwsdns.com	csna.ga	1
ANINF	faner.ga	1
nameshield.net	pphosted.com	1
perf1.com	canalsat.ga	1
CLOUDFLARENET	bounia.ga	1
PLANETHOSTER-8	ctrigabon.ga	1
boxsecured.com	gaboma.ga	1
Safenames Ltd.	Safenames Ltd.	13
ex2.com	ge-consulting.ga	1
lwsdns.com	monmariage.ga	1
CLOUDFLARENET	GOOGLE	17
lwsdns.com	sni-gabon.ga	1
CLOUDFLARENET	qq.com	1
IONOS SE	Fastmail Pty Ltd	1
lwsdns.com	logigroup.ga	1
perf1.com	canalplus-afrique.ga	1
Groupe LWS SARL	dgtt.ga	1
awsdns-12.org	MICROSOFT-CORP-MSN-AS-BLOCK	1
simplecloud.ru	YANDEX LLC	1
CLOUDFLARENET	1919d.ga	1
websupport.sk	iiih.ga	1
Groupe LWS SARL	monip.ga	1
lwsdns.com	ichl.ga	1
SECURITYSERVICES	pphosted.com	2
Groupe LWS SARL	igad.ga	1
lwsdns.com	bureaucomptable.ga	1
hawkhost.com	moma.ga	1
GANDI SAS	GOOGLE	1
CLOUDFLARENET	muratcan.net	1
rue241.ga	rue241.ga	1
ANINF	cyberforum.ga	1
lwsdns.com	industrie.ga	1
xundns.com	1bcdn.com	6
bluehost.com	carrefour.ga	1
dnsip.com	longteng-cdn.com	6
lwsdns.com	luminae.ga	1
CLOUDFLARENET	larksuite.com	1
CLOUDFLARENET	kodza.ga	1
prxy.biz	GOOGLE	1
bhosted.nl	bhosted.nl	1
CLOUDFLARENET	vps4you.hu	1
ANINF	fpn.ga	1
O2switch SAS	lechalet.ga	1
CLOUDFLARENET	1xbet-apk.ga	1
lwsdns.com	expressunion.ga	1
xundns.com	hhsw6688hxcdn.com	14
ANINF	acer.ga	1
xundns.com	3bcncdn.com	2
netim.net	hots.ga	1
NForce Entertainment B.V.	aka.ga	1
afraid.org	swisshero.net	1
stdigital.network	MICROSOFT-CORP-MSN-AS-BLOCK	7
lwsdns.com	GOOGLE	5
O2switch SAS	greenvision.ga	1
AMAZON-02	mailerhost.net	4
lwsdns.com	createchs.ga	1
CLOUDFLARENET	YANDEX LLC	3
lwsdns.com	pourquoijevoteoligui.ga	1
lwsdns.com	reseaux-services.ga	1
lwsdns.com	uaspom.ga	1
CLOUDFLARENET	tokenisation.ga	1
CLOUDFLARENET	olmga.cn	1
MICROSOFT-CORP-MSN-AS-BLOCK	MICROSOFT-CORP-MSN-AS-BLOCK	5
ANINF	anbg.ga	1
lwsdns.com	glbl.ga	1
lwsdns.com	OVH SAS	1
PLANETHOSTER-8	codaris.ga	1
bluehost.com	mennen.ga	1
lwsdns.com	visitgabon.ga	1
ANINF	mailinblack.com	1
Groupe LWS SARL	ruedudomaine.ga	1
ip-94-23-207.eu	GOOGLE	1
CLOUDFLARENET	mx.services	1
O2switch SAS	shakingafrica.ga	1
lwsdns.com	peche.ga	1
CLOUDFLARENET	mattporter.com	1
ANINF	digitalaufeminin.ga	1
lwsdns.com	racinebene.ga	1
lws-hosting.net	hebergeur-discount.ga	1
diplomes.ga	diplomes.ga	1
CLOUDFLARENET	improvmx.com	2
tinyurl.com	tinyurl.com	1
CLOUDFLARENET	mxrouting.net	2
sedoparking.com	localhost	6
Groupe LWS SARL	concoursphotosag.ga	1
netim.net	dgdi.ga	1
ANINF	cnap.ga	1
lwsdns.com	singcloud.ga	1
lwsdns.com	mediatick.ga	1
lwsdns.com	digicone.ga	1
francedns.com	Eurofiber France SAS	9
Groupe LWS SARL	novagroup.ga	1
ANINF	anpn.ga	1
z-ns.net	com.ua	4
G-Core Labs S.A.	phpcdn536a.top	2
lwsdns.com	vision43.ga	1
CLOUDFLARENET	nvpc.de	1
lwsdns.com	colis.ga	1
lwsdns.com	lesbatisseurs.ga	1
CLOUDFLARENET	anomalie.ga	1
lwsdns.com	vgsl.ga	1
lwsdns.com	digitalisation.ga	1
CLOUDFLARENET	orbit-trading.ga	1
lwsdns.com	energies.ga	1
xundns.com	cnhxmod.com	3
lwsdns.com	tourisme.ga	1
siteground.net	mailspamprotection.com	2
xundns.com	3988tqcdn.com	5
neostrada.nl	ibnl.ga	1
netim.net	qq.com	1
CLOUDFLARENET	NAMECHEAP-NET	2
lwsdns.com	startget.tech	5
SECURITYSERVICES	iptwins.com	1
lwsdns.com	etheer.ga	1
1233dns.com	outgedns770.com	2
ANINF	douanes.ga	1
lwsdns.com	herculesindustries.ga	1
lwsdns.com	rops.ga	1
ANINF	agatour.ga	1
dnspod.net	mxhichina.com	1
lwsdns.com	gabonvote.ga	1
lwsdns.com	tabledor.ga	1
iyazo.ga	iyazo.ga	1
dominiok.it	eurocorp-africa.ga	1
lwsdns.com	cepag.ga	1
AMAZON-AES	pjh.ga	1
Groupe LWS SARL	sikul-edu.ga	1
Gabon-Telecom	uuplus.com	1
ipcom GmbH	brandur.de	1
ne.jp	kame.ga	1
Safenames Ltd.	Proton AG	2
lwsdns.com	hologramconseils.ga	1
ANINF	cpr.ga	1
ANINF	monportail.ga	1
co.za	vivoenergy.ga	1
lwsdns.com	careveo.ga	1
iptwins.com	iptwins.com	2
lwsdns.com	studia.ga	1
GANDI SAS	MICROSOFT-CORP-MSN-AS-BLOCK	6
hwrn.net	csof.net	2
lwsdns.com	eco-drive.ga	1
netim.net	dess.ga	1
freenom.com	GOOGLE	2
IONOS SE	hosteurope.de	1
lwsdns.com	colisrelais.ga	1
ANINF	ucet.ga	1
lwsdns.com	forwardemail.net	1
linode.com	autons.net	1
G-Core Labs S.A.	cdnzhukong.com	4
CLOUDFLARENET	timelapse.ga	1
is-fun.net	is-fun.net	5
awsdns-00.com	bouygues-construction.com	1
Groupe LWS SARL	bilie-polyclinique.ga	1
xundns.com	3bhxcdn.com	5
lwsdns.com	mindconcept.ga	1
ANINF	zones-economiques.ga	1
sport241.ga	sport241.ga	1
lwsdns.com	mcfi.ga	1
maim-dns.com	stackmail.com	1
tmd.cloud	macon.ga	1
lwsdns.com	alphanum.ga	1
mtds.com	bank-of-africa.ga	1
tpecloud.top	maisonmag.ga	1
CLOUDFLARENET	emailsrvr.com	3
netnames.net	netnames.net	2
dominiando.asia	dominiando.it	2
CLOUDFLARENET	mainframe.pw	1
lwsdns.com	booh.ga	1
ANINF	owendo.ga	1
kypay.ga	OVH SAS	1
Gabon-Telecom	comuspi.ga	1
alwaysdata.com	alwaysdata.com	4
CLOUDFLARENET	seznam.cz	1
pluhop.com	pluhop.com	1
share-dns.com	sa88566.com	1
myown.be	customy.net	1
migadu.com	migadu.com	1
ANINF	dette.ga	1
CLOUDFLARENET	stackmail.com	3
lwsdns.com	7openguesthouse.ga	1
lwsdns.com	hotelbuding.ga	1
CLOUDFLARENET	airbnb.ga	1
ANINF	libreville.ga	1
totalenergies.biz	totalfinaelf.net	1
bcg.ga	bcg.ga	1
lwsdns.com	les-engages.ga	1
Groupe LWS SARL	fidafrica.ga	1
lwsdns.com	gombo.ga	1
radio.ga	GOOGLE	1
riman.sk	cupa.ga	1
awsdns-02.org	Nameshield SAS	1
xundns.com	olns.vip	1
gaprod.fr	prod.ga	1
awsdns-24.net	Fastmail Pty Ltd	1
hostpapa.com	itgabon.ga	1
AMAZON-AES	ogo.ga	1
lwsdns.com	alphamindtechnology.ga	1
ex2.com	ita.ga	1
ANINF	dna.ga	1
Groupe LWS SARL	geotechnic.ga	1
ipcom GmbH	MICROSOFT-CORP-MSN-AS-BLOCK	1
CLOUDFLARENET	localhost	1
CLOUDFLARENET	com.br	2
lwsdns.com	dengui.ga	1
CLOUDFLARENET	ooo.ga	1
lwsdns.com	bella-beauty.ga	1
Groupe LWS SARL	investingabon.ga	1
ANINF	orbellia.ga	1
CLOUDFLARENET	francedns.com	2
lwsdns.com	informatique.ga	1
Groupe LWS SARL	ctg.ga	1
NForce Entertainment B.V.	purelymail.com	1
lwsdns.com	mohikagho.ga	1
ANINF	dgmp.ga	1
ANINF	MICROSOFT-CORP-MSN-AS-BLOCK	1
AMAZON-AES	xxc.ga	1
AMAZON-AES	cg6.ga	1
ipcom GmbH	mrbricolage.ga	1
lwsdns.com	bmacc.ga	1
lwsdns.com	kweli.ga	1
lwsdns.com	amicale.ga	1
ANINF	cellops.ga	1
inmotionhosting.com	cleanproplus.ga	1
lwsdns.com	clubtourisme.ga	1
contaboserver.net	footgabon.ga	1
Gabon-Telecom	moov.ga	1
lwsdns.com	rencontre.ga	1
CLOUDFLARENET	pphosted.com	1
lwsdns.com	presidentielle241.ga	1
G-Core Labs S.A.	cdnscaches.vip	4
lwsdns.com	ezprimeplus.ga	1
ipcom GmbH	plissee.ga	1
awardspace.com	trufi.ga	1
prodomaines.com	prodomaines.com	1
aje.ga	aje.ga	1
yottasrc.com	200n.ga	1
lwsdns.com	nature.ga	1
lwsdns.com	pointcolis.ga	1
mtds.com	bankofafrica.ga	1
CLOUDFLARENET	ebusinesscard.ga	1
AMAZON-AES	abir.ga	1
lwsdns.com	infos.ga	1
lwsdns.com	elbev.ga	1
Groupe LWS SARL	eventime.ga	1
lwsdns.com	celiona.ga	1
CLOUDFLARENET	zipp.ga	1
kriweb.com	enzahome.ga	1
eolas.fr	biomerieux.ga	1
contaboserver.net	gabonmatin.ga	1
Groupe LWS SARL	lindependant.ga	1
icndns.net	yebi.ga	1
Groupe LWS SARL	vcloudpoint.ga	1
freenom.com	arousacode.net	1
awsdns-13.com	GOOGLE	1
stdigital.network	cloudstore.africa	3
lwsdns.com	entreprendre.ga	1
hostpoint.ch	hostpoint.ch	2
xundns.com	longteng-cdn.com	2
ipcom GmbH	monsieurbricolage.ga	1
lwsdns.com	immobilier.ga	1
ANINF	epca.ga	1
CLOUDFLARENET	info-go.ga	1
lwsdns.com	celestes.ga	1
satoga.ga	satoga.ga	1
CLOUDFLARENET	ramatech.ga	1
shockhosting.com	gplay.ga	1
121server.com	sglp.ga	1
ANINF	dgpro.ga	1
ANINF	satic.ga	1
lwsdns.com	fuda.ga	1
com.br	sabordeminas.ga	1
lwsdns.com	eerg.cloud	1
lwsdns.com	emando1.ga	1
lwsdns.com	indabax.ga	1
namecheaphosting.com	NAMECHEAP-NET	4
ANINF	cnou.ga	1
seocom.ma	moovafrica.ga	1
NSONE	GOOGLE	1
ANINF	tresorpublic.ga	1
lwsdns.com	eliyel.ga	1
nic.ru	nic.ru	1
CLOUDFLARENET	Fastmail Pty Ltd	3
lwsdns.com	wenze.ga	1
net.lb	net.lb	1
CLOUDFLARENET	elfile.ga	1
ANINF	mabanniere.ga	1
CLOUDFLARENET	Proton AG	3
ANINF	cnnii.ga	1
lwsdns.com	madein-gabon.ga	1
bluehost.com	cnmag.ga	1
ui-dns.biz	ionos.de	1
namebay.com	ascoma.ga	1
lwsdns.com	oyeri.ga	1
ANINF	gabix.ga	1
dnsexit.com	Proton AG	1
NForce Entertainment B.V.	simplelogin.co	1
lwsdns.com	akwane.ga	1
hostgator.com	atlanta.ga	1
lwsdns.com	partsbusiness.ga	1
lwsdns.com	warehouse.ga	1
NSONE	Fastmail Pty Ltd	1
sahamdns.net	sahamassurance.ga	1
lwsdns.com	colisgabon.ga	1
CLOUDFLARENET	MICROSOFT-CORP-MSN-AS-BLOCK	4
CLOUDFLARENET	forwardemail.net	1
Groupe LWS SARL	cbon.ga	1
ANINF	dgabd.ga	1
bengu.org	YANDEX LLC	1
websupport.sk	websupport.sk	2
lwsdns.com	smsgabon.ga	1
ipcom GmbH	airgabon.ga	1
CLOUDFLARENET	echt.ga	1
lwsdns.com	omnidrive.ga	1
lwsdns.com	ralphnguimbi.ga	1
GOOGLE-CLOUD-PLATFORM	stackmail.com	5
webbox.sk	webbox.sk	1
ANINF	courdescomptes.ga	1
subrigo.net	carrierops.com	1
webmo.fr	MICROSOFT-CORP-MSN-AS-BLOCK	1
PLANETHOSTER-8	mairie-akanda.ga	1
lwsdns.com	metal-force.ga	1
ANINF	gabon24.ga	1
quicns.com	eboutiques.ga	1
nindohost.net	GOOGLE	1
novagraaf-dns.com	calzedonia.com	1
perf1.com	lesbouquetscanalplus.ga	1
blazingfast.io	briansclub.ga	1
lwsdns.com	eaux-et-forets.ga	1
anonymail.ga	anonymail.ga	1
lwsdns.com	amcconstruction.ga	1
awsdns-19.com	AMAZON-02	1
ANINF	courconstitutionnelle.ga	1
CLOUDFLARENET	sigaj.ga	1
Groupe LWS SARL	ap-holding.ga	1
Groupe LWS SARL	lagrac.ga	1
lwsdns.com	siiag.ga	1
Groupe LWS SARL	cfc6.ga	1
ANINF	uob.ga	1
lwsdns.com	interieur.ga	1
lwsdns.com	gigatech.ga	1
dnsimple.com	GOOGLE	1
ex2.com	sgjl.ga	1
binto.ga	binto.ga	1
lwsdns.com	luxurycar.ga	1
NForce Entertainment B.V.	GOOGLE	1
ANINF	egabon.ga	1
xundns.com	handipppowzzzuu.com	2
lwsdns.com	energysafety.ga	1
awsdns-31.org	hotmail.com	1
manibus.ga	manibus.ga	1
eurodns.biz	infomaniak.ch	1
mail.ru	mail.ru	1
enet-business.com	enet-business.com	1
CLOUDFLARENET	maruga.com	1
dnsip.com	hhsw6688hxcdn.com	1
lwsdns.com	agriculture.ga	1
AMAZON-AES	kvc.ga	1
lnsp.ga	lnsp.ga	1
lwsdns.com	formaprohygi.ga	1
AMAZON-AES	jfg.ga	1
lwsdns.com	koseven.ga	1
lwsdns.com	domainetest.ga	1
AMAZON-AES	jof.ga	1
O2switch SAS	MICROSOFT-CORP-MSN-AS-BLOCK	1
mtds.com	boa.ga	1
lwsdns.com	optimisgroup.ga	1
ANINF	dgb.ga	1
ANINF	zitaoliguinguema.ga	1
lwsdns.com	cnog.ga	1
lwsdns.com	iletaitunefois.ga	1
AMAZON-AES	opentracker.ga	1
xundns.com	dljxoooocdn.com	2
wixdns.net	Eurofiber France SAS	1
lwsdns.com	sefp.ga	1
lwsdns.com	hi-tech.ga	1
cream.nl	beautyplaza.ga	1
lwsdns.com	gabcampus.ga	1
sqr.cloud	antispam-login.net	1
fm-consulting.ga	fm-consulting.ga	1
hostgator.com	oldstones.ga	1
Safenames Ltd.	GOOGLE	3
lwsdns.com	webelieve.ga	1
AMAZON-AES	bbg.ga	1
ANINF	chul.ga	1
lws-hosting.com	okani.ga	1
nscluster.eu	bel.ga	1
awsdns-01.net	MICROSOFT-CORP-MSN-AS-BLOCK	1
AMAZON-AES	c2r.ga	1
CLOUDFLARENET	bolide.ga	1
CLOUDFLARENET	purelymail.com	2
lwsdns.com	amocapital.ga	1
lwsdns.com	mediaexpress.ga	1
xundns.com	66cdn770.com	2
domainoo.fr	domainoo.fr	1
lwsdns.com	video-drive.ga	1
netim.net	Proton AG	1
Groupe LWS SARL	prnews.ga	1
xundns.com	xmocloud02.com	2
Groupe LWS SARL	creativelabs.ga	1
CLOUDFLARENET	delti.com	1
domaincontrol.com	amador.net	1
gransy.com	coreweb.ga	1
lwsdns.com	2minteractive.ga	1
lwsdns.com	gestionpb.ga	1
lwsdns.com	rdbgabon.ga	1
register.it	register.it	1
AMAZON-AES	xqb.ga	1
lwsdns.com	ginovacademy.ga	1
lwsdns.com	orison.ga	1
linode.com	buug.ga	1
lwsdns.com	automobile.ga	1
AMAZON-AES	eti.ga	1
lwsdns.com	obdecor.ga	1
francedns.com	GOOGLE	1
lwsdns.com	axisoilandgas.ga	1
immodem.ga	immodem.ga	1
netim.net	MICROSOFT-CORP-MSN-AS-BLOCK	3
xnor.ga	5.125	1
lwsdns.com	assurland.ga	1
no-ip.com	thegales.ga	1
hostgator.com	univga.ga	1
lwsdns.com	APPLE-ENGINEERING	1
CLOUDFLARENET	tickets.ga	1
ANINF	armp.ga	1
lwsdns.com	ezenegroup.ga	1
GOOGLE	ificloud.it	1
lwsdns.com	forets.ga	1
AMAZON-AES	mje.ga	1
lbvnews.ga	lbvnews.ga	1
O2switch SAS	moun-investissement.ga	1
routing.net	MICROSOFT-CORP-MSN-AS-BLOCK	1
CLOUDFLARENET	OVH SAS	2
AMAZON-AES	bco.ga	1
hostgator.in	luxe.ga	1
lwsdns.com	legrosdidier.ga	1
CLOUDFLARENET	sanit.ga	1
ANINF	lambarene.ga	1
lwsdns.com	aventure.ga	1
lwsdns.com	secureprint.ga	1
Safenames Ltd.	gtazoccer.de	1
lwsdns.com	sikolo.ga	1
pageride.com	fortion.net	1
ANINF	aninf.ga	1
lwsdns.com	impots.ga	1
kriweb.com	yatasbedding.ga	1
ANINF	oyem.ga	1
ipcom GmbH	kelio.ga	1
lwsdns.com	cboneurope.ga	1
remi.ga	remi.ga	1
G-Core Labs S.A.	workspace.org	1
ipcom GmbH	mimecast.com	1
AMAZON-AES	wl6.ga	1
lwsdns.com	vitalisoft.ga	1
awsdns-31.com	GOOGLE	1
lwsdns.com	cegconsulting.ga	1
ANINF	artf.ga	1
lwsdns.com	apholding.ga	1
ipcom GmbH	penpen.eu	1
lwsdns.com	eveservices.ga	1
lwsdns.com	rsug.ga	1
its.ga	its.ga	1
lwsdns.com	easybail.ga	1
Akamai International B.V.	iphmx.com	2
Groupe LWS SARL	apicnog.ga	1
CLOUDFLARENET	synadoc.ga	1
freenom.com	the-tk.com	1
lwsdns.com	nopyshop.ga	1
lwsdns.com	dgss.ga	1
cotarelo.ga	iescotarelo.es	1
Gabon-Telecom	sgepp.ga	1
AMAZON-AES	ewm.ga	1
ipcom GmbH	webspace.bz	2
hyperhost.ua	candyhub.ga	1
cloudns.net	MICROSOFT-CORP-MSN-AS-BLOCK	1
registrar-servers.com	MICROSOFT-CORP-MSN-AS-BLOCK	1
Groupe LWS SARL	epurs.ga	1
lwsdns.com	batisseurs.ga	1
gransy.com	onlineshop.ga	1
lwsdns.com	el-tozzys.ga	1
CLOUDFLARENET	oxcs.net	1
NSONE	t-msedge.net	1
lwsdns.com	kgd-construction.ga	1
ip-94-23-207.eu	csaig.ga	1
lwsdns.com	oseg.ga	1
lwsdns.com	plasteo.ga	1
lwsdns.com	geco.ga	1
lwsdns.com	mayehost.ga	1
lwsdns.com	monlogement.ga	1
opsdns.ch	typo3.ga	1
ANINF	apiex.ga	1
lwsdns.com	commerce-exterieur.ga	1
lwsdns.com	peyri.ga	1
AMAZON-AES	yax.ga	1
AMAZON-AES	f8t.ga	1
CLOUDFLARENET	tutanota.de	2
lwsdns.com	cafesportplus.ga	1
ehgg.ga	ehgg.ga	1
SECURITYSERVICES	telia.com	1
ANINF	consulat-france.ga	1
linode.com	GOOGLE	1
AMAZON-AES	2zg.ga	1
ipcom GmbH	fitnessboutique.ga	1
magdalenajalisco.net	YANDEX LLC	1
huaweicloud-dns.cn	mxrouting.net	1
lwsdns.com	afrimed.ga	1
Groupe LWS SARL	cii-services.ga	1
resurgent.ga	GOOGLE	1
sgg.ga	MICROSOFT-CORP-MSN-AS-BLOCK	1
gransy.com	madtools.ga	1
ANINF	sihg.ga	1
lwsdns.com	mablab.ga	1
NSONE	GANDI SAS	1
lwsdns.com	bconsulting.ga	1
vkconseil.ga	vkconseil.ga	1
AMAZON-AES	rbl.ga	1
lwsdns.com	pooltpv.ga	1
lwsdns.com	kaysoon.ga	1
lwsdns.com	fpbg.ga	1
lwsdns.com	ultra-drive.ga	1
Groupe LWS SARL	seoanalyzer.ga	1
AMAZON-AES	bfs.ga	1
ANINF	sgpr.ga	1
perf1.com	pphosted.com	1
Groupe LWS SARL	gabonexposition.ga	1
lwsdns.com	sevia.ga	1
stanian.com	revolution.ga	1
millenniumarts.net	millenniumarts.net	1
AMAZON-AES	icb.ga	1
GANDI SAS	puressentiel.com	1
lwsdns.com	jemwats.ga	1
lwsdns.com	animan.ga	1
jadetransport.ga	jadetransport.ga	1
AMAZON-AES	ep6.ga	1
AMAZON-AES	qaz.ga	1
lws-hosting.net	hebergeurdiscount.ga	1
lwsdns.com	dges.ga	1
gene6.ga	gene6.ga	1
O2switch SAS	urbanfm.ga	1
lwsdns.com	qieservices.ga	1
lwsdns.com	firstlady.ga	1
ANINF	dgbfip.ga	1
Groupe LWS SARL	gaps.ga	1
new.ga	new.ga	1
lwsdns.com	cgda.ga	1
dnspod.net	github.io	1
AMAZON-AES	jdj.ga	1
HURRICANE	dawgs.ga	1
gransy.com	online-shop.ga	1
lwsdns.com	codecasa.ga	1
awsdns-08.net	vellin.ga	1
ANINF	aganor.ga	1
SECURITYSERVICES	lafarge.ga	1
CLOUDFLARENET	titan.email	1
netim.net	venin.ga	1
lwsdns.com	etrace.ga	1
lwsdns.com	humanis.ga	1
lwsdns.com	psycare.ga	1
lwsdns.com	kbindustries.ga	1
lwsdns.com	ngori.ga	1
ANINF	ogapi.ga	1
lwsdns.com	ville.ga	1
lwsdns.com	premieredame.ga	1
ex2.com	designconcept.ga	1
ANINF	port-gentil.ga	1
lwsdns.com	medirapha.ga	1
lwsdns.com	cfconseil.ga	1
CLOUDFLARENET	hostingas.lt	1
lwsdns.com	autofile.ga	1
AMAZON-AES	alk.ga	1
CLOUDFLARENET	xyz.ga	1
romarg.com	whmpanels.com	1
ANINF	franceville.ga	1
lwsdns.com	bard.ga	1
lwsdns.com	dspc-afrique.ga	1
lwsdns.com	sfnt.ga	1
HURRICANE	163.com	1
ANINF	aazis.ga	1
AMAZON-AES	xbq.ga	1
dnsmadeeasy.com	GOOGLE	1
prodns.mx	ven.ga	1
tmd.cloud	athens.ga	1
NForce Entertainment B.V.	topdns.com	1
ANINF	gouv.ga	1
ANINF	opn.ga	1
CLOUDFLARENET	epharma.ga	1
lwsdns.com	logimat.ga	1
lwsdns.com	insg.ga	1
Groupe LWS SARL	rue-du-domaine.ga	1
ipcom GmbH	sermes.ga	1
lwsdns.com	neuropress.ga	1
icp100.net	GOOGLE	1
Groupe LWS SARL	mon-ip.ga	1
likebets.ga	likebets.ga	1
dell.com	dell.com	1
private-nameserver.net	vpndev.ga	1
firstfind.nl	firstfind.nl	1
awsdns-14.org	GOOGLE	1
lwsdns.com	wintertech.ga	1
CLOUDFLARENET	gouv.ga	1
lwsdns.com	chatboard.ga	1
lwsdns.com	eglce.ga	1
lwsdns.com	pixelmedias.ga	1
extrainfra.com	riverabrooks.ga	1
HURRICANE	Fastmail Pty Ltd	1
uk.net	oman.ga	1
lwsdns.com	gabonactualites.ga	1
freenom.com	disroot.org	1
ex2.com	gogabon.ga	1
gipsa.ga	gipsa.ga	1
ANINF	anuttc.ga	1
CLOUDFLARENET	parifoot-apk.ga	1
MICROSOFT-CORP-MSN-AS-BLOCK	co.za	1
blazingfast.io	savastan0.ga	1
iptwins.com	te-dns.net	1
lwsdns.com	elongwe.ga	1
Akamai International B.V.	frontbridge.com	1
netim.net	tutanota.de	1
oligui2025.ga	oligui2025.ga	1
awsdns-08.com	GOOGLE	1
lwsdns.com	vacances.ga	1
lwsdns.com	menuenligne.ga	1
lwsdns.com	startget.cloud	1
ANINF	presidence.ga	1
lwsdns.com	eveille.ga	1
lwsdns.com	esseringuila.ga	1
lwsdns.com	transport.ga	1
CLOUDFLARENET	blum.ga	1
markmonitor.com	GOOGLE	1
com.br	esti.ga	1
ANINF	sni.ga	1
cloudns.net	diri.ga	1
CLOUDFLARENET	SECURITYSERVICES	1
lwsdns.com	ghiessi-services.ga	1
AMAZON-AES	42n.ga	1
AMAZON-AES	gcq.ga	1
lwsdns.com	excellencedafra.ga	1
CLOUDFLARENET	service.ga	1
Safenames Ltd.	zoho.eu	1
freenom.com	improvmx.com	1
ANINF	dgi.ga	1
lwsdns.com	labonneaffaire.ga	1
lwsdns.com	spotiq.ga	1
CLOUDFLARENET	goko.ga	1
contaboserver.net	leconfidentiel.ga	1
ANINF	pr.ga	1
PLANETHOSTER-8	san-gel.ga	1
lwsdns.com	15000talents.ga	1
GANDI SAS	Proton AG	1
lwsdns.com	ingenious.ga	1
AMAZON-AES	ijs.ga	1
lwsdns.com	soconsulting.ga	1
ordipat.fr	iphmx.com	1
AMAZON-AES	brokensoul.ga	1
lwsdns.com	melodia.ga	1
xundns.com	gfw-222.icu	1
phase8.net	jdplc.com	1
contaboserver.net	leradar.ga	1
awsdns-27.net	AMAZON-02	1
ipcom GmbH	adopt.ga	1
ANINF	seteg.ga	1
lwsdns.com	goch.ga	1
francedns.com	MICROSOFT-CORP-MSN-AS-BLOCK	1
lwsdns.com	hotelmandji.ga	1
freenom.com	larksuite.com	1
linode.com	opicak.com	1
lwsdns.com	affaires-etrangeres.ga	1
ANINF	cgsc.ga	1
lwsdns.com	oto-connect.ga	1
lwsdns.com	perfectmodels.ga	1
gransy.com	meee.ga	1
HURRICANE	YANDEX LLC	1
hodi.host	hodi.ga	1
lwsdns.com	independant.ga	1
lwsdns.com	avogest.ga	1
mtds.com	MICROSOFT-CORP-MSN-AS-BLOCK	1
lwsdns.com	defense.ga	1
lwsdns.com	certified.ga	1
lwsdns.com	education-nationale.ga	1
managementsolutions.ga	OVH SAS	1
AMAZON-AES	ij5.ga	1
CLOUDFLARENET	bceg.ga	1
CLOUDFLARENET	mmoga.com	1
lwsdns.com	gilndjouwou.ga	1
as207960.net	0x0a.de	1
AMAZON-AES	kou.ga	1
freenom.com	zoho.com	1
Groupe LWS SARL	as-mangasport.ga	1
hosteur.com	satelis.ga	1
lwsdns.com	hoteladagio.ga	1
dhosting.pl	dpoczta.pl	1
dnsdialoga.com	GOOGLE	1
impactcentrechretien.ga	impactcentrechretien.ga	1
ybcars.ga	ybcars.ga	1
lwsdns.com	anpi.ga	1
vultr.com	simplelogin.co	1
awsdns-27.com	portunity.de	1
xserver.jp	ikuna.ga	1
lwsdns.com	cbongabon.ga	1
