AMAZON-02	com.iq	15
CLOUDFLARENET	com.iq	49
stackdns.com	stackmail.com	2
ukfast.net	pphosted.com	1
CLOUDFLARENET	mailchannels.net	2
CLOUDFLARENET	titan.email	2
SECURITYSERVICES	NAMECHEAP-NET	13
ipage.com	com.iq	1
CLOUDFLARENET	CLOUDFLARENET	32
hostorr.net	com.iq	4
drvps.xyz	com.iq	2
a2hosting.com	com.iq	1
websitewelcome.com	com.iq	1
contabo.net	com.iq	5
zee-media.host	com.iq	1
ca-ph.com	com.iq	2
bashost.net	com.iq	2
AS-VULTR	ZOHO-AS	6
wdaoneserver.com	com.iq	1
CLOUDFLARENET	MICROSOFT-CORP-MSN-AS-BLOCK	9
microsoftonline.com	MICROSOFT-CORP-MSN-AS-BLOCK	2
INMOTION	com.iq	6
contabo.net	GOOGLE	1
almaramiq.com	com.iq	2
hostorr.com	com.iq	1
nastyahost.com	com.iq	2
com.iq	com.iq	1
esite-iq.com	com.iq	2
AMAZON-02	MICROSOFT-CORP-MSN-AS-BLOCK	3
ubarum.com	ubarum.com	1
CLOUDFLARENET	hostinger.ae	1
hostgator.com	com.iq	2
liquidweb.com	com.iq	2
servertv.net	com.iq	1
CLOUDFLARENET	dtc.iq	1
CLOUDFLARENET	cloudflare.net	2
trouble-free.net	com.iq	1
googledomains.com	com.iq	1
AMAZON-02	GOOGLE	1
awsdns-31.net	watania.com	1
CLOUDFLARENET	aspgulf.net	1
CLOUDFLARENET	GOOGLE	3
introit.info	GOOGLE	1
alkafeel.info	com.iq	1
cleome-isp.com	com.iq	1
CLOUDFLARENET	ZOHO-AS	1
hostns.io	com.iq	1
kualo.net	filteredmx.net	1
dnsenable.com	com.iq	2
fvee.com	stackmail.com	1
exclusivehosting.net	exclusivehosting.net	1
second-ns.com	MICROSOFT-CORP-MSN-AS-BLOCK	1
albasrahnews.com	com.iq	1
sitesown.net	com.iq	1
ultradns.net	MICROSOFT-CORP-MSN-AS-BLOCK	1
SECURITYSERVICES	com.iq	1
cscdns.net	MICROSOFT-CORP-MSN-AS-BLOCK	1
CLOUDFLARENET	net.iq	1
SECURITYSERVICES	GOOGLE	1
wixdns.net	GOOGLE	1
siteground.net	mailspamprotection.com	1
dijlh.com	delta.iq	1
perf1.com	nameshield.com	1
host.iq	yandex.net	1
dijlh.com	com.iq	1
cemremedia.com	com.iq	1
privatesystems.net	com.iq	1
servertv.net	GOOGLE	1
CLOUDFLARENET	stackmail.com	1
