CLOUDFLARENET	AMAZON-02 (AS16509)	1874
site4now.net	SHARKTECH (AS46844)	26
SECURITYSERVICES	AMAZON-02 (AS16509)	867
ns14.net	InterNetX GmbH (AS15456)	5
CLOUDFLARENET	CLOUDFLARENET (AS13335)	1477
AMAZON-AES	AMAZON-AES (AS14618)	283
SECURITYSERVICES	NAMECHEAP-NET (AS22612)	2899
tinyurl.com	HURRICANE (AS6939)	2
Host Europe GmbH	AMAZON-02 (AS16509)	1343
CLOUDFLARENET	Hostinger International Limited (AS47583)	209
awsdns-07.net	AMAZON-02 (AS16509)	6
co.kr	AMAZON-02 (AS16509)	140
Hetzner Online GmbH	Hetzner Online GmbH (AS24940)	376
NETWORK-SOLUTIONS-HOSTING	NETWORK-SOLUTIONS-HOSTING (AS19871)	88
SECURITYSERVICES	UUNET (AS701)	2
SECURITYSERVICES	Akamai Connected Cloud (AS63949)	300
CLOUDFLARENET	DIGITALOCEAN-ASN (AS14061)	93
NSONE	AMAZON-02 (AS16509)	247
awsdns-29.net	AMAZON-02 (AS16509)	1
xincache.com	Hangzhou Alibaba Advertising Co.,Ltd. (AS37963)	10
Hangzhou Alibaba Advertising Co.,Ltd.	Alibaba US Technology Co., Ltd. (AS45102)	7
liblinux.so	Hetzner Online GmbH (AS24940)	1
GOOGLE	Wix.com Ltd. (AS58182)	23
SECURITYSERVICES	Aruba S.p.A. (AS31034)	1
CLOUDFLARENET	WHG Hosting Services Ltd (AS51713)	2
CLOUDFLARENET	Alibaba US Technology Co., Ltd. (AS45102)	22
Telehouse EAD	Telehouse EAD (AS57344)	8
pq.hosting	Pq Hosting Plus S.r.l. (AS44477)	2
secureparkme.com	Dreamscape Networks Limited (AS38719)	2
cloudswebserver.com	Hetzner Online GmbH (AS24940)	2
co.kr	NAVER Cloud Corp. (AS23576)	2
unknown	Contabo GmbH (AS51167)	160
GOOGLE-CLOUD-PLATFORM	20i Limited (AS48254)	275
SECURITYSERVICES	SQUARESPACE (AS53831)	15
magpiedns.com	LeaseWeb Netherlands B.V. (AS60781)	1
CLOUDFLARENET	GOOGLE-CLOUD-PLATFORM (AS396982)	26
NAMEHERO-KCDC	NAMEHERO-KCDC (AS399250)	15
awsdns-42.com	AMAZON-02 (AS16509)	1
hg.to	Prox System Design Inc. (AS7678)	1
internic.ca	AMAZON-AES (AS14618)	4
parklogic.com	Akamai Connected Cloud (AS63949)	30
GANDI SAS	Akamai Connected Cloud (AS63949)	1
SECURITYSERVICES	CLOUDFLARENET (AS13335)	95
sedoparking.com	SEDO GmbH (AS47846)	23
dns.com	Shenzhen Tencent Computer Systems Company Limited (AS45090)	1
NSONE	CLOUDFLARENET (AS13335)	1
markmonitor.zone	AMAZON-02 (AS16509)	2
CLOUDFLARENET	Cloudflare London, LLC (AS209242)	29
EPIK-LLC	EPIK-LLC (AS394456)	6
g-dns.com	ZEN-ECN (AS21859)	1
SECURITYSERVICES	GANDI SAS (AS29169)	1
SECURITYSERVICES	Cloudflare London, LLC (AS209242)	44
CLOUDFLARENET	XNNET (AS932)	3
GANDI SAS	CISCO-UMBRELLA (AS36692)	1
acwebconnecting.com	SC Web Software Development SRL (AS47836)	1
CLOUDFLARENET	FLY (AS40509)	12
OVH SAS	Contabo GmbH (AS51167)	1
Hangzhou Alibaba Advertising Co.,Ltd.	Hangzhou Alibaba Advertising Co.,Ltd. (AS37963)	31
GANDI SAS	GANDI SAS (AS29169)	58
SECURITYSERVICES	CSC (AS19574)	102
phase8.net	Team Blue Internet Services Uk Limited (AS8622)	25
SECURITYSERVICES	AS-VULTR (AS20473)	9
awsdns-21.com	AMAZON-02 (AS16509)	4
CLOUDFLARENET	LUCIDACLOUD LIMITED (AS139659)	16
AMAZON-02	WHG Hosting Services Ltd (AS209341)	6
CLOUDFLARENET	Hetzner Online GmbH (AS24940)	18
SECURITYSERVICES	GANDI SAS (AS203476)	1
NUCDN	Datacenter Luxembourg S.A. (AS24611)	14
GOOGLE	GOOGLE-CLOUD-PLATFORM (AS396982)	9
awsdns-02.com	AMAZON-02 (AS16509)	4
second-ns.com	Hetzner Online GmbH (AS24940)	2
SECURITYSERVICES	HORMUUD (AS37371)	2
unknown	Hetzner Online GmbH (AS24940)	1
chainsquad.com	FASTLY (AS54113)	1
awsdns-11.net	AMAZON-02 (AS16509)	6
Dreamscape Networks Limited	Dreamscape Networks Limited (AS38719)	6
SECURITYSERVICES	DIGITALOCEAN-ASN (AS14061)	47
netim.net	Eurofiber France SAS (AS24935)	21
afraid.org	Hetzner Online GmbH (AS212317)	1
SECURITYSERVICES	Scaleway S.a.s. (AS12876)	1
awsdns-15.com	AMAZON-02 (AS16509)	1
NSONE	RENDER (AS397273)	2
SECURITYSERVICES	RENDER (AS397273)	31
co.kr	LG DACOM Corporation (AS3786)	10
MICROSOFT-CORP-MSN-AS-BLOCK	MICROSOFT-CORP-MSN-AS-BLOCK (AS8068)	1
DIGICERT	SOFTLAYER (AS36351)	1
SECURITYSERVICES	TWC-11427-TEXAS (AS11427)	1
cyon GmbH	cyon GmbH (AS47302)	6
GANDI SAS	AMAZON-02 (AS16509)	11
awsdns-14.com	AMAZON-02 (AS16509)	4
SECURITYSERVICES	FASTLY (AS54113)	51
cynethost.com	OVH SAS (AS16276)	2
CLOUDFLARENET	AS-VULTR (AS20473)	8
Host Europe GmbH	Host Europe GmbH (AS21499)	11
OVH SAS	OVH SAS (AS16276)	104
GMO Internet Group, Inc.	GMO Internet Group, Inc. (AS7506)	5
SECURITYSERVICES	GOOGLE (AS15169)	5
awsdns-15.org	DIGITALOCEAN-ASN (AS14061)	1
MICROSOFT-CORP-MSN-AS-BLOCK	AMAZON-02 (AS16509)	3
IOFLOOD	IOFLOOD (AS53755)	6
CLOUDFLARENET	Ddos-guard Ltd (AS57724)	1
ne.jp	SAKURA Internet Inc. (AS9370)	2
AMAZON-02	AMAZON-02 (AS16509)	23
SECURITYSERVICES	Host Europe GmbH (AS21499)	1
awsdns-14.org	DIGITALOCEAN-ASN (AS14061)	2
lekameleon.biz	PLANETHOSTER-8 (AS53589)	2
hoststar.hosting	Hetzner Online GmbH (AS24940)	9
SECURITYSERVICES	GOOGLE-CLOUD-PLATFORM (AS396982)	35
team.blue Denmark A/S	team.blue Denmark A/S (AS48854)	7
ipcom GmbH	InterNetworX Management GmbH (AS48596)	6
IONOS SE	united-domains GmbH (AS202108)	44
awsdns-03.com	AMAZON-02 (AS16509)	4
CLOUDFLARENET	GOOGLE (AS15169)	7
verkkojohto.net	Hetzner Online GmbH (AS24940)	1
awsdns-30.org	AMAZON-02 (AS16509)	1
SECURITYSERVICES	Hetzner Online GmbH (AS212317)	4
CLOUDFLARENET	AMAZON-AES (AS14618)	9
roxobet.so	Hetzner Online GmbH (AS24940)	1
awsdns-16.org	AMAZON-02 (AS16509)	3
markmonitor.com	AMAZON-02 (AS16509)	61
BUNNYWAY, informacijske storitve d.o.o.	netcup GmbH (AS197540)	3
CLOUDFLARENET	FASTLY (AS54113)	28
private-nameserver.net	WEBHOSTINGHOLDINGS (AS965)	1
gnc.so	SK Broadband Co Ltd (AS9318)	1
SECURITYSERVICES	SECURITYSERVICES (AS12008)	3
awsdns-03.net	AMAZON-02 (AS16509)	1
CLOUDFLARENET	MICROSOFT-CORP-MSN-AS-BLOCK (AS8075)	7
awsdns-13.com	AMAZON-AES (AS14618)	1
bodis.com	AMAZON-02 (AS16509)	20
webpuccino.com	LeaseWeb Netherlands B.V. (AS60781)	2
stabletransit.com	METANET AG (AS21069)	1
OVH SAS	FASTLY (AS54113)	3
imagearts.de	DIGITALOCEAN-ASN (AS14061)	1
emu-dns.com	SERVER-MANIA (AS55286)	1
squirreldns.com	LIMESTONENETWORKS (AS46475)	1
OVH SAS	Hetzner Online GmbH (AS24940)	1
CLOUDFLARENET	CTG Server Limited (AS152194)	3
CLOUDFLARENET	Datacamp Limited (AS60068)	13
SECURITYSERVICES	MICROSOFT-CORP-MSN-AS-BLOCK (AS8075)	10
one.com	One.com A/S (AS51468)	24
awsdns-19.com	AMAZON-02 (AS16509)	3
cafe24.com	Korea Telecom (AS4766)	12
SECURITYSERVICES	Hetzner Online GmbH (AS213230)	4
dnspod.net	West263 International Limited (AS139021)	1
GOOGLE	AMAZON-02 (AS16509)	12
CLOUDFLARENET	RENDER (AS397273)	7
ipcom GmbH	Tencent Building, Kejizhongyi Avenue (AS132203)	1
AMAZON-02	GOOGLE-CLOUD-PLATFORM (AS396982)	10
Soluciones Corporativas IP, SL	acens Technologies, S.L. (AS16371)	1
han.so	Hetzner Online GmbH (AS215859)	1
awsdns-04.org	CSC (AS19574)	1
co.ke	NAMECHEAP-NET (AS22612)	2
MICROSOFT-CORP-MSN-AS-BLOCK	MICROSOFT-CORP-MSN-AS-BLOCK (AS8075)	11
Hetzner Online GmbH	OVH SAS (AS16276)	1
SECURITYSERVICES	FLY (AS40509)	10
register.it	Register S.p.A. (AS39729)	21
AMAZON-02	GOOGLE (AS15169)	20
mixin.so	NHNCLOUD (AS45974)	1
linode.com	Hostinger International Limited (AS47583)	2
imlns.com	AMAZON-AES (AS14618)	1
CLOUDFLARENET	INCAPSULA (AS19551)	13
CLOUDFLARENET	PEG-SV (AS54600)	2
wavedns.de	Hetzner Online GmbH (AS24940)	2
beget.com	Crane Ltd (AS48485)	1
SECURITYSERVICES	IONOS SE (AS8560)	1
CLOUDFLARENET	UNIFIEDLAYER-AS-1 (AS46606)	32
awsdns-07.net	Cloudflare London, LLC (AS209242)	1
porkbun.com	AMAZON-02 (AS16509)	1
gobio.link	NAMECHEAP-NET (AS22612)	1
awsdns-47.org	AMAZON-02 (AS16509)	1
awsdns-16.org	Cloudflare London, LLC (AS209242)	1
ns-ncloud.com	SMILESERV (AS38700)	2
conoha.moe	Host Universal Pty Ltd (AS136557)	1
awsdns-23.com	AMAZON-02 (AS16509)	1
SECURITYSERVICES	HUAWEI CLOUDS (AS136907)	1
CLOUDFLARENET	ATT-INTERNET4 (AS7018)	1
CLOUDFLARENET	A2HOSTING (AS55293)	7
co.ke	NETWORK-SOLUTIONS-HOSTING (AS19871)	1
SECURITYSERVICES	Hetzner Online GmbH (AS24940)	20
phase8.net	VERISIGN-ILG1 (AS30060)	1
cloudpit.com	dogado GmbH (AS8648)	3
GANDI SAS	Hetzner Online GmbH (AS24940)	2
ipcom GmbH	AMAZON-02 (AS16509)	8
dnsimple.com	AMAZON-02 (AS16509)	3
awsdns-21.net	AMAZON-02 (AS16509)	2
OVH SAS	SHARKTECH (AS46844)	1
cloudns.net	Hetzner Online GmbH (AS24940)	3
strgtec.com	STRTEC (AS22781)	1
awsdns-25.net	AMAZON-02 (AS16509)	5
Safenames Ltd.	Safenames Ltd. (AS60819)	9
GMO Internet Group, Inc.	Internet Initiative Japan Inc. (AS2497)	1
CLOUDFLARENET	SEDO GmbH (AS47846)	1
SECURITYSERVICES	eTOP sp. z o.o. (AS20853)	1
edgedns.co	HLL LLC (AS51115)	1
Hetzner Online GmbH	Contabo GmbH (AS51167)	9
hostgator.com	CONFLUENCE-NETWORK-INC (AS40034)	2
NUCDN	Team Internet AG (AS61969)	16
Hostpoint AG	Hostpoint AG (AS29097)	10
CLOUDFLARENET	Telia Company AB (AS3301)	1
Dreamscape Networks Limited	GOOGLE-CLOUD-PLATFORM (AS396982)	1
webiso.pl	Artnet Sp. z o.o. (AS197155)	1
linode.com	Akamai Connected Cloud (AS63949)	17
CLOUDFLARENET	OVH SAS (AS16276)	10
dnspod.net	Hangzhou Alibaba Advertising Co.,Ltd. (AS37963)	11
CLOUDFLARENET	DREAMHOST-AS (AS26347)	21
GANDI SAS	FASTLY (AS54113)	2
awsdns-25.com	AMAZON-02 (AS16509)	1
namecity.com	Iomart Cloud Services Limited (AS20860)	1
awsdns-12.org	AMAZON-02 (AS16509)	5
Domain names registrar REG.RU, Ltd	LLC VK (AS47764)	1
awsdns-14.org	AMAZON-02 (AS16509)	3
MICROSOFT-CORP-MSN-AS-BLOCK	Alibaba US Technology Co., Ltd. (AS45102)	1
ipcom GmbH	Accenture B. V. (AS8315)	1
IONOS SE	Hetzner Online GmbH (AS24940)	2
nadns1.com	Nameshield SAS (AS20756)	2
dnspod.net	Alibaba US Technology Co., Ltd. (AS45102)	16
awsdns-07.com	AMAZON-02 (AS16509)	2
GANDI SAS	Scaleway S.a.s. (AS12876)	1
xincache.com	Shenzhen Tencent Computer Systems Company Limited (AS45090)	3
unknown	Somtel-Somalia-AS (AS328469)	1
SECURITYSERVICES	IMH-IAD (AS54641)	1
ns14.net	Hetzner Online GmbH (AS24940)	2
awsdns-50.org	AMAZON-02 (AS16509)	1
Hangzhou Alibaba Advertising Co.,Ltd.	Shenzhen Tencent Computer Systems Company Limited (AS45090)	2
pch.net	WOODYNET-2 (AS715)	1
OVH SAS	DIGITALOCEAN-ASN (AS14061)	2
Hetzner Online GmbH	Golis-Telecom-AS (AS328250)	2
GMO Internet Group, Inc.	AMAZON-02 (AS16509)	1
awsdns-26.net	AMAZON-02 (AS16509)	3
site4now.net	NL-811-40021 (AS40021)	3
koaladns.com	LeaseWeb Netherlands B.V. (AS60781)	2
dnspod.net	NEXEON (AS20278)	1
lolipop.jp	GMO Internet Group, Inc. (AS7506)	3
AMAZON-02	A2HOSTING (AS55293)	13
co.uk	AMAZON-02 (AS16509)	8
Hetzner Online GmbH	Global Connectivity Solutions Llp (AS215540)	9
contabo.net	Contabo GmbH (AS51167)	7
hosttech.ch	hosttech GmbH (AS207143)	3
leaseweb.nl	LeaseWeb Netherlands B.V. (AS60781)	1
awsdns-16.net	ORACLE-BMC-31898 (AS31898)	1
Nessus GmbH	dogado GmbH (AS208582)	8
HURRICANE	ORACLE-BMC-31898 (AS31898)	4
CLOUDFLARENET	TWC-11427-TEXAS (AS11427)	1
quokkadns.com	LIMESTONENETWORKS (AS46475)	2
awsdns-32.net	Hetzner Online GmbH (AS24940)	1
unknown	GO-DADDY-COM-LLC (AS398101)	1
cashparking.com	AMAZON-02 (AS16509)	2
CLOUDFLARENET	Wix.com Ltd. (AS58182)	1
MICROSOFT-CORP-MSN-AS-BLOCK	AUTOMATTIC (AS2635)	1
brainydns.com	LEASEWEB-USA-LAX (AS395954)	1
dnspod.net	Huawei Cloud Service data center (AS55990)	1
logotomie.de	Hetzner Online GmbH (AS24940)	1
prostoy.com	Ddos-guard Ltd (AS57724)	1
CLOUDFLARENET	Hetzner Online GmbH (AS213230)	4
HOSTWINDS	HVC-AS (AS29802)	23
AMAZON-02	OVH SAS (AS16276)	14
OVH SAS	AMAZON-02 (AS16509)	19
NSONE	VERISIGN-ILG1 (AS30060)	2
Akamai International B.V.	CSC (AS19574)	2
awsdns-15.org	AMAZON-02 (AS16509)	3
awsdns-15.com	Somtel-Somalia-AS (AS328469)	1
uom.so	Hostinger International Limited (AS47583)	1
kasserver.com	Neue Medien Muennich GmbH (AS34788)	2
IONOS SE	IONOS SE (AS8560)	2
NSONE	SOFTLAYER (AS36351)	12
SpectraIP B.V.	SpectraIP B.V. (AS62068)	13
Host Europe GmbH	SQUARESPACE (AS53831)	2
websupport.sk	WebSupport s.r.o. (AS51013)	2
domainoffensive.de	GOOGLE-CLOUD-PLATFORM (AS396982)	1
CLOUDFLARENET	Korea Telecom (AS4766)	4
CLOUDFLARENET	MEMSET Ltd (AS50957)	1
CLOUDFLARENET	CONEXON-CONNECT (AS399898)	1
transip.eu	VERISIGN-ILG1 (AS30060)	1
awsdns-12.com	AMAZON-02 (AS16509)	2
selectel.ru	EdgeCenter LLC (AS210756)	1
dns1.de	netcup GmbH (AS197540)	1
eastman.com	AMAZON-02 (AS16509)	1
awsdns-13.org	AMAZON-02 (AS16509)	4
magpiedns.com	SERVER-MANIA (AS55286)	2
bitz-itc.com	UNIFIEDLAYER-AS-1 (AS46606)	1
awsdns-13.com	SafeBrands S.A.S. (AS34173)	1
awsdns-36.net	AMAZON-02 (AS16509)	1
awsdns-16.com	AMAZON-02 (AS16509)	2
unknown	NETWORK-SOLUTIONS-HOSTING (AS19871)	1
SECURITYSERVICES	High5! B.V. (AS60131)	1
ddos-guard.net	Ddos-guard Ltd (AS57724)	2
axadletimes.info	Bredband2 AB (AS29518)	3
world4you.at	World4You Internet Services GmbH (AS38955)	5
CLOUDFLARENET	YottaSrc (AS213535)	1
phase8.net	Rackspace Ltd. (AS15395)	1
koaladns.com	LIMESTONENETWORKS (AS46475)	3
EPIK-LLC	AS-VULTR (AS20473)	1
SECURITYSERVICES	Contabo GmbH (AS51167)	5
globvill.de	Global Village GmbH (AS13039)	1
GMO Internet Group, Inc.	FASTLY (AS54113)	1
PONYNET	PONYNET (AS53667)	9
vonrd.com	AMAZON-02 (AS16509)	1
CLOUDFLARENET	HZ Hosting Ltd (AS59711)	1
awsdns-20.org	AMAZON-02 (AS16509)	2
CLOUDFLARENET	Online Server Telekomunikasyon Limited Sirketi (AS216383)	1
unet.net	DataWeb Global Group B.V. (AS39572)	1
SECURITYSERVICES	Th.papamichail Vainas - G.psaltakis G.p (AS209150)	1
Dreamscape Networks Limited	IONOS SE (AS8560)	1
Hetzner Online GmbH	netcup GmbH (AS197540)	1
mioso.com	Wieske's Crew GmbH (AS13135)	1
xundns.com	MICROSOFT-CORP-MSN-AS-BLOCK (AS8075)	2
conoha.io	GMO Internet Group, Inc. (AS58791)	1
co.kr	GOOGLE-CLOUD-PLATFORM (AS396982)	3
Host Europe GmbH	Hetzner Online GmbH (AS24940)	2
OVH SAS	Cloudflare London, LLC (AS209242)	2
awsdns-00.net	GOOGLE-CLOUD-PLATFORM (AS396982)	1
A2HOSTING	A2HOSTING (AS55293)	5
Host Europe GmbH	Akamai Connected Cloud (AS63949)	2
awsdns-12.org	FASTLY (AS54113)	1
SECURITYSERVICES	COMCAST-7922 (AS7922)	1
hostgator.com	NETWORK-SOLUTIONS-HOSTING (AS19871)	11
SECURITYSERVICES	Wix.com Ltd. (AS58182)	4
CLOUDFLARENET	GO-DADDY-COM-LLC (AS398101)	1
majordomo.ru	Hosting Ltd (AS43362)	1
baxdoonsys2.com	Contabo GmbH (AS51167)	4
afraid.org	FLY (AS40509)	1
OVH SAS	SQUARESPACE (AS53831)	1
landingsite.ai	AMAZON-02 (AS16509)	1
awsdns-06.org	AMAZON-02 (AS16509)	4
emirates.com	AMAZON-02 (AS16509)	2
awsdns-01.com	AMAZON-02 (AS16509)	1
BUNNYWAY, informacijske storitve d.o.o.	Hetzner Online GmbH (AS24940)	3
securewebhosting.net	NAMEHERO-KCDC (AS399250)	2
SECURITYSERVICES	Alexhost Srl (AS200019)	3
ne.jp	SAKURA Internet Inc. (AS9371)	2
mythic-beasts.com	Mythic Beasts Ltd (AS44684)	1
unknown	NODISTO (AS394727)	1
UNIFIEDLAYER-AS-1	UNIFIEDLAYER-AS-1 (AS46606)	7
GMO Internet Group, Inc.	SAKURA Internet Inc. (AS9371)	2
gcdn.services	Partner Hosting LTD (AS215826)	1
ipcom GmbH	Hetzner Online GmbH (AS24940)	4
CLOUDFLARENET	FD-298-8796 (AS8796)	2
hostgator.com	UNIFIEDLAYER-AS-1 (AS46606)	16
bnamed.eu	Opera Norway AS (AS39832)	2
awsdns-11.org	AMAZON-02 (AS16509)	2
awsdns-08.org	AMAZON-02 (AS16509)	3
awsdns-40.org	GOOGLE-2 (AS19527)	1
iwantmyname.net	InterNetX GmbH (AS15456)	1
net.au	SYNERGY WHOLESALE PTY LTD (AS45638)	4
SECURITYSERVICES	AMAZON-AES (AS14618)	22
Akamai International B.V.	GOOGLE-CLOUD-PLATFORM (AS396982)	1
Akamai International B.V.	Boursorama S.A. (AS20675)	1
alphahost.so	A2HOSTING (AS55293)	4
AMAZON-02	LATITUDE-SH (AS396356)	1
AMAZON-02	Instra Corporation Pty Ltd (AS133104)	1
ns14.net	Host Europe GmbH (AS20773)	1
awsdns-07.org	AS-VULTR (AS20473)	1
netsto.net	PEG-HK (AS398478)	2
xincache.com	Palestine Telecommunications Company (PALTEL) (AS12975)	1
CLOUDFLARENET	rh-tec Business GmbH (AS25560)	1
CLOUDFLARENET	Zomro B.V. (AS204601)	1
securewebpanels.com	SpectraIP B.V. (AS62068)	1
safenames.com	Safenames Ltd. (AS60819)	7
CLOUDFLARENET	Mammoth Media Pty Ltd (AS133159)	1
radioarlaadi.so	Contabo GmbH (AS51167)	1
shockhosting.com	SHOCK-1 (AS395092)	3
vladh.net	Hetzner Online GmbH (AS24940)	1
ip-projects.de	firstcolo GmbH (AS44066)	2
opalstack.com	Akamai Connected Cloud (AS63949)	1
NSONE	GOOGLE (AS15169)	3
jnctn.net	JUNCT (AS40185)	1
whoisdomain.kr	AMAZON-02 (AS16509)	1
register.it	AMAZON-02 (AS16509)	1
awsdns-22.net	CLOUDFLARENET (AS13335)	1
jimdo.com	AMAZON-02 (AS16509)	1
ui-dns.biz	IONOS SE (AS8560)	2
CLOUDFLARENET	Contabo GmbH (AS51167)	4
rebel.ca	IQ PL Sp. z o.o. (AS47544)	1
parking.money	DIGITALOCEAN-ASN (AS14061)	1
awsdns-23.org	AMAZON-02 (AS16509)	1
uhcloud.com	AS-HOSTUPON (AS53479)	1
rajamitra.id	PT Raja Mitra Informatika (AS59279)	1
sudos.co	AS17378 (AS17378)	1
CLOUDFLARENET	RAILWAY (AS400940)	5
AMAZON-02	WHG Hosting Services Ltd (AS51713)	7
CLOUDFLARENET	ASNET (AS26383)	1
transip.eu	Signet B.V. (AS20857)	6
Host Europe GmbH	GOOGLE-CLOUD-PLATFORM (AS396982)	7
SECURITYSERVICES	Hostinger International Limited (AS47583)	8
GOOGLE-CLOUD-PLATFORM	FLY (AS40509)	1
SERVERSTACK-ASN	SERVERSTACK-ASN (AS46652)	4
NSONE	DIGITALOCEAN-ASN (AS14061)	1
awsdns-00.com	AMAZON-02 (AS16509)	1
moeplstate.so	UNIFIEDLAYER-AS-1 (AS46606)	1
la-boite-immo.fr	OVH SAS (AS16276)	1
CLOUDFLARENET	NAMECHEAP-NET (AS22612)	4
hostpinnacleservers.com	Contabo GmbH (AS51167)	1
CLOUDFLARENET	IONOS SE (AS8560)	1
CLOUDFLARENET	BGPNET PTE. LTD. (AS4907)	1
namehero.com	WHG Hosting Services Ltd (AS36454)	1
awsdns-15.net	AMAZON-02 (AS16509)	3
awsdns-24.org	AMAZON-02 (AS16509)	1
Hangzhou Alibaba Advertising Co.,Ltd.	Akamai Connected Cloud (AS63949)	1
m3l.co	Scaleway S.a.s. (AS12876)	1
bhosted.nl	Eurofiber Cloud Infra B.V. (AS25459)	1
slicehost.net	RACKSPACE (AS19994)	1
gigatux.com	UK Dedicated Servers Limited (AS42831)	1
AMAZON-02	WHG Hosting Services Ltd (AS204800)	3
Host Europe GmbH	Hostinger International Limited (AS47583)	1
BUNNYWAY, informacijske storitve d.o.o.	IS-AS-1 (AS19318)	1
AMAZON-02	AMAZON-AES (AS14618)	3
CLOUDFLARENET	Forewin Telecom Group Limited, ISP at (AS38186)	3
dnsip.com	PEG-SG (AS394432)	1
zoneedit.com	UUNET (AS701)	1
SECURITYSERVICES	LIQUIDWEB (AS32244)	1
xundns.com	19 Chun Wang Street, Tseung Kwan O Industrial Estate, N.T. Hong Kong (AS135581)	3
hostcocoa.com	AMAZON-02 (AS16509)	2
com.mx	OVH SAS (AS16276)	2
SpectraIP B.V.	Hostinger International Limited (AS47583)	13
SECURITYSERVICES	IQ PL Sp. z o.o. (AS47544)	1
wordpress.com	AUTOMATTIC (AS2635)	1
greengeeks.net	SINGLEHOP-LLC (AS32475)	1
awsdns-10.com	AMAZON-02 (AS16509)	2
squadhelp.com	AMAZON-AES (AS14618)	2
epag.net	EPAG Domainservices GmbH (AS12915)	2
unknown	FASTLY (AS54113)	1
co.za	Hetzner Online GmbH (AS24940)	1
ipcom GmbH	Host Europe GmbH (AS34011)	1
t-0.be	Tilaa B.V. (AS196752)	1
awsdns-32.com	AMAZON-02 (AS16509)	1
Hangzhou Alibaba Advertising Co.,Ltd.	HKBN Enterprise Solutions Limited (AS17444)	1
Hetzner Online GmbH	HORMUUD (AS37371)	3
ip-projects.de	netcup GmbH (AS197540)	1
internic.ca	SQUARESPACE (AS53831)	1
ocs.so	IONOS SE (AS8560)	1
GANDI SAS	GOOGLE-CLOUD-PLATFORM (AS396982)	2
solnet.ch	GOOGLE-CLOUD-PLATFORM (AS396982)	1
Nessus GmbH	AMAZON-02 (AS16509)	1
CLOUDFLARENET	AS-COLOCROSSING (AS36352)	2
wpx.net	K Media Tech Ltd. (AS210250)	2
toobularhost.com	CLOUDFLARENET (AS13335)	1
GOOGLE	CLOUDFLARENET (AS13335)	4
xundns.com	CLOUDFLARENET (AS13335)	1
afroserver.com	NAMEHERO-KCDC (AS399250)	1
whoisdomain.kr	NAVER BUSINESS PLATFORM ASIA PACIFIC PTE. LTD. (AS135354)	18
SECURITYSERVICES	ROGERS-COMMUNICATIONS (AS812)	1
nodevm.com	NAMEHERO-KCDC (AS399250)	4
adestra.com	AMAZON-02 (AS16509)	1
deepbase.name	Hetzner Online GmbH (AS24940)	1
ig-1.net	Iguane Solutions SAS (AS39605)	1
domainkarachi.com	Hetzner Online GmbH (AS24940)	1
tayomalia.com	NAMECHEAP-NET (AS22612)	2
IONOS SE	Cloudflare London, LLC (AS209242)	1
Host Europe GmbH	Freethought Internet Limited (AS41000)	1
HURRICANE	Akamai Connected Cloud (AS63949)	1
AMAZON-02	WHG Hosting Services Ltd (AS36454)	5
firstfind.nl	CLDIN B.V. (AS48635)	1
Signet B.V.	Signet B.V. (AS20857)	16
milesmx.com	LEASEWEB-USA-LAX (AS395954)	1
dnspod.net	FASTLY (AS54113)	1
CLOUDFLARENET	Hostkey B.v. (AS57043)	1
Host Europe GmbH	AUTOMATTIC (AS2635)	1
rackspace.com	Rackspace Ltd. (AS15395)	2
Hostpoint AG	GOOGLE-CLOUD-PLATFORM (AS396982)	1
CLOUDFLARENET	COGENT-174 (AS174)	2
SECURITYSERVICES	BLNWX (AS399629)	1
Trellian Pty. Limited	Trellian Pty. Limited (AS133618)	15
hp.com	AMAZON-02 (AS16509)	1
netangels.ru	Hostkey B.v. (AS57043)	1
awsdns-05.org	AMAZON-02 (AS16509)	3
arvixe.com	UNIFIEDLAYER-AS-1 (AS46606)	3
gransy.com	CASABLANCA INT a.s. (AS15685)	2
AMAZON-02	Team Internet AG (AS61969)	5
awsdns-18.net	AMAZON-02 (AS16509)	1
CLOUDFLARENET	Viet Solutions Services Trading Company Limited (AS56150)	1
xincache.com	CHINA UNICOM China169 Backbone (AS4837)	2
SECURITYSERVICES	Thien Quang Digital technology joint stock company (AS140825)	1
CLOUDFLARENET	ARCUSTECH (AS40442)	1
SECURITYSERVICES	Korbank S. A. (AS35179)	1
Hetzner Online GmbH	Hostinger International Limited (AS47583)	1
awsdns-12.net	AMAZON-02 (AS16509)	1
keymessage.so	UNIFIEDLAYER-AS-1 (AS46606)	1
AMAZON-02	Akamai Connected Cloud (AS63949)	6
eplanters.biz	BIGSCOOTS (AS394303)	2
Hangzhou Alibaba Advertising Co.,Ltd.	CHINANET SiChuan Telecom Internet Data Center (AS38283)	1
awsdns-01.org	Akamai Connected Cloud (AS63949)	1
xincache.com	ZEN-ECN (AS21859)	1
xel.nl	BIT BV (AS12859)	1
xssl.net	Easyspace Limited (AS33968)	1
ab stract ltd	SQUARESPACE (AS53831)	1
Hangzhou Alibaba Advertising Co.,Ltd.	China Unicom Beijing Province Network (AS4808)	3
awsdns-40.com	WBD-AS40703 (AS40703)	1
co.kr	KX NexG Co., LTD (AS17877)	1
zoneedit.com	Quickline AG (AS15600)	1
CLOUDFLARENET	Adworlds Technologies Lp (AS42775)	1
awsdns-23.net	AMAZON-02 (AS16509)	2
ipcom GmbH	WIIT AG (AS24961)	1
awsdns-20.net	AMAZON-02 (AS16509)	2
Hangzhou Alibaba Advertising Co.,Ltd.	DATAWING LIMITED (AS63888)	1
DIGICERT	DIGICERT (AS16552)	2
directorz.jp	IDC Frontier Inc. (AS4694)	2
IONOS SE	AMAZON-02 (AS16509)	2
hostnext.net	Hetzner Online GmbH (AS24940)	1
SECURITYSERVICES	BlueVPS OU (AS62005)	1
GOOGLE	GOOGLE (AS15169)	4
ipcom GmbH	UCLOUD INFORMATION TECHNOLOGY HK LIMITED (AS135377)	2
awsdns-40.org	Cloudflare London, LLC (AS209242)	1
ayuub.org	AMAZON-02 (AS16509)	1
xincache.com	tianjin Mobile Communication Company Limited (AS38019)	1
cdnhost.cn	China Telecom Group (AS4835)	1
NSONE	ONIAAS (AS40092)	1
routeone.us	GMO Internet Group, Inc. (AS7506)	1
b-c-s.net	Hetzner Online GmbH (AS24940)	1
awsdns-28.com	AMAZON-02 (AS16509)	1
masnoinc.com	HVC-AS (AS29802)	2
dns.com	Kaopu Cloud HK Limited (AS138915)	1
CLOUDFLARENET	Shenzhen Tencent Computer Systems Company Limited (AS45090)	1
nuxoa.de	NUXOA GmbH (AS198160)	1
dnsimple.com	FASTLY (AS54113)	1
radiosanguuni.so	Contabo GmbH (AS51167)	1
CLOUDFLARENET	Hong Kong Communications International Co., Limited (AS140227)	1
awsdns-04.org	CLOUDFLARENET (AS13335)	1
CLOUDFLARENET	HORMUUD (AS37371)	1
awsdns-08.com	AMAZON-02 (AS16509)	1
CLOUDFLARENET	Akamai Connected Cloud (AS63949)	5
NETWORK-SOLUTIONS-HOSTING	HORMUUD (AS37371)	4
baxdoonsys3.com	Akamai Connected Cloud (AS63949)	1
itsfogo.com	Entain Services Austria GmbH (AS13008)	1
wedi.so	Contabo GmbH (AS51167)	1
quicns.com	AS-VULTR (AS20473)	1
Host Europe GmbH	Emirates Telecommunications Group Company (etisalat Group) Pjsc (AS5384)	2
SECURITYSERVICES	UNICOM AnHui province network (AS140726)	1
ipcom GmbH	DIGITALOCEAN-ASN (AS14061)	1
domainers.de	Hetzner Online GmbH (AS24940)	1
OVH SAS	Cyber_Folks S.A. (AS41079)	1
vicerocks.com	Abelohost BV (AS204196)	1
co.kr	DIGITALOCEAN-ASN (AS14061)	3
awsdns-10.net	AMAZON-AES (AS14618)	1
vrvy.net	Datacenter Luxembourg S.A. (AS24611)	2
CLOUDFLARENET	Wholesale Services Provider (AS45671)	1
zxcs-klant.nl	Stichting DIGI NL (AS206281)	1
dnspod.com	CTG Server Limited (AS152194)	1
AMAZON-02	CLOUDFLARENET (AS13335)	1
net.uk	UKDedicated LTD (AS34282)	1
unknown	AMAZON-02 (AS16509)	4
Host Europe GmbH	VERISIGN-ILG1 (AS30060)	2
MICROSOFT-CORP-MSN-AS-BLOCK	TDC Holding A/S (AS3292)	1
co.uk	GTT Communications Inc. (AS3257)	1
EPIK-LLC	FRONTIER-FRTR (AS5650)	1
Host Europe GmbH	GO-DADDY-COM-LLC (AS398101)	6
CLOUDFLARENET	High Family Technology Co., Limited (AS142032)	1
fsss.so	Contabo GmbH (AS51167)	1
awsdns-19.net	Hangzhou Alibaba Advertising Co.,Ltd. (AS37963)	1
porsche.asia	Dr. Ing. h.c. F. Porsche AG (AS33848)	2
NSONE	GITHUB (AS36459)	1
digicertdns.com	MICROSOFT-CORP-MSN-AS-BLOCK (AS8075)	1
net.au	Cloudflare London, LLC (AS209242)	1
cloudoon.com	truehostcloud (AS329278)	1
quokkadns.com	LeaseWeb Netherlands B.V. (AS60781)	1
as62269.net	Lukas Schauer (AS62269)	1
CLOUDFLARENET	TERAEXCH (AS399077)	1
ihsdnsx3.com	IHS Kurumsal Teknoloji Hizmetleri A.S (AS49126)	1
awsdns-13.com	AMAZON-02 (AS16509)	1
CLOUDFLARENET	SK Broadband Co Ltd (AS9318)	1
SECURITYSERVICES	RAILWAY (AS400940)	3
sostecdns.com	Akamai Connected Cloud (AS63949)	1
com.tr	Ziraat Katilim Bankasi AS (AS203925)	1
awsdns-44.com	AMAZON-AES (AS14618)	1
AMAZON-02	Hetzner Online GmbH (AS24940)	1
SECURITYSERVICES	COGECO-PEER1 (AS13768)	2
SECURITYSERVICES	Pq Hosting Plus S.r.l. (AS44477)	1
awsdns-09.net	AMAZON-02 (AS16509)	1
awsdns-10.net	AMAZON-02 (AS16509)	3
SECURITYSERVICES	ROUTERHOSTING (AS14956)	1
alfahosting.info	AMAZON-02 (AS16509)	1
awsdns-10.com	GOOGLE-CLOUD-PLATFORM (AS396982)	1
nameshield.net	Nameshield SAS (AS20756)	6
alfahosting.info	dogado GmbH (AS45012)	2
co.kr	Korea Telecom (AS4766)	2
odoo.com	OVH SAS (AS16276)	1
SECURITYSERVICES	Somtel-Somalia-AS (AS328469)	1
o3host.net	20i Limited (AS48254)	2
nexcess.net	LIQUIDWEB (AS32244)	1
GOOGLE	AMAZON-AES (AS14618)	1
awsdns-09.net	ARTERIA Networks Corporation (AS17506)	1
loli.onl	Daniel Jackson (AS212027)	1
NSONE	GOOGLE-CLOUD-PLATFORM (AS396982)	5
osn.de	OSN Online Service Nuernberg GmbH (AS8859)	1
bangmod.cloud	Bangmod Enterprise Co., Ltd. (AS58955)	1
awsdns-29.org	GOOGLE-CLOUD-PLATFORM (AS396982)	1
ovh.ca	OVH SAS (AS16276)	4
lh.pl	LH.pl Sp. z o.o. (AS203417)	1
DIGICERT	ACE (AS139341)	3
awsdns-27.net	AMAZON-02 (AS16509)	1
awsdns-22.org	AMAZON-02 (AS16509)	1
andersenit.dk	HWJ Invest 2016 ApS (AS198614)	1
messagingengine.com	Cloudflare London, LLC (AS209242)	1
wwe.com	AMAZON-AES (AS14618)	2
awsdns-14.com	DIGITALOCEAN-ASN (AS14061)	1
cruisecritic.net	AMAZON-02 (AS16509)	1
nscluster.eu	AMAZON-02 (AS16509)	1
koaladns.com	LEASEWEB-USA-SFO (AS7203)	2
dnspod.net	Computer Network Information Center of Chinese Academy of Sciences CNIC-CAS (AS7497)	1
servicio-online.net	GOOGLE-CLOUD-PLATFORM (AS396982)	1
ifastnet.com	Wildcard UK Limited (AS34119)	2
awsdns-24.net	AMAZON-02 (AS16509)	1
dnsimple.com	Hetzner Online GmbH (AS24940)	1
CLOUDFLARENET	SQUARESPACE (AS53831)	1
awsdns-19.com	GOOGLE-CLOUD-PLATFORM (AS396982)	1
NSONE	AKAMAI-AS (AS16625)	1
SECURITYSERVICES	SERVERS-COM (AS7979)	1
NUCDN	LeaseWeb Netherlands B.V. (AS60781)	1
cloudns.net	OVH SAS (AS16276)	1
one.com	AS-VULTR (AS20473)	1
Xserver Inc.	Xserver Inc. (AS131965)	3
ipcom GmbH	Walde IT-Systeme (AS203226)	1
cloudns.net	AS-VULTR (AS20473)	1
GOOGLE	Dream Wave Shizuoka Co. Ltd. (AS18068)	1
MICROSOFT-CORP-MSN-AS-BLOCK	OVH SAS (AS16276)	1
SECURITYSERVICES	GOOGLE-2 (AS19527)	5
safenames.net	Safenames Ltd. (AS60819)	1
SECURITYSERVICES	Tencent Building, Kejizhongyi Avenue (AS132203)	1
awsdns-37.org	AMAZON-02 (AS16509)	1
ipcom GmbH	IONOS SE (AS8560)	1
radinko.com	Gransy s.r.o. (AS60592)	1
awsdns-39.com	AMAZON-02 (AS16509)	3
CLOUDFLARENET	COGECO-PEER1 (AS13768)	2
ssandomain.com	KINX (AS9286)	1
neostrada.nl	CLDIN B.V. (AS48635)	2
SECURITYSERVICES	Alibaba US Technology Co., Ltd. (AS45102)	2
GMO Internet Group, Inc.	GOOGLE (AS15169)	2
routing.net	netcup GmbH (AS197540)	5
CLOUDFLARENET	AIRBUS SAS (AS206720)	1
dns.com	MICROSOFT-CORP-MSN-AS-BLOCK (AS8075)	1
Host Europe GmbH	Heart Internet limited (AS20738)	5
dnspod.net	Magic Particle Limited (AS135343)	2
Host Europe GmbH	Afrihost (AS37611)	1
CLOUDFLARENET	DXTL Tseung Kwan O Service (AS134548)	1
xincache.com	AMAZON-02 (AS16509)	1
OVH SAS	GOOGLE (AS15169)	1
CLOUDFLARENET	AS40676 (AS40676)	3
GANDI SAS	DIGITALOCEAN-ASN (AS14061)	2
Hetzner Online GmbH	SQUARESPACE (AS53831)	1
SECURITYSERVICES	Spartan Host Ltd (AS201106)	1
unknown	Hostinger International Limited (AS47583)	1
Hetzner Online GmbH	AMAZON-02 (AS16509)	2
GANDI SAS	GOOGLE (AS15169)	1
dnspod.net	Akamai Connected Cloud (AS63949)	2
awsdns-02.org	AMAZON-02 (AS16509)	4
ixocloud.com	GOOGLE (AS15169)	1
Hangzhou Alibaba Advertising Co.,Ltd.	China Telecom Group (AS4812)	1
awsdns-01.org	AMAZON-02 (AS16509)	2
GANDI SAS	FLY (AS40509)	1
Akamai International B.V.	Nestle Nespresso SA (AS48307)	1
dnspod.net	IT7NET (AS25820)	1
CLOUDFLARENET	CNSERVERS (AS40065)	2
Hetzner Online GmbH	CLOUDFLARENET (AS13335)	2
Soluciones Corporativas IP, SL	AMAZON-02 (AS16509)	1
CLOUDFLARENET	Tencent Building, Kejizhongyi Avenue (AS132203)	2
DIGICERT	ML-1432-54994 (AS54994)	1
co.ke	NAMEHERO-KCDC (AS399250)	1
digicertdns.com	DIGITALOCEAN-ASN (AS14061)	2
dynu.com	CENTURYLINK-US-LEGACY-QWEST (AS209)	1
awsdns-18.com	AMAZON-AES (AS14618)	1
unknown	AMAZON-AES (AS14618)	1
namehero.com	NAMEHERO-KCDC (AS399250)	3
hoster.by	Beget LLC (AS198610)	1
SECURITYSERVICES	LEASEWEB SINGAPORE PTE. LTD. (AS59253)	1
CLOUDFLARENET	USI-2-ASN (AS46149)	1
guzelhosting.com	GNET Internet Telekomunikasyon A.S. (AS42846)	2
dnsip.com	FD-298-8796 (AS8796)	1
Hangzhou Alibaba Advertising Co.,Ltd.	CHINA UNICOM China169 Backbone (AS4837)	1
horsan.tech	IOFLOOD (AS53755)	1
IS-AS-1	IS-AS-1 (AS19318)	11
GOOGLE-CLOUD-PLATFORM	NAMECHEAP-NET (AS22612)	1
co.uk	COGECO-PEER1 (AS13768)	1
xincache.com	China Mobile Communications Group Co., Ltd. (AS9808)	2
GMO Internet Group, Inc.	SAKURA Internet Inc. (AS7684)	1
awsdns-47.net	AMAZON-02 (AS16509)	1
webgo.de	webgo GmbH (AS48324)	1
netzone.ch	Bluewin (AS3303)	1
Hangzhou Alibaba Advertising Co.,Ltd.	xTom Japan Corporation (AS3258)	1
wadax-sv.jp	GMO GlobalSign Holdings K.K. (AS131921)	1
Host Europe GmbH	AS-26496-GO-DADDY-COM-LLC (AS26496)	1
CLOUDFLARENET	LEAPSWITCH NETWORKS PRIVATE LIMITED (AS132335)	1
Host Europe GmbH	British Telecommunications PLC (AS6871)	1
falhost.net	PONYNET (AS53667)	4
ithesion.com	Hetzner Online GmbH (AS213230)	1
ns365.net	BDX DC Services HK Limited (AS10032)	1
gatewayict.so	Contabo GmbH (AS51167)	1
dnszi.com	SK Broadband Co Ltd (AS9318)	1
dnsip.com	UNIT A17,9F SILVERCORP INTL TOWER 707-713 NATHAN RD (AS134175)	1
CLOUDFLARENET	EOLO S.p.A. (AS35612)	1
awsdns-27.org	AMAZON-02 (AS16509)	1
vultr.com	AS-VULTR (AS20473)	1
register.be	COLT Technology Services Group Limited (AS8220)	1
dnspod.net	China Telecom Group (AS4812)	1
awsdns-31.org	FASTLY (AS54113)	1
etcnameserver.com	HVC-AS (AS29802)	2
co.uk	Rackspace Ltd. (AS15395)	1
co.kr	GOOGLE (AS15169)	1
spiderzdns.com	AMAZON-02 (AS16509)	2
directorysecure.com	HOSTROCKET (AS23535)	2
cloudwebhosting.com	NAMEHERO-KCDC (AS399250)	3
onepage.io	GOOGLE-CLOUD-PLATFORM (AS396982)	1
whoisdomain.kr	LG DACOM Corporation (AS3786)	1
awsdns-26.com	AMAZON-02 (AS16509)	1
awsdns-00.net	AMAZON-02 (AS16509)	2
namepros-dns.com	AMAZON-AES (AS14618)	2
NUCDN	AIS Fibre (AS133481)	1
messagingengine.com	Fastmail Pty Ltd (AS151847)	2
radioisnaay.so	Contabo GmbH (AS51167)	1
EPIK-LLC	Private Layer INC (AS51852)	1
domainoo.fr	Planet Service SARL (AS61168)	2
srcf.so	IONOS SE (AS8560)	1
NUCDN	SQUARESPACE (AS53831)	1
CLOUDFLARENET	Scaleway S.a.s. (AS12876)	2
METANET AG	METANET AG (AS21069)	5
SECURITYSERVICES	CTELCO (AS13977)	1
xundns.com	CNSERVERS (AS40065)	1
dnsip.com	China Mobile communications corporation (AS56041)	2
ab stract ltd	Datacamp Limited (AS60068)	1
SECURITYSERVICES	OVH SAS (AS16276)	5
hostnet.nl	One.com A/S (AS51468)	3
awsdns-10.com	NAMECHEAP-NET (AS22612)	1
SECURITYSERVICES	ATT-INTERNET4 (AS7018)	1
chainsquad.com	AMAZON-02 (AS16509)	1
vercel-dns-2.com	AMAZON-02 (AS16509)	1
SECURITYSERVICES	NEXEON (AS20278)	1
dnsip.com	TERAEXCH (AS399077)	1
co.kr	NAVER BUSINESS PLATFORM ASIA PACIFIC PTE. LTD. (AS135354)	1
CLOUDFLARENET	UNIT A17,9F SILVERCORP INTL TOWER 707-713 NATHAN RD (AS134175)	1
SECURITYSERVICES	Servers Tech Fzco (AS216071)	1
kulanhost.com	OVH SAS (AS16276)	2
sqr.cloud	Cyso Group B.V. (AS25151)	1
awsdns-04.org	AMAZON-02 (AS16509)	2
NSONE	AMANAHA-NEW (AS32489)	1
dnshost.net	GleSYS AB (AS42708)	1
nominus.com	AMAZON-02 (AS16509)	1
afriso.host	InterNetX GmbH (AS15456)	1
whoisdomain.kr	FASTLY (AS54113)	2
ns0.org	Mythic Beasts Ltd (AS44684)	1
GMO Internet Group, Inc.	SoftBank Corp. (AS17676)	1
NUCDN	AMAZON-02 (AS16509)	1
Soluciones Corporativas IP, SL	Soluciones Corporativas IP, SL (AS57910)	5
NSONE	SQUARESPACE (AS53831)	1
GOOGLE-CLOUD-PLATFORM	WII (AS32097)	1
noc254.com	Leaseweb Deutschland GmbH (AS28753)	1
SECURITYSERVICES	AS-COLOCROSSING (AS36352)	1
NSONE	CHINA UNICOM China169 Backbone (AS4837)	1
tellssoehne.ch	Keyweb AG (AS31103)	1
awsdns-10.org	AMAZON-02 (AS16509)	1
dev.br	CYBERWEB NETWORKS LTDA (AS28299)	1
SECURITYSERVICES	netcup GmbH (AS197540)	1
bouwhuisit.eu	Nick Bouwhuis (AS202585)	1
NSONE	ASN-CC (AS40444)	1
inwx.ch	InterNetworX Management GmbH (AS48596)	2
uk2.net	GOOGLE-CLOUD-PLATFORM (AS396982)	1
interserver.net	IS-AS-1 (AS19318)	1
dominiando.asia	Register S.p.A. (AS39729)	1
ptservidor.net	Sampling Line-servicos E Internet, Lda (AS62416)	1
huaweicloud-dns.cn	SonderCloud Limited (AS133199)	1
1984hosting.com	FRONTIER-FRTR (AS5650)	1
regzone.cz	ZONER a.s. (AS34222)	1
audi.de	Audi AG (AS12331)	1
dnspod.net	DESIVPS (AS133619)	1
CLOUDFLARENET	Uniserver Internet B.V. (AS31673)	1
inmotionhosting.com	IMH-IAD (AS54641)	2
xincache.com	AROSS-AS (AS400619)	1
blaze.ca	GOOGLE (AS15169)	1
awsdns-07.net	GOOGLE-CLOUD-PLATFORM (AS396982)	1
SECURITYSERVICES	MASSCOM (AS12097)	1
portsdns.net	Tele2 SWIPnet (AS1257)	1
Soluciones Corporativas IP, SL	NL-811-40021 (AS40021)	1
CLOUDFLARENET	Golis-Telecom-AS (AS328250)	1
beget.com	Contabo GmbH (AS51167)	1
linode.com	UNIFIEDLAYER-AS-1 (AS46606)	1
co.kr	FASTLY (AS54113)	2
awsdns-23.org	E-Large HongKong (AS142578)	1
nombremania.net	AMAZON-AES (AS14618)	1
afraid.org	Green Floid LLC (AS15626)	1
NUCDN	Hosting.de GmbH (AS48823)	1
IONOS SE	GOOGLE-CLOUD-PLATFORM (AS396982)	1
heteml.jp	GMO Internet Group, Inc. (AS7506)	2
ch-inter.net	ZOHO-AS (AS2639)	1
oray.net	CHINA UNICOM China169 Backbone (AS4837)	1
prodomaines.com	Bdl Systemes SAS (AS38926)	2
tasarimstudio.com	GNET Internet Telekomunikasyon A.S. (AS42846)	1
NSONE	FASTLY (AS54113)	1
SECURITYSERVICES	READY SERVER PTE LTD (AS63930)	1
awsdns-12.org	SK Broadband Co Ltd (AS9318)	1
mailt.so	OVH SAS (AS16276)	1
DIGICERT	AMAZON-AES (AS14618)	1
CLOUDFLARENET	NOTION (AS33191)	3
ndsplitter.com	Hetzner Online GmbH (AS24940)	1
awsdns-18.net	AMAZON-AES (AS14618)	1
Host Europe GmbH	GO-DADDY-COM-LLC (AS398787)	1
Hetzner Online GmbH	Turk Telekom (AS9121)	1
selectel.ru	JSC Selectel (AS49505)	1
iseencloud.com	OVH SAS (AS16276)	1
Dreamscape Networks Limited	Cloudflare London, LLC (AS209242)	1
stabilny.net	Cyber_Folks S.A. (AS29522)	1
NUCDN	Scaleway S.a.s. (AS12876)	1
Hangzhou Alibaba Advertising Co.,Ltd.	ESTRUXTURE-QC-10929 (AS10929)	1
awsdns-05.com	DIGITALOCEAN-ASN (AS14061)	1
SECURITYSERVICES	Team Blue Carrier Limited (AS29550)	1
awsdns-16.net	AMAZON-02 (AS16509)	2
HURRICANE	NAMECRANE (AS46824)	1
Domain names registrar REG.RU, Ltd	OTS Ltd. (AS47286)	1
uom.so	AS40676 (AS40676)	1
GMO Internet Group, Inc.	Xserver Inc. (AS131965)	1
regfish-ns.net	regfish GmbH (AS203560)	2
ipcom GmbH	DXC-AS3360 (AS3360)	1
emu-dns.com	NForce Entertainment B.V. (AS43350)	1
brainydns.com	LeaseWeb Netherlands B.V. (AS60781)	2
GANDI SAS	TIM (AS20746)	1
do-ex.com	AMAZON-02 (AS16509)	1
ipcom GmbH	SYNLINQ (AS44486)	1
Hetzner Online GmbH	Hetzner Online GmbH (AS213230)	2
cloudns.net	DIGITALOCEAN-ASN (AS14061)	1
inleed.net	Yelles AB (AS206170)	1
brainydns.com	LIMESTONENETWORKS (AS46475)	1
SECURITYSERVICES	SOLLUTIUM EU Sp z.o.o. (AS43641)	1
registrar.eu	Team Internet AG (AS61969)	1
dnsvisa.com	CLOUDFLARENET (AS13335)	1
cloudpit.com	green.ch AG (AS1836)	1
CLOUDFLARENET	ADCIL-ASN-01 (AS401152)	1
quickhostafrica.com	Contabo GmbH (AS51167)	1
3ach.com	Clouvider Limited (AS62240)	1
Host Europe GmbH	Host Europe GmbH (AS8972)	1
co.kr	Hostinger International Limited (AS47583)	1
philips.com	AMAZON-02 (AS16509)	1
onkodtechnology.com	PONYNET (AS53667)	3
inmotionhosting.com	INMOTION (AS22611)	2
checkdomain.de	Contabo GmbH (AS51167)	1
Host Europe GmbH	HKT Limited (AS4760)	1
apple.com	APPLE-ENGINEERING (AS714)	1
SECURITYSERVICES	Tilda Publishing Ltd. (AS205282)	1
awsdns-10.org	AMAZON-AES (AS14618)	1
ipcom GmbH	Akamai International B.V. (AS20940)	2
iwantmyname.net	AMAZON-02 (AS16509)	1
gofruits.co	GOOGLE-CLOUD-PLATFORM (AS396982)	1
awsdns-30.net	AMAZON-02 (AS16509)	1
awsdns-10.net	SK Broadband Co Ltd (AS9318)	1
managed-ip.com	InterNetX GmbH (AS15456)	1
hostgator.com	IONOS SE (AS8560)	1
Host Europe GmbH	Rackspace Ltd. (AS15395)	1
teamviewer.com	ANEXIA Internetdienstleistungs GmbH (AS42473)	1
dnspod.net	Hong Kong Broadband Network Ltd. (AS9269)	1
prostoy.com	1T Ltd (AS44835)	1
tribusdns.com	ISI Line srl (AS13113)	1
ns-ncloud.com	NAVER BUSINESS PLATFORM ASIA PACIFIC PTE. LTD. (AS135354)	1
Host Europe GmbH	Signet B.V. (AS20857)	1
liquidweb.com	LIQUIDWEB (AS32244)	2
hostgator.com	Hostinger International Limited (AS47583)	1
CLOUDFLARENET	CNServer LLC (AS7488)	1
NSONE	SEDO GmbH (AS47846)	5
sedo.com	SEDO GmbH (AS47846)	2
NETWORK-SOLUTIONS-HOSTING	Contabo Asia Private Limited (AS141995)	1
hostbile.com	NAMEHERO-KCDC (AS399250)	1
aftermarket.com	AMAZON-02 (AS16509)	1
michaelkors.so	OVH SAS (AS16276)	1
awsdns-01.net	AMAZON-02 (AS16509)	3
awsdns-12.net	NUGGET-SAN (AS36097)	1
awsdns-58.net	AMAZON-02 (AS16509)	1
tribusdns.com	OVH SAS (AS16276)	1
GOOGLE	FLY (AS40509)	1
ipcom GmbH	netcup GmbH (AS197540)	1
Soluciones Corporativas IP, SL	CLOUDFLARENET (AS13335)	1
awsdns-29.com	AMAZON-02 (AS16509)	1
CLOUDFLARENET	OWGELS INTERNATIONAL CO., LIMITED (AS153656)	1
whoisdomain.kr	SK Broadband Co Ltd (AS9318)	1
sohosted5.com	GOOGLE-CLOUD-PLATFORM (AS396982)	1
Hangzhou Alibaba Advertising Co.,Ltd.	Huawei Cloud Service data center (AS55990)	1
awsdns-27.com	AMAZON-02 (AS16509)	1
whoisdomain.kr	Korea Telecom (AS4766)	1
awsdns-13.com	GOOGLE (AS15169)	1
awsdns-11.com	AMAZON-02 (AS16509)	2
ne.jp	Xserver Inc. (AS131965)	1
SECURITYSERVICES	Hangzhou Alibaba Advertising Co.,Ltd. (AS37963)	1
GOOGLE	Korea Telecom (AS4766)	1
Rackspace Ltd.	Akamai Connected Cloud (AS63949)	4
hostingww.com	Instra Corporation Pty Ltd (AS133104)	1
awsdns-32.net	AMAZON-02 (AS16509)	1
leeshosting.com	Korea Telecom (AS4766)	1
ruweb.net	EuroByte LLC (AS210079)	1
CLOUDFLARENET	LAKENET-LLC (AS11910)	1
xincache.com	West263 International Limited (AS139021)	1
magpiedns.com	LEASEWEB-USA-WDC (AS30633)	1
register.it	GOOGLE (AS15169)	1
phase8.net	AMAZON-02 (AS16509)	1
srv.so	Akamai Connected Cloud (AS63949)	1
volkswagen.de	Volkswagen AG (AS206618)	1
awsdns-07.net	Hetzner Online GmbH (AS24940)	1
kinetic.cloud	Hetzner Online GmbH (AS212317)	1
dhosting.pl	dhosting.pl Sp. z o.o. (AS48896)	1
ipage.com	BIZLAND-SD (AS29873)	2
dnspod.net	MICROSOFT-CORP-MSN-AS-BLOCK (AS8075)	1
koaladns.com	SERVER-MANIA (AS55286)	1
bisping.de	WIIT AG (AS24961)	1
dnspackage.com	Dreamscape Networks Limited (AS38719)	1
perf1.com	Nameshield SAS (AS20756)	1
radiowaamo.so	Contabo GmbH (AS51167)	1
SECURITYSERVICES	QTIME BUSINESSES PRIVATE LIMITED (AS141004)	1
CLOUDFLARENET	HOSTHATCH (AS63473)	1
dns-zonen.ch	Nine Internet Solutions AG (AS29691)	1
SECURITYSERVICES	ASN-CXA-ALL-CCI-22773-RDC (AS22773)	1
ab stract ltd	AMAZON-02 (AS16509)	1
missoni.it	Elmec Informatica S.p.A. (AS39217)	1
CLOUDFLARENET	GO-DADDY-COM-LLC (AS400754)	1
MICROSOFT-CORP-MSN-AS-BLOCK	Combell NV (AS34762)	1
linode.com	FASTLY (AS54113)	1
kakaocloud.com	KAKAO Enterprise (AS23588)	1
serversom.com	Hetzner Online GmbH (AS24940)	4
CLOUDFLARENET	REFLECTED (AS29789)	1
somdns.com	Contabo GmbH (AS51167)	2
co.kr	IOFLOOD (AS53755)	1
awsdns-13.net	GOOGLE-CLOUD-PLATFORM (AS396982)	1
iwantmyname.net	RMH-14 (AS33070)	1
cloudns.net	SINGLEHOP-LLC (AS32475)	1
gendns.com	TIER-NET (AS397423)	1
DIGICERT	Contabo GmbH (AS51167)	1
GOOGLE-CLOUD-PLATFORM	Hetzner Online GmbH (AS24940)	2
awsdns-27.com	Cloudflare London, LLC (AS209242)	1
awsdns-33.com	MICROSOFT-CORP-MSN-AS-BLOCK (AS8075)	1
Domain names registrar REG.RU, Ltd	Domain names registrar REG.RU, Ltd (AS197695)	2
domain-hosting.name	InterNetX GmbH (AS15456)	1
korname.com	FASTLY (AS54113)	1
GOOGLE	DinaHosting S.L. (AS42612)	1
AMAZON-02	DIGITALOCEAN-ASN (AS14061)	1
ipcom GmbH	CLOUDFLARENET (AS13335)	1
Domain names registrar REG.RU, Ltd	Fastnet LLC (AS43404)	1
awsdns-31.com	AMAZON-02 (AS16509)	1
hostgator.com	CLOUDFLARENET (AS13335)	1
dotroll.com	Servergarden Kft. (AS47381)	1
CLOUDFLARENET	ABCDE GROUP (AS133201)	1
soportehys.com	LIQUIDWEB (AS32244)	1
Akamai International B.V.	NCUBE-OREGON-AS (AS1219)	1
domeny.tv	Dataspace P.s.a. (AS50599)	1
nameserver.co	Nextpertise B.V. (AS41960)	1
ipcom GmbH	Deutsche Telekom AG (AS3320)	1
Akamai International B.V.	Akamai International B.V. (AS20940)	4
no-ip.com	AMAZON-AES (AS14618)	1
SECURITYSERVICES	SEDO GmbH (AS47846)	2
awsdns-29.org	AMAZON-02 (AS16509)	1
awsdns-04.com	Wix.com Ltd. (AS58182)	1
netsto.net	DXTL Tseung Kwan O Service (AS134548)	2
Hetzner Online GmbH	AMAZON-AES (AS14618)	1
v-dns.de	Hetzner Online GmbH (AS24940)	1
CLOUDFLARENET	Labtech Systems Ltd (AS205654)	1
co.za	xneelo (AS37153)	1
cargo.site	AMAZON-AES (AS14618)	1
awsdns-04.com	AMAZON-02 (AS16509)	1
awsdns-00.org	AMAZON-02 (AS16509)	3
OVH SAS	CDLAN SpA (AS34971)	1
ezydomain.com	AMAZON-02 (AS16509)	1
verstech.uk	20i Limited (AS48254)	1
CLOUDFLARENET	Telefonica De Espana S.a.u. (AS3352)	1
SECURITYSERVICES	SUCURI-SEC (AS30148)	1
Host Europe GmbH	Combell NV (AS34762)	1
safebrands.com	AMAZON-02 (AS16509)	3
glipac.ch	Bluewin (AS3303)	1
SECURITYSERVICES	AUTOMATTIC (AS2635)	1
co.kr	SK Broadband Co Ltd (AS9318)	2
world4you.at	OVH SAS (AS16276)	1
CLOUDFLARENET	Krystal Hosting Ltd (AS12488)	1
awsdns-35.org	AMAZON-AES (AS14618)	1
somalicustoms.so	HORMUUD (AS37371)	1
GMO Internet Group, Inc.	GMO Internet Group, Inc. (AS58791)	2
SECURITYSERVICES	Hostpoint AG (AS29097)	1
GMO Internet Group, Inc.	KDDI Web Communications Inc. (AS9597)	1
ORACLE-BMC-31898	ORACLE-BMC-31898 (AS31898)	1
rochendns.com	AMAZON-02 (AS16509)	1
scribble.so	NL-811-40021 (AS40021)	1
awsdns-34.net	Cloudflare London, LLC (AS209242)	1
ngx.so	NForce Entertainment B.V. (AS43350)	1
vora.net	LG DACOM Corporation (AS3786)	1
SECURITYSERVICES	Kamatera Inc (AS41436)	1
awsdns-37.net	AMAZON-02 (AS16509)	1
co.kr	NHNCLOUD (AS45974)	1
acesolutionafrica.com	NETWORK-SOLUTIONS-HOSTING (AS19871)	1
awsdns-21.com	Hostinger International Limited (AS47583)	1
co.ke	SCALAHOSTING (AS40476)	1
awsdns-36.org	Cloudflare London, LLC (AS209242)	1
noc41.com	PONYNET (AS53667)	2
awsdns-33.net	AS-VULTR (AS20473)	1
phase8.net	Register S.p.A. (AS39729)	1
transip.eu	Signet B.V. (AS21155)	1
OVH SAS	CLOUDFLARENET (AS13335)	1
ndns.cn	Alibaba US Technology Co., Ltd. (AS45102)	1
CLOUDFLARENET	Amarutu Technology Ltd (AS206264)	1
awsdns-05.com	AMAZON-02 (AS16509)	1
kriweb.com	Dorabase Veri Merkezi Hizmetleri A.S. (AS48737)	1
team.blue Denmark A/S	RENDER (AS397273)	1
Hangzhou Alibaba Advertising Co.,Ltd.	AMAZON-AES (AS14618)	1
awsdns-35.org	AMAZON-02 (AS16509)	1
tiknohub.com	WHG Hosting Services Ltd (AS204800)	3
awsdns-17.org	AMAZON-02 (AS16509)	1
websupport.sk	CLOUDFLARENET (AS13335)	1
nik.io	ORACLE-BMC-31898 (AS31898)	1
cloudns.net	GOOGLE (AS15169)	1
CLOUDFLARENET	Hangzhou Alibaba Advertising Co.,Ltd. (AS37963)	3
dnspod.net	UCLOUD INFORMATION TECHNOLOGY HK LIMITED (AS135377)	1
awsdns-39.net	Cloudflare London, LLC (AS209242)	1
SECURITYSERVICES	Aruba SAS (AS200185)	1
awsdns-13.net	AMAZON-02 (AS16509)	1
makeshop.com	KINX (AS9286)	1
sigf.so	A2HOSTING (AS55293)	1
co.kr	DLIVE (AS10036)	2
squirreldns.com	LeaseWeb Netherlands B.V. (AS60781)	2
epag.net	GOOGLE-CLOUD-PLATFORM (AS396982)	2
Host Europe GmbH	POWER LINE DATACENTER (AS132839)	2
atvirtual.com	Festo Management SE (AS41700)	1
CLOUDFLARENET	COMCAST-7922 (AS7922)	2
co.in	UNIFIEDLAYER-AS-1 (AS46606)	1
GMO Internet Group, Inc.	IDC Frontier Inc. (AS4694)	1
CLOUDFLARENET	HVC-AS (AS29802)	1
SECURITYSERVICES	CHT Compamy Ltd (AS38731)	1
grundfos.com	Grundfos Holding A/s (AS31131)	1
suffixdomains.net	ORACLE-BMC-31898 (AS31898)	1
CLOUDFLARENET	Antbox Networks Limited (AS138995)	2
v-dns.de	Strato GmbH (AS6724)	1
co.za	Web-Africa-Networks-AS (AS328453)	1
yahoo.com	AMAZON-02 (AS16509)	1
MICROSOFT-CORP-MSN-AS-BLOCK	SQUARESPACE (AS53831)	1
hawkhost.com	HAWKHOST (AS20068)	2
4nx.de	Hetzner Online GmbH (AS24940)	1
awsdns-04.net	AMAZON-02 (AS16509)	2
cloudpit.com	Deutsche Telekom AG (AS3320)	1
CLOUDFLARENET	D102-COS-1 (AS33302)	1
awsdns-17.net	AMAZON-02 (AS16509)	1
CLOUDFLARENET	DMIT (AS906)	1
systemdns.com	DIGITALOCEAN-ASN (AS14061)	1
awsdns-08.net	AMAZON-02 (AS16509)	2
experiencehendrix.com	LIQUIDWEB (AS32244)	1
radiodaar-dheer.so	Contabo GmbH (AS51167)	1
netim.net	Eurofiber France SAS (AS35625)	2
MICROSOFT-CORP-MSN-AS-BLOCK	INTERNAP-BLK (AS10913)	1
cyberfolks.pl	Cyber_Folks S.A. (AS41079)	1
IONOS SE	COLT Technology Services Group Limited (AS8220)	1
mybluehost.me	AMAZON-02 (AS16509)	1
awsdns-38.com	AMAZON-02 (AS16509)	1
SECURITYSERVICES	HZ Hosting Ltd (AS59711)	1
softwaregrp.com	GOOGLE-CLOUD-PLATFORM (AS396982)	1
CLOUDFLARENET	VERISIGN-ILG1 (AS30060)	1
zns-53.com	Zoho Corporation Pvt. Ltd (AS56201)	1
nameserver.center	Hetzner Online GmbH (AS24940)	2
stabletransit.com	LIQUIDWEB (AS32244)	1
bck.ws	Hetzner Online GmbH (AS24940)	1
hyp.net	Blix Solutions AS (AS50304)	1
GANDI SAS	Gigas Hosting S.A. (AS57286)	3
CLOUDFLARENET	netcup GmbH (AS214996)	1
rapidswitch.com	Iomart Cloud Services Limited (AS20860)	1
squirreldns.com	LEASEWEB-USA-WDC (AS30633)	1
cisp.de	Hetzner Online GmbH (AS24940)	1
CLOUDFLARENET	Signet B.V. (AS20857)	1
SECURITYSERVICES	VERISIGN-ILG1 (AS30060)	1
nsresponse.com	AS-COLOCROSSING (AS36352)	2
xado.com	Hetzner Online GmbH (AS24940)	1
smart-nic.de	Hetzner Online GmbH (AS24940)	1
richlj.net	Contabo GmbH (AS51167)	1
awsdns-17.net	AS-VULTR (AS20473)	1
squirreldns.com	LEASEWEB-USA-LAX (AS395954)	1
kinetic.cloud	AMAZON-02 (AS16509)	1
oblacno.net	CRATIS d.o.o. (AS61094)	1
SECURITYSERVICES	PRIVATESYSTEMS (AS63410)	1
ns14.net	IONOS SE (AS8560)	1
CLOUDFLARENET	Hetzner Online GmbH (AS212317)	2
hantikoob.so	IONOS SE (AS8560)	1
iteso.mx	ITESO, A.C. (AS1831)	1
CLOUDFLARENET	GANDI SAS (AS29169)	1
awsdns-18.com	AMAZON-02 (AS16509)	1
CLOUDFLARENET	ORACLE-BMC-31898 (AS31898)	2
awsdns-22.org	Cloudflare London, LLC (AS209242)	1
NSONE	OVH SAS (AS16276)	1
sargasso.net	Sargasso N1 Limited (AS39767)	1
ipcom GmbH	Akamai Connected Cloud (AS63949)	2
dnspod.net	AS-VULTR (AS20473)	1
dnspod.net	China Networks Inter-Exchange (AS4847)	1
aegonins.com	AEGONUSA (AS11857)	1
awsdns-00.com	GOOGLE-CLOUD-PLATFORM (AS396982)	1
qwords.net	PT Qwords Company International (AS58404)	1
awsdns-06.org	AMAZON-AES (AS14618)	1
wwdh.hu	Hetzner Online GmbH (AS24940)	1
SECURITYSERVICES	AS40676 (AS40676)	1
awsdns-33.net	AMAZON-02 (AS16509)	1
supremepanel.com	LIQUIDNETLTD1 (AS14555)	1
untrap.app	NAMECHEAP-NET (AS22612)	1
CLOUDFLARENET	RMH-14 (AS33070)	1
dnspod.net	YISU CLOUD LTD (AS142403)	1
awsdns-07.org	OVH SAS (AS16276)	1
Host Europe GmbH	AMAZON-AES (AS14618)	3
stablehost.com	AMAZON-02 (AS16509)	1
whoisdomain.kr	GOOGLE (AS15169)	1
quickhostafrica.com	Awareness Software Limited (AS34931)	1
co.kr	AS-VULTR (AS20473)	1
awsdns-18.org	AMAZON-02 (AS16509)	1
Hangzhou Alibaba Advertising Co.,Ltd.	Chinanet (AS4134)	1
yandexcloud.net	Yandex.Cloud LLC (AS200350)	1
Hangzhou Alibaba Advertising Co.,Ltd.	shanghai science and technology network communication limited company (AS17775)	1
CLOUDFLARENET	UKDedicated LTD (AS34282)	1
ipcom GmbH	uvensys GmbH (AS58010)	1
awsdns-47.net	AMAZON-AES (AS14618)	1
SECURITYSERVICES	RACKSPACE (AS19994)	1
unknown	IONOS SE (AS8560)	1
GMO Internet Group, Inc.	Edgenap Ltd (AS61414)	1
GOOGLE-CLOUD-PLATFORM	AMAZON-02 (AS16509)	1
1984.is	AMAZON-02 (AS16509)	1
codaslabs.com	LIQUIDWEB (AS32244)	1
zns-53.com	ZOHO-AS (AS2639)	1
ipax.at	IPAX GmbH (AS44133)	1
Host Europe GmbH	Iomart Cloud Services Limited (AS20860)	1
monopost.com	Greysom Limited (AS12678)	1
ab stract ltd	DIGITALOCEAN-ASN (AS14061)	2
member.buzz	MICROSOFT-CORP-MSN-AS-BLOCK (AS8075)	1
CLOUDFLARENET	Host Europe GmbH (AS21499)	1
DIGICERT	DIGITALOCEAN-ASN (AS14061)	1
Safenames Ltd.	DIGITALOCEAN-ASN (AS14061)	1
awsdns-17.com	AMAZON-02 (AS16509)	1
awsdns-19.net	AMAZON-02 (AS16509)	1
Akamai International B.V.	Koninklijke Luchtvaart Maatschappij N.V. (AS28806)	1
dsn.so	SK Broadband Co Ltd (AS9318)	1
orztech.com	Akamai Connected Cloud (AS63949)	1
world4you.at	AMAZON-02 (AS16509)	1
conoha.io	GMO Internet Group, Inc. (AS7506)	1
awsdns-15.org	Wix.com Ltd. (AS58182)	1
likebets.so	LeaseWeb Netherlands B.V. (AS60781)	1
Safenames Ltd.	MICROSOFT-CORP-MSN-AS-BLOCK (AS8075)	1
GOOGLE	FASTLY (AS54113)	1
ORACLE-BMC-31898	AMAZON-02 (AS16509)	1
CLOUDFLARENET	NAMEHERO-KCDC (AS399250)	1
NUCDN	Iomart Managed Services Limited (AS35425)	1
awsdns-01.org	AMAZON-AES (AS14618)	1
SECURITYSERVICES	Mythic Beasts Ltd (AS44684)	1
xincache.com	Alibaba US Technology Co., Ltd. (AS45102)	1
igonna.net	Korea Telecom (AS4766)	1
GOOGLE-CLOUD-PLATFORM	DIGITALOCEAN-ASN (AS14061)	1
SECURITYSERVICES	IP Volume inc (AS202425)	1
phase8.net	Claranet Limited (AS8426)	1
awsdns-03.org	AMAZON-02 (AS16509)	1
blks.jp	ARTERIA Networks Corporation (AS2519)	1
ericsson.se	MICROSOFT-CORP-MSN-AS-BLOCK (AS8075)	1
park-my-domain.net	Hetzner Online GmbH (AS24940)	2
weuc.net	Circlenet LLP (AS49490)	1
24webhost.com	Hetzner Online GmbH (AS215859)	1
MICROSOFT-CORP-MSN-AS-BLOCK	METANET AG (AS21069)	1
iwantmyname.net	FASTLY (AS54113)	1
kasserver.com	AMAZON-02 (AS16509)	1
ns14.net	Plusnet GmbH (AS20676)	1
squirreldns.com	SERVER-MANIA (AS55286)	1
CLOUDFLARENET	Vodafone GmbH (AS3209)	1
awsdns-41.net	Cloudflare London, LLC (AS209242)	1
yume.ru	LLC VK (AS47764)	1
CLOUDFLARENET	West263 International Limited (AS139021)	1
ab stract ltd	HOSTWINDS (AS54290)	1
mydnsservice.com	WII (AS32097)	1
IONOS SE	Heinlein-Support GmbH (AS199118)	1
dnsimple.com	AS-VULTR (AS20473)	1
CLOUDFLARENET	Enflow B.V. (AS209626)	1
OVH SAS	GANDI SAS (AS203476)	1
SECURITYSERVICES	DMIT (AS906)	1
huaweicloud-dns.cn	Huawei Cloud Service data center (AS55990)	1
nameserver.co	Vodafone Libertel B.V. (AS33915)	1
OVH SAS	Infomaniak Network SA (AS29222)	1
endosen.com	NAMECHEAP-NET (AS22612)	1
Host Europe GmbH	Golis-Telecom-AS (AS328250)	1
SECURITYSERVICES	CENTURYLINK-LEGACY-SAVVIS (AS3561)	1
stableserver.net	ASN-DIS (AS393398)	1
yandex.net	TimeWeb LLC (AS9123)	1
thehosting.pro	LEVEL3 (AS3356)	1
plusserver.com	PlusServer GmbH (AS61157)	1
glyphdataservices.com	Akamai Connected Cloud (AS63949)	1
zip.so	LG DACOM Corporation (AS3786)	1
fasttrackdns.com	GOOGLE-CLOUD-PLATFORM (AS396982)	1
websitesource.com	1P-WSS (AS395532)	1
co.uk	Akamai Connected Cloud (AS63949)	1
beget.com	Beget LLC (AS198610)	1
IONOS SE	Hetzner Online GmbH (AS212317)	1
SECURITYSERVICES	Digi Spain Telecom S.l. (AS57269)	1
yp-host.de	EVANZO e-commerce GmbH (AS42730)	1
mljt.tech	Cloudflare London, LLC (AS209242)	1
ezdnscenter.com	China Telecom Group (AS4811)	1
