SECURITYSERVICES	NAMECHEAP-NET (AS22612)	1936
myhostadmin.net	Tencent Building, Kejizhongyi Avenue (AS132203)	14
CLOUDFLARENET	JSC IOT (AS29182)	1
dyns.cx	AMAZON-AES (AS14618)	1
net.au	SYNERGY WHOLESALE PTY LTD (AS45638)	5
CLOUDFLARENET	Miss Hosting AB (AS200719)	2
CLOUDFLARENET	AMAZON-02 (AS16509)	1075
CLOUDFLARENET	CLOUDFLARENET (AS13335)	2039
Safenames Ltd.	Safenames Ltd. (AS60819)	14
Host Europe GmbH	AMAZON-02 (AS16509)	397
CLOUDFLARENET	GOOGLE-CLOUD-PLATFORM (AS396982)	58
awsdns-30.com	SQUARESPACE (AS53831)	1
accudns.net	Iomart Managed Services Limited (AS35425)	1
private-nameserver.net	NAMECRANE (AS46824)	1
CLOUDFLARENET	GO-DADDY-COM-LLC (AS398101)	1
SECURITYSERVICES	AMAZON-02 (AS16509)	198
xundns.com	19 Chun Wang Street, Tseung Kwan O Industrial Estate, N.T. Hong Kong (AS135581)	13
BIZLAND-SD	BIZLAND-SD (AS29873)	7
directnic.com	TP (AS399522)	15
CLOUDFLARENET	LEASEWEB SINGAPORE PTE. LTD. (AS59253)	1
msit.systems	Hetzner Online GmbH (AS24940)	1
Signet B.V.	Signet B.V. (AS20857)	150
1and1-dns.com	IONOS SE (AS8560)	1
CLOUDFLARENET	Hetzner Online GmbH (AS24940)	48
CLOUDFLARENET	CTG Server Limited (AS152194)	97
CLOUDFLARENET	CONFLUENCE-NETWORK-INC (AS40034)	57
one.com	One.com A/S (AS51468)	27
Hangzhou Alibaba Advertising Co.,Ltd.	CHINA UNICOM China169 Backbone (AS4837)	1
omc-dns.com	OMCnet Internet Service GmbH (AS15388)	3
CLOUDFLARENET	Hostinger International Limited (AS47583)	166
hostplay.com	Iws Networks LLC (AS199968)	2
cloudns.net	Hetzner Online GmbH (AS24940)	3
CLOUDFLARENET	Cgi Global Limited (AS56971)	1
AMAZON-02	GOOGLE (AS15169)	15
AMAZON-02	OVH SAS (AS16276)	27
CLOUDFLARENET	FASTLY (AS54113)	46
anno.com	DFW-DATACENTER (AS30277)	1
CLOUDFLARENET	Netsec Limited (AS45753)	71
hosttech.ch	BSE Software GmbH (AS9044)	1
ellipsis.cx	Akamai Connected Cloud (AS63949)	1
SECURITYSERVICES	WEEBLY (AS27647)	1
uk2.net	GOOGLE-CLOUD-PLATFORM (AS396982)	1
AMAZON-02	Ddos-guard Ltd (AS57724)	1
GANDI SAS	UpCloud Ltd (AS202053)	1
ddns.mx	WIIT AG (AS24961)	1
CLOUDFLARENET	Fastmail Pty Ltd (AS151847)	30
GANDI SAS	GANDI SAS (AS29169)	43
secureserver.net	GO-DADDY-COM-LLC (AS398101)	1
sedoparking.com	SEDO GmbH (AS47846)	119
ab stract ltd	ab stract ltd (AS39287)	10
ad.jp	KDDI Web Communications Inc. (AS9597)	1
IONOS SE	united-domains GmbH (AS202108)	44
CLOUDFLARENET	IONOS SE (AS8560)	5
CLOUDFLARENET	Cloudie Limited (AS55933)	10
CLOUDFLARENET	Citytelecom LLC (AS29076)	1
grote.net	Signet B.V. (AS35470)	1
sucuridns.com	SUCURI-SEC (AS30148)	1
OVH SAS	OVH SAS (AS16276)	49
ne.jp	SAKURA Internet Inc. (AS7684)	1
IONOS SE	Contabo GmbH (AS51167)	2
AMAZON-AES	AMAZON-AES (AS14618)	96
NSONE	AMAZON-02 (AS16509)	109
co.uk	AMAZON-02 (AS16509)	8
SECURITYSERVICES	CLOUDFLARENET (AS13335)	31
Akamai Connected Cloud	Akamai Connected Cloud (AS63949)	5
CLOUDFLARENET	DREAMHOST-AS (AS26347)	66
CLOUDFLARENET	Deutsche Telekom AG (AS3320)	4
dnspod.net	Chinanet (AS4134)	3
AMAZON-02	AMAZON-02 (AS16509)	12
myhostadmin.net	QUICKPACKET (AS46261)	1
ab stract ltd	Gigabit Hosting Sdn Bhd (AS55720)	1
MICROSOFT-CORP-MSN-AS-BLOCK	CLOUDFLARENET (AS13335)	2
ipcom GmbH	InterNetworX Management GmbH (AS48596)	4
CLOUDFLARENET	OVH SAS (AS16276)	28
CLOUDFLARENET	PONYNET (AS53667)	59
NetActuate, Inc	Hosting technology LTD (AS48282)	1
SECURITYSERVICES	CSC (AS19574)	31
SECURITYSERVICES	FASTLY (AS54113)	40
1and1-dns.biz	IONOS SE (AS8560)	2
SECURITYSERVICES	NL-811-40021 (AS40021)	3
Knipp Medien und Kommunikation GmbH	ScaleUp Technologies GmbH & Co. KG (AS29014)	73
AS-VULTR	AS-VULTR (AS20473)	10
CLOUDFLARENET	XNNET (AS932)	6
G-Core Labs S.A.	DXTL Tseung Kwan O Service (AS134548)	40
SECURITYSERVICES	Zomro B.V. (AS204601)	3
bodis.com	AMAZON-02 (AS16509)	32
access.net	PANIX (AS2033)	1
GOOGLE	Wix.com Ltd. (AS58182)	22
NSONE	SEDO GmbH (AS47846)	13
SECURITYSERVICES	MICROSOFT-CORP-MSN-AS-BLOCK (AS8075)	25
galea.cx	Aussie Broadband (AS4764)	1
AMAZON-02	Team Internet AG (AS206834)	35
Trellian Pty. Limited	Trellian Pty. Limited (AS133618)	20
myhostadmin.net	AMAZON-AES (AS14618)	1
CLOUDFLARENET	FD-298-8796 (AS8796)	28
ludeksterba.cz	Dragon Internet a.s. (AS15614)	1
SECURITYSERVICES	Cloudflare London, LLC (AS209242)	23
dnsimple.com	AMAZON-02 (AS16509)	1
Hostinger International Limited	Hostinger International Limited (AS47583)	6
medima.cz	T-Mobile Czech Republic a.s. (AS13036)	2
DIGICERT	LeaseWeb Netherlands B.V. (AS60781)	1
NSONE	Servicos De Comunicacoes E Multimedia S.A. (AS3243)	1
xundns.com	GNET INC. (AS9294)	49
SECURITYSERVICES	Akamai Connected Cloud (AS63949)	42
SECURITYSERVICES	FLY (AS40509)	3
zoneedit.com	NETWORK-SOLUTIONS-HOSTING (AS19871)	2
G-Core Labs S.A.	CTG Server Limited (AS152194)	9
CLOUDFLARENET	IT7NET (AS25820)	18
NForce Entertainment B.V.	THEOPT-HOU (AS40156)	1
CLOUDFLARENET	DXTL Tseung Kwan O Service (AS134548)	19
Host Europe GmbH	INMOTION (AS22611)	29
CLOUDFLARENET	UCLOUD INFORMATION TECHNOLOGY HK LIMITED (AS135377)	12
megahost.xyz	Hetzner Online GmbH (AS24940)	3
CLOUDFLARENET	Antbox Networks Limited (AS138995)	6
online.net	Scaleway S.a.s. (AS12876)	2
CLOUDFLARENET	NTT-DATA-2914 (AS2914)	1
Host Europe GmbH	DEDICATED (AS63018)	1
BIZLAND-SD	WIIT AG (AS24961)	1
ORACLE-BMC-31898	AMAZON-AES (AS14618)	1
SECURITYSERVICES	GOOGLE-CLOUD-PLATFORM (AS396982)	25
SECURITYSERVICES	UpCloud Ltd (AS202053)	1
cloudns.net	AMAZON-02 (AS16509)	5
bandsal.at	OVH SAS (AS16276)	3
SECURITYSERVICES	OVH SAS (AS16276)	21
Hetzner Online GmbH	IONOS SE (AS8560)	2
GANDI SAS	GOOGLE (AS15169)	1
CLOUDFLARENET	DIGITALOCEAN-ASN (AS14061)	67
texaserve.com	WHG Hosting Services Ltd (AS14670)	1
vngdns.net	VNG Corporation (AS38244)	1
myhostadmin.net	China Telecom (AS151185)	1
xundns.com	LUOGELANG FRANCE LIMITED (AS135097)	1
NSONE	GOOGLE-CLOUD-PLATFORM (AS396982)	2
CLOUDFLARENET	China Unicom Beijing Province Network (AS4808)	1
muumuu-domain.com	GMO Internet Group, Inc. (AS7506)	14
SECURITYSERVICES	WII (AS32097)	1
lolipop.jp	GMO Internet Group, Inc. (AS58791)	1
awsdns-02.net	AMAZON-02 (AS16509)	1
dnsip.com	AS-COLOCROSSING (AS36352)	2
KDDI CORPORATION	KDDI CORPORATION (AS2516)	5
CLOUDFLARENET	IPLUS LLC (AS43060)	1
phase8.net	Team Blue Internet Services Uk Limited (AS8622)	1
ab stract ltd	AMAZON-02 (AS16509)	5
CLOUDFLARENET	NL-811-40021 (AS40021)	8
xel.nl	BIT BV (AS12859)	1
CLOUDFLARENET	Contabo GmbH (AS51167)	12
dnspod.net	Tencent Building, Kejizhongyi Avenue (AS132203)	5
GOOGLE-CLOUD-PLATFORM	20i Limited (AS48254)	7
ipcom GmbH	froxlor GmbH (AS207048)	2
SECURITYSERVICES	GOOGLE (AS15169)	7
Hangzhou Alibaba Advertising Co.,Ltd.	HostUS (AS7489)	1
GOOGLE	GOOGLE-CLOUD-PLATFORM (AS396982)	12
mediatemple.net	GO-DADDY-COM-LLC (AS398787)	1
cloud86.nl	AMAZON-02 (AS16509)	1
CLOUDFLARENET	FlokiNET ehf (AS200651)	1
Domain names registrar REG.RU, Ltd	Scaleway S.a.s. (AS12876)	1
Akamai International B.V.	CSC (AS19574)	1
bnd.cx	AS-COLOCROSSING (AS36352)	1
awsdns-19.org	AMAZON-02 (AS16509)	2
SECURITYSERVICES	Enflow B.V. (AS209626)	1
markmonitor.com	AMAZON-02 (AS16509)	31
awsdns-07.org	AMAZON-AES (AS14618)	1
zoneedit.com	EDNS (AS16686)	2
alfahosting.info	dogado GmbH (AS8648)	2
SECURITYSERVICES	RENDER (AS397273)	13
nameshield.net	Nameshield SAS (AS20756)	4
Knipp Medien und Kommunikation GmbH	GleSYS AB (AS42708)	1
CLOUDFLARENET	UNIFIEDLAYER-AS-1 (AS46606)	10
SECURITYSERVICES	DIGITALOCEAN-ASN (AS14061)	42
SECURITYSERVICES	Lyse Tele (AS29695)	1
co.uk	OVH SAS (AS16276)	2
ab stract ltd	Hetzner Online GmbH (AS24940)	5
DIGICERT	OVH SAS (AS16276)	1
SECURITYSERVICES	Alexhost Srl (AS200019)	1
fort.cool	AS-VULTR (AS20473)	1
fastdns24.com	Hetzner Online GmbH (AS24940)	1
SECURITYSERVICES	Hostkey B.v. (AS57043)	1
SECURITYSERVICES	BAYER-ARCH (AS23167)	1
AUTOMATTIC	AUTOMATTIC (AS2635)	4
CLOUDFLARENET	AMAZON-AES (AS14618)	21
awsdns-25.net	AMAZON-02 (AS16509)	4
GANDI SAS	Network Presence (AS45570)	1
AMAZON-02	Akamai Connected Cloud (AS63949)	15
CLOUDFLARENET	COMCAST-7922 (AS7922)	3
cloudns.net	PEG-KR (AS399195)	4
CLOUDFLARENET	Pfcloud UG (AS51396)	1
joker.com	Hetzner Online GmbH (AS24940)	1
awsdns-01.net	AMAZON-02 (AS16509)	2
lwsdns.com	Groupe LWS SARL (AS210403)	2
systemdns.com	AMAZON-AES (AS14618)	3
afr.cx	IP-Projects GmbH & Co. KG (AS48314)	1
Domain names registrar REG.RU, Ltd	NETH LTD (AS198362)	1
lolipop.jp	GMO Internet Group, Inc. (AS7506)	16
ORACLE-BMC-31898	FIBERCAST (AS10367)	3
ondns.uk	AMAZON-AES (AS14618)	1
ab stract ltd	SOLLUTIUM EU Sp z.o.o. (AS43641)	2
EPIK-LLC	EPIK-LLC (AS394456)	11
GANDI SAS	HOPLA SASU (AS204046)	1
SECURITYSERVICES	netcup GmbH (AS197540)	9
Nessus GmbH	Hetzner Online GmbH (AS24940)	2
SECURITYSERVICES	Contabo GmbH (AS51167)	26
CLOUDFLARENET	UpCloud Ltd (AS202053)	1
easydns.ca	GOOGLE-CLOUD-PLATFORM (AS396982)	1
ab stract ltd	Net Solutions - Consultoria Em Tecnologias De Informacao, Sociedade Unipessoal LDA (AS47674)	1
ne.jp	Xserver Inc. (AS131965)	2
GMO Internet Group, Inc.	GMO Internet Group, Inc. (AS58791)	7
365.hk	Overcasts Limited (AS24544)	1
blazingfast.io	Net Solutions - Consultoria Em Tecnologias De Informacao, Sociedade Unipessoal LDA (AS47674)	2
SECURITYSERVICES	AS-VULTR (AS20473)	9
SECURITYSERVICES	Jan Smyrek (AS214915)	1
vy55.de	ScaleUp Technologies GmbH & Co. KG (AS29014)	2
CLOUDFLARENET	PEG-HK (AS398478)	4
myhostadmin.net	West263 International Limited (AS139021)	13
hostname.ch	METANET AG (AS21069)	1
NSONE	SOFTLAYER (AS36351)	5
flokinet.net	FlokiNET ehf (AS200651)	1
CLOUDFLARENET	SEDO GmbH (AS47846)	23
leaseweb.nl	LeaseWeb Netherlands B.V. (AS60781)	2
Advania Island ehf	Advania Island ehf (AS50613)	16
awsdns-00.com	AMAZON-02 (AS16509)	4
SECURITYSERVICES	IT EXPERTS S.A (AS265761)	1
CLOUDFLARENET	Karolio IT paslaugos, UAB (AS211440)	1
AMAZON-02	CLOUDFLARENET (AS13335)	1
CLOUDFLARENET	SpaceNet AG (AS5539)	1
CLOUDFLARENET	HUAWEI CLOUDS (AS136907)	1
dnspod.net	AMAZON-02 (AS16509)	2
IONOS SE	AMAZON-02 (AS16509)	2
CLOUDFLARENET	SonderCloud Limited (AS133199)	4
vaxx.net	DATACATE-AS1 (AS55106)	1
shockhosting.com	SHOCK-1 (AS395092)	2
ns0.com	PAIR-NETWORKS (AS7859)	5
NForce Entertainment B.V.	NForce Entertainment B.V. (AS43350)	5
ecohosting.in	Hetzner Online GmbH (AS24940)	1
myhostadmin.net	Hetzner Online GmbH (AS24940)	2
xnameserver.de	IONOS SE (AS8560)	1
CLOUDFLARENET	NETLAB-SDN (AS979)	16
ad.jp	NTT PC Communications, Inc. (AS2514)	6
website.org	Hetzner Online GmbH (AS24940)	4
CLOUDFLARENET	GOOGLE (AS15169)	12
myhostadmin.net	Shandong eshinton Network Technology Co., Ltd. (AS139180)	2
CLOUDFLARENET	Virtual Systems LLC (AS30860)	5
NSONE	15347 (AS15347)	1
NForce Entertainment B.V.	Serverio technologijos MB (AS212872)	1
bugsplat.info	AS-VULTR (AS20473)	1
dnsexit.com	TWC-11427-TEXAS (AS11427)	1
dnsiaas.com	MULTA-ASN1 (AS35916)	1
SECURITYSERVICES	AS-COLOCROSSING (AS36352)	3
linode.com	Akamai Connected Cloud (AS63949)	21
afraid.org	First Server Limited (AS204997)	1
GANDI SAS	AMAZON-02 (AS16509)	3
fastnext.com	Serverius Holding B.V. (AS50673)	1
Knipp Medien und Kommunikation GmbH	dogado GmbH (AS8648)	1
3m.com	AMAZON-02 (AS16509)	2
stassen-net.de	Hetzner Online GmbH (AS24940)	2
PONYNET	Wildcard UK Limited (AS34119)	5
CLOUDFLARENET	Nova hf (AS44735)	1
awsdns-17.net	AMAZON-02 (AS16509)	2
CLOUDFLARENET	SQUARESPACE (AS53831)	12
SECURITYSERVICES	Strato GmbH (AS6724)	3
awsdns-12.net	AMAZON-02 (AS16509)	1
CLOUDFLARENET	Alibaba US Technology Co., Ltd. (AS45102)	18
Unit D,E,F,G 28th Floor	Unit D,E,F,G 28th Floor (AS55547)	13
muumuu-domain.com	SAKURA Internet Inc. (AS7684)	1
contingence.cz	Team Blue Carrier Limited (AS34920)	1
GOOGLE	HVC-AS (AS29802)	1
dnsip.com	TERAEXCH (AS399077)	9
star-domain.jp	GMO Internet Group, Inc. (AS7506)	1
EPIK-LLC	AS-VULTR (AS20473)	3
Hetzner Online GmbH	Hetzner Online GmbH (AS24940)	16
cloudhosting.uk	Krystal Hosting Ltd (AS12488)	1
GOOGLE	IQ PL Sp. z o.o. (AS47544)	1
AMAZON-02	MICROSOFT-CORP-MSN-AS-BLOCK (AS8075)	1
SECURITYSERVICES	Wix.com Ltd. (AS58182)	10
krystal.uk	Krystal Hosting Ltd (AS12488)	2
resolver.is	OVH SAS (AS16276)	1
CLOUDFLARENET	netcup GmbH (AS197540)	18
connect-to-cloud.net	i3D.net B.V (AS49544)	1
gslb.net	XNNET (AS6134)	1
mythic-beasts.com	OVH SAS (AS16276)	1
CLOUDFLARENET	LUCIDACLOUD LIMITED (AS139659)	9
dodns.net	united-domains GmbH (AS202108)	2
webredirect.de	ScaleUp Technologies GmbH & Co. KG (AS29014)	1
olympus.cx	AS-VULTR (AS20473)	1
inmotionhosting.com	IMH-IAD (AS54641)	3
cyon.ch	cyon GmbH (AS47302)	2
CLOUDFLARENET	Magyar Telekom Plc. (AS5483)	2
ab stract ltd	GHOSTnet GmbH (AS12586)	2
GMO Internet Group, Inc.	SAKURA Internet Inc. (AS9371)	1
CLOUDFLARENET	Dimension Network & Communication Limited (AS59371)	5
tld-dns.net	DMIT (AS906)	1
dynu.com	Orange Polska Spolka Akcyjna (AS5617)	1
gofruits.co	GOOGLE-CLOUD-PLATFORM (AS396982)	3
credit-suisse.com	UBS Group AG (AS8729)	2
net.au	Hostopia Australia Web Pty Ltd (AS55803)	5
ncx.cx	NAMECHEAP-NET (AS22612)	1
myhostadmin.net	OWGELS INTERNATIONAL CO., LIMITED (AS153656)	2
G-Core Labs S.A.	POWER LINE DATACENTER (AS132839)	10
Knipp Medien und Kommunikation GmbH	WIIT AG (AS24961)	2
awsdns-05.org	MICROSOFT-CORP-MSN-AS-BLOCK (AS8075)	1
CLOUDFLARENET	Community Fibre Limited (AS201838)	1
nearlyfreespeech.net	GRIDFURY-AS (AS40630)	3
CLOUDFLARENET	aurologic GmbH (AS30823)	3
NSONE	ATT-INTERNET4 (AS7018)	1
CLOUDFLARENET	NETWORK-SOLUTIONS-HOSTING (AS19871)	18
CLOUDFLARENET	Hong Kong Communications International Co., Limited (AS140227)	1
easy.gr	OVH SAS (AS16276)	1
Advania Island ehf	Ivanov Vitaliy Sergeevich (AS48031)	1
Advania Island ehf	UpCloud Ltd (AS202053)	1
awsdns-14.com	AMAZON-02 (AS16509)	2
awsdns-19.org	MICROSOFT-CORP-MSN-AS-BLOCK (AS8075)	1
ipcom GmbH	Hetzner Online GmbH (AS24940)	5
HURRICANE	A2HOSTING (AS55293)	1
OVH SAS	AMAZON-02 (AS16509)	4
yourwebhoster.com	UpCloud Ltd (AS202053)	1
SECURITYSERVICES	Layershift Limited (AS205072)	1
CLOUDFLARENET	AS-COLOCROSSING (AS36352)	12
hukot.cz	SecurityNet.cz s.r.o. (AS42422)	1
awsdns-12.com	AMAZON-02 (AS16509)	2
Nessus GmbH	Nessus GmbH (AS47692)	5
ultahost.com	Ultahost, Inc. (AS214036)	1
co.uk	IONOS SE (AS8560)	6
safenames.com	Safenames Ltd. (AS60819)	4
co.at	Nessus GmbH (AS47692)	1
hostgator.com	NETWORK-SOLUTIONS-HOSTING (AS19871)	8
awsdns-15.com	Eurofiber France SAS (AS24935)	1
myhostadmin.net	CHINANET SiChuan Telecom Internet Data Center (AS38283)	2
easylinehost.net	Easylinehost Finland Oy (AS29132)	1
awsdns-09.org	AMAZON-02 (AS16509)	2
huaweicloud-dns.cn	Tencent Building, Kejizhongyi Avenue (AS132203)	1
armadaservers.com	Akamai Connected Cloud (AS63949)	2
ORACLE-BMC-31898	OVH SAS (AS16276)	1
CLOUDFLARENET	FRONTIER-FRTR (AS5650)	1
axbx.cx	AS-VULTR (AS20473)	1
awsdns-03.net	GleSYS AB (AS42708)	1
AMAZON-02	WHG Hosting Services Ltd (AS36454)	3
tiscomhosting.eu	Totaalnet Internet Works B.V. (AS43190)	2
hostserv.eu	BSE Software GmbH (AS9044)	1
scientology.net	CSI (AS7914)	3
Xserver Inc.	Xserver Inc. (AS131965)	11
zoneedit.com	TWC-20001-PACWEST (AS20001)	1
NSONE	FastNet International Ltd (AS12519)	1
ns14.net	NorthC Deutschland GmbH (AS15598)	1
3f.cx	PONYNET (AS53667)	1
netim.net	Eurofiber France SAS (AS24935)	11
Host Europe GmbH	Host Europe GmbH (AS21499)	3
CLOUDFLARENET	SSASN2 (AS20454)	1
yahoo.com	AMAZON-02 (AS16509)	1
SECURITYSERVICES	HAYWIRE-ASN-01 (AS397449)	1
GMO Internet Group, Inc.	GMO Internet Group, Inc. (AS7506)	13
awsdns-15.com	AMAZON-02 (AS16509)	2
SECURITYSERVICES	Hetzner Online GmbH (AS24940)	19
Knipp Medien und Kommunikation GmbH	Hetzner Online GmbH (AS24940)	6
CLOUDFLARENET	ORACLE-BMC-31898 (AS31898)	14
iwantmyname.net	AMAZON-AES (AS14618)	1
SECURITYSERVICES	AMAZON-AES (AS14618)	27
myhostadmin.net	Contabo Asia Private Limited (AS141995)	1
CLOUDFLARENET	MICROSOFT-CORP-MSN-AS-BLOCK (AS8075)	6
slavery.cx	COGECOWAVE (AS7992)	1
awsdns-23.net	GOOGLE (AS15169)	1
ab stract ltd	Internet Magnate (Pty) Ltd (AS214209)	1
iwantmyname.net	AMAZON-02 (AS16509)	3
CLOUDFLARENET	Advania Island ehf (AS50613)	2
CLOUDFLARENET	Telenor Norge AS (AS2119)	4
nswebhost.com	NTHL (AS11042)	1
broken.lol	Akamai Connected Cloud (AS63949)	1
myhostadmin.net	Alibaba US Technology Co., Ltd. (AS45102)	21
CLOUDFLARENET	Akamai Connected Cloud (AS63949)	17
CLOUDFLARENET	Wix.com Ltd. (AS58182)	5
teamviewer.com	ANEXIA Internetdienstleistungs GmbH (AS42473)	1
OVH SAS	SQUARESPACE (AS53831)	1
registrar.eu	Team Internet AG (AS61969)	1
MICROSOFT-CORP-MSN-AS-BLOCK	LEVEL3 (AS3356)	1
iwantmyname.net	OVH SAS (AS16276)	1
Hetzner Online GmbH	IP-Projects GmbH & Co. KG (AS48314)	1
Signet B.V.	Scaleway S.a.s. (AS12876)	1
hosttech.ch	hosttech GmbH (AS207143)	2
SECURITYSERVICES	PT Industri Kreatif Digital (AS141968)	1
hostnil.com	WHG Hosting Services Ltd (AS36454)	1
cloudns.net	GOOGLE-CLOUD-PLATFORM (AS396982)	1
SECURITYSERVICES	Andrews & Arnold Ltd (AS20712)	1
speedydns.net	UNIFIEDLAYER-AS-1 (AS46606)	3
CLOUDFLARENET	INTERNET CZ, a.s. (AS24806)	1
CLOUDFLARENET	Mammoth Media Pty Ltd (AS133159)	3
awsdns-18.com	AMAZON-AES (AS14618)	1
dnsip.com	CNSERVERS (AS40065)	3
hosttech.de	hosttech GmbH (AS207143)	1
porsche.asia	Dr. Ing. h.c. F. Porsche AG (AS33848)	1
myhostadmin.net	Beijing Shijihulian Yuntong Network Technology Co., Ltd. (AS136160)	1
myhostadmin.net	Hangzhou Alibaba Advertising Co.,Ltd. (AS37963)	7
Advania Island ehf	Florian Kolb (AS58087)	1
IONOS SE	IONOS SE (AS8560)	16
dnspod.net	Contabo GmbH (AS51167)	1
awsdns-16.org	DIGITALOCEAN-ASN (AS14061)	1
NForce Entertainment B.V.	FASTLY (AS54113)	1
isp-nameserver.de	AMAZON-AES (AS14618)	1
wl.cx	Hetzner Online GmbH (AS24940)	1
cprapid.com	LIMESTONENETWORKS (AS46475)	1
GANDI SAS	OVH SAS (AS16276)	2
one.com	AMAZON-02 (AS16509)	2
CLOUDFLARENET	Cloudflare London, LLC (AS209242)	9
SECURITYSERVICES	TWC-11351-NORTHEAST (AS11351)	1
MICROSOFT-CORP-MSN-AS-BLOCK	MICROSOFT-CORP-MSN-AS-BLOCK (AS8075)	6
1and1.fr	IONOS SE (AS8560)	1
namepros-dns.com	AMAZON-AES (AS14618)	5
ORACLE-BMC-31898	ATT-INTERNET4 (AS7018)	1
iwantmyname.net	FASTLY (AS54113)	4
films.org	AMAZON-AES (AS14618)	3
GANDI SAS	HASGARD s.a.r.l. (AS61026)	1
myhostadmin.net	PEG-LA (AS398823)	1
CLOUDFLARENET	AUTOMATTIC (AS2635)	4
ab stract ltd	Hetzner Online GmbH (AS212317)	1
AMAZON-02	A2HOSTING (AS55293)	11
bnamed.eu	Opera Norway AS (AS39832)	2
CLOUDFLARENET	Shinjiru Technology Sdn Bhd (AS45839)	1
MICROSOFT-CORP-MSN-AS-BLOCK	PRIVATESYSTEMS (AS63410)	1
hostpapa.com	ONIAAS (AS40092)	1
CLOUDFLARENET	Orange (AS3215)	2
awsdns-03.com	FASTLY (AS54113)	1
CLOUDFLARENET	Alexhost Srl (AS200019)	1
kitrich.net	Akamai Connected Cloud (AS63949)	1
netcup GmbH	netcup GmbH (AS197540)	4
SECURITYSERVICES	SYNERGY WHOLESALE PTY LTD (AS45638)	1
myhostadmin.net	Akari Networks (AS38136)	1
ORACLE-BMC-31898	Activcom Kft. (AS60673)	1
CLOUDFLARENET	Data Communication Business Group (AS3462)	1
one.com	DIGITALOCEAN-ASN (AS14061)	1
monaco.cx	AS-VULTR (AS20473)	1
CLOUDFLARENET	Telstra Limited (AS1221)	1
awsdns-00.org	AMAZON-02 (AS16509)	3
SECURITYSERVICES	NTT-DATA-2914 (AS2914)	1
CLOUDFLARENET	CENTURYLINK-US-LEGACY-QWEST (AS209)	4
myserverhosts.com	UNIFIEDLAYER-AS-1 (AS46606)	1
net.au	AMAZON-02 (AS16509)	1
ORACLE-BMC-31898	ORACLE-BMC-31898 (AS31898)	5
vmdns.net	IT.Gate S.p.A. (AS12779)	1
hexon-is.nl	Eurofiber Nederland BV (AS29396)	1
bauer-kirch.biz	Mittwald CM Service GmbH & Co. KG (AS15817)	1
Knipp Medien und Kommunikation GmbH	Probe Networks (AS29686)	3
chicappa.jp	GMO Internet Group, Inc. (AS7506)	2
MICROSOFT-CORP-MSN-AS-BLOCK	AMAZON-AES (AS14618)	1
CLOUDFLARENET	Hetzner Online GmbH (AS212317)	2
Signet B.V.	GOOGLE-CLOUD-PLATFORM (AS396982)	1
CLOUDFLARENET	SHINE TELECOM CO., LTD. (AS63902)	8
GOOGLE	Andrews & Arnold Ltd (AS20712)	1
myhostadmin.net	AMAZON-02 (AS16509)	6
CLOUDFLARENET	NAMECHEAP-NET (AS22612)	7
trouble-free.net	IS-AS-1 (AS19318)	3
CLOUDFLARENET	AS-VULTR (AS20473)	13
CLOUDFLARENET	DATACATE-AS1 (AS55106)	1
mijndnsserver.nl	Telenet BV (AS6848)	1
volkswagen.de	Volkswagen AG (AS206618)	1
domainoffensive.de	iptoX GmbH (AS33828)	2
AS48707 OPS PL sp. z o.o.	GleSYS AB (AS42708)	1
world4you.at	World4You Internet Services GmbH (AS38955)	7
dns.com	SonderCloud Limited (AS133199)	1
aion.cx	Akamai Connected Cloud (AS63949)	1
dnsbycomodo.net	SQUARESPACE (AS53831)	1
awsdns-36.com	Hetzner Online GmbH (AS24940)	1
r.cx	AS-COLOCROSSING (AS36352)	1
CLOUDFLARENET	RACKSPACE (AS19994)	1
awsdns-13.net	AMAZON-02 (AS16509)	4
msdj.net	GMO Internet Group, Inc. (AS7506)	1
domainmasters.be	Global-e ICT solutions B.V. (AS39591)	1
muumuu-domain.com	SoftBank Corp. (AS4725)	1
ab stract ltd	PONYNET (AS53667)	3
ns14.net	Cloudflare London, LLC (AS209242)	1
awsdns-06.net	DIGITALOCEAN-ASN (AS14061)	1
MICROSOFT-CORP-MSN-AS-BLOCK	Host Europe GmbH (AS20773)	1
arnove.net	OVH SAS (AS16276)	2
ne.jp	SAKURA Internet Inc. (AS9371)	6
SECURITYSERVICES	British Telecommunications PLC (AS2856)	1
cprapid.com	DIGITALOCEAN-ASN (AS14061)	1
cloudpit.com	Combell NV (AS34762)	1
myhostadmin.net	DXTL Tseung Kwan O Service (AS134548)	2
ns14.net	Hetzner Online GmbH (AS24940)	2
SECURITYSERVICES	IS-AS-1 (AS19318)	2
CLOUDFLARENET	LIQUIDWEB (AS53824)	1
vodien.com	AMAZON-02 (AS16509)	1
CLOUDFLARENET	INCAPSULA (AS19551)	12
lovellsnames.org	Hosting.de GmbH (AS12574)	2
BIZLAND-SD	AFFINITY-INTER (AS18447)	1
CLOUDFLARENET	OIS1 (AS26337)	1
awsdns-03.net	CLOUDFLARENET (AS13335)	1
SECURITYSERVICES	SYNLINQ (AS44486)	1
awsdns-03.com	AMAZON-02 (AS16509)	1
awsdns-31.org	AMAZON-02 (AS16509)	1
CLOUDFLARENET	UK Dedicated Servers Limited (AS42831)	1
NSONE	DREAMHOST-AS (AS26347)	2
IONOS SE	Hetzner Online GmbH (AS24940)	3
Hangzhou Alibaba Advertising Co.,Ltd.	Alibaba US Technology Co., Ltd. (AS45102)	3
Hostpoint AG	AMAZON-02 (AS16509)	1
webland.ch	Webland AG (AS25563)	1
CLOUDFLARENET	Scaleway S.a.s. (AS12876)	2
Signet B.V.	DIGITALOCEAN-ASN (AS14061)	1
CLOUDFLARENET	High Family Technology Co., Limited (AS142032)	7
HURRICANE	PRGMR (AS47066)	1
HURRICANE	Contabo GmbH (AS51167)	2
hostenko.name	AS-GLOBALTELEHOST (AS63023)	1
niagahoster.com	Hostinger International Limited (AS47583)	1
CLOUDFLARENET	DISTRIBUTEL-AS11814 (AS11814)	1
NUCDN	Datacenter Luxembourg S.A. (AS24611)	4
joker.com	CSL Computer Service Langenbach GmbH (AS5517)	5
helloly.com	helloly GmbH (AS208689)	1
stabletransit.com	Akamai Connected Cloud (AS63949)	1
SECURITYSERVICES	COMCAST-7922 (AS7922)	2
G-Core Labs S.A.	OWGELS INTERNATIONAL CO., LIMITED (AS153656)	1
awsdns-33.com	AMAZON-02 (AS16509)	1
ipcom GmbH	NMMN New Media Markets & Networks IT-Services GmbH (AS20694)	1
sqr.cloud	Cyso Group B.V. (AS25151)	1
awsdns-02.com	AMAZON-02 (AS16509)	1
yandexcloud.net	Yandex.Cloud LLC (AS200350)	2
awsdns-09.com	COMCAST-7922 (AS7922)	1
afraid.org	SHARKTECH (AS46844)	1
Domain names registrar REG.RU, Ltd	Tilda Publishing Ltd. (AS205282)	2
CLOUDFLARENET	Misaka Network, Inc. (AS57578)	1
Host Europe GmbH	UUNET (AS701)	1
ns14.net	AMAZON-02 (AS16509)	2
nic.ru	GOOGLE-CLOUD-PLATFORM (AS396982)	1
inmotionhosting.com	INMOTION (AS22611)	3
awsdns-37.org	AMAZON-02 (AS16509)	1
awsdns-13.net	DIGITALOCEAN-ASN (AS14061)	1
NUCDN	Team Internet AG (AS61969)	4
awsdns-01.com	AMAZON-02 (AS16509)	1
CHINANET SiChuan Telecom Internet Data Center	West263 International Limited (AS139021)	2
wavedns.de	Hetzner Online GmbH (AS24940)	1
globat.com	BIZLAND-SD (AS29873)	1
muumuu-domain.com	Akamai Connected Cloud (AS63949)	1
awsdns-02.org	AMAZON-02 (AS16509)	2
CLOUDFLARENET	RoyaleHosting BV (AS212477)	2
CLOUDFLARENET	CORENET (AS976)	4
OVH SAS	Sunrise GmbH (AS6730)	1
myhostadmin.net	AROSS-AS (AS400619)	1
SECURITYSERVICES	A2HOSTING (AS55293)	1
CLOUDFLARENET	Jump Networks Ltd (AS8943)	1
awsdns-24.com	AMAZON-02 (AS16509)	1
ORACLE-BMC-31898	uvensys GmbH (AS58010)	1
cyberfolks.pl	Cyber_Folks S.A. (AS41079)	1
CLOUDFLARENET	NEOCITIES (AS395409)	2
awsdns-08.net	AMAZON-02 (AS16509)	2
ab stract ltd	Access2.IT Group B.V. (AS208258)	1
GANDI SAS	SUREWEST (AS14051)	2
SECURITYSERVICES	Server Plan S.r.l. (AS52030)	1
SECURITYSERVICES	Hong Kong Broadband Network Ltd. (AS9269)	2
OVH SAS	CLOUDFLARENET (AS13335)	1
SECURITYSERVICES	BACOM (AS577)	2
my-control-panel.com	PONYNET (AS53667)	2
CLOUDFLARENET	Kuxueyun Ltd (AS213750)	1
CLOUDFLARENET	Aussie Broadband (AS4764)	2
ddos-guard.net	Ddos-guard Ltd (AS57724)	4
CLOUDFLARENET	Sunrise GmbH (AS6730)	1
SECURITYSERVICES	GO-DADDY-COM-LLC (AS398787)	2
ORACLE-BMC-31898	ROGERS-COMMUNICATIONS (AS812)	2
hostnet.nl	One.com A/S (AS51468)	4
awsdns-19.net	RACKSPACE (AS19994)	1
AS48707 OPS PL sp. z o.o.	Orange Polska Spolka Akcyjna (AS5617)	1
ipcom GmbH	AMAZON-02 (AS16509)	8
CLOUDFLARENET	rainbow network limited (AS138968)	2
ipcom GmbH	GOOGLE-CLOUD-PLATFORM (AS396982)	1
com.br	VERO S.A (AS28258)	2
ve.cx	JOESDATACENTER (AS19969)	1
dns.com	GNET INC. (AS9294)	4
ab stract ltd	SERVERROOM (AS19624)	1
CLOUDFLARENET	ANTI-DDOS (AS35251)	5
SECURITYSERVICES	ASN-CXA-ALL-CCI-22773-RDC (AS22773)	3
awsdns-51.org	AMAZON-AES (AS14618)	1
routing.net	Hetzner Online GmbH (AS24940)	1
xundns.com	NTT-DATA-2914 (AS2914)	3
GANDI SAS	Scaleway S.a.s. (AS12876)	4
bom.cx	Hetzner Online GmbH (AS24940)	1
awsdns-34.org	Akamai Connected Cloud (AS63949)	1
HURRICANE	Hetzner Online GmbH (AS24940)	2
CLOUDFLARENET	JAZZ-NETWORK (AS53974)	1
insights-me.cx	NAMECHEAP-NET (AS22612)	1
awsdns-38.com	AMAZON-02 (AS16509)	1
CLOUDFLARENET	BasketAsia, Sdn. Bhd. (AS132376)	1
christoph.cx	Hetzner Online GmbH (AS24940)	3
CLOUDFLARENET	Zachodniopomorski Uniwersytet Technologiczny w Szczecinie, Akademickie Centrum Informatyki (AS13119)	1
cloudns.net	WII (AS32097)	1
CLOUDFLARENET	QNAX LTDA (AS268581)	1
citynetz24.de	ScaleUp Technologies GmbH & Co. KG (AS29014)	1
CLOUDFLARENET	HKCLOUDX (AS62468)	4
CLOUDFLARENET	Eons Data Communications Limited (AS138997)	2
one.com	Hiper A/S (AS203953)	1
start-dns.de	EVANZO e-commerce GmbH (AS42730)	5
xsg.de	Hetzner Online GmbH (AS24940)	1
Advania Island ehf	Prime LLC (AS213021)	1
headoff.biz	i-Wet Ltd. (AS29122)	1
CLOUDFLARENET	DMNL-ASN-01 (AS401348)	1
CLOUDFLARENET	Hbing Limited (AS208949)	1
metanet.ch	METANET AG (AS21069)	2
CLOUDFLARENET	BIZLAND-SD (AS29873)	4
whirlpool.com	LUMOS (AS7795)	2
armnet.uk	Andrews & Arnold Ltd (AS20712)	1
CLOUDFLARENET	Asahi Net (AS4685)	1
apg2.net	kyberio GmbH (AS24679)	1
SECURITYSERVICES	ATT-INTERNET4 (AS7018)	2
SECURITYSERVICES	Valin Company for General Trading and Communication LTD (AS205254)	1
CLOUDFLARENET	I-servers Ltd (AS207569)	1
dnshostnetwork.com	UK Dedicated Servers Limited (AS42831)	1
ab stract ltd	High5! B.V. (AS60131)	1
orztech.com	Misaka Network, Inc. (AS35487)	1
frenzmedia.de	Host Europe GmbH (AS20773)	1
ORACLE-BMC-31898	UUNET (AS701)	2
myhostadmin.net	AS-COLOCROSSING (AS36352)	3
SECURITYSERVICES	DA International Group Ltd. (AS203380)	3
EDNS	Gigaclear Limited (AS56329)	1
linode.com	AS3800 (AS3800)	1
EPIK-LLC	IONOS SE (AS8560)	1
CLOUDFLARENET	Companhia de Telecomunicacoes de Macau SARL (AS4609)	1
SECURITYSERVICES	Infomaniak Network SA (AS29222)	1
Hangzhou Alibaba Advertising Co.,Ltd.	AMAZON-02 (AS16509)	1
contabo.net	Contabo GmbH (AS51167)	3
namefind.com	AMAZON-02 (AS16509)	1
awsdns-42.org	AMAZON-02 (AS16509)	1
hosting-cloud.net	Host Universal Pty Ltd (AS136557)	1
CLOUDFLARENET	AS-GLOBALTELEHOST (AS63023)	1
CLOUDFLARENET	AS40676 (AS40676)	2
SECURITYSERVICES	Data Communication Business Group (AS3462)	1
SECURITYSERVICES	Virgin Media (AS5089)	2
ab stract ltd	dataforest GmbH (AS58212)	1
CLOUDFLARENET	CyberForest LLC. (AS136209)	1
ybk.im	ORACLE-BMC-31898 (AS31898)	1
zoneedit.com	netcup GmbH (AS197540)	2
atw.jp	A.T.WORKS, Inc. (AS37916)	1
alfahosting.info	dogado GmbH (AS45012)	3
cloudns.net	British Telecommunications PLC (AS2856)	1
cb4.net	Telepoint Ltd (AS31083)	1
parklogic.com	Akamai Connected Cloud (AS63949)	7
awsdns-06.org	AMAZON-AES (AS14618)	1
indianservers.net	IP Volume inc (AS202425)	1
awsdns-04.net	COMCAST-7922 (AS7922)	1
ne.jp	SAKURA Internet Inc. (AS9370)	6
co.za	Afrihost (AS37611)	1
SECURITYSERVICES	RACKSPACE (AS27357)	1
SECURITYSERVICES	SmartApe OU (AS62212)	2
portsdns.net	Tele2 SWIPnet (AS1257)	3
awsdns-06.com	Data Communication Business Group (AS3462)	1
HURRICANE	Akamai Connected Cloud (AS63949)	1
SECURITYSERVICES	SECURITYSERVICES (AS12008)	3
myhostadmin.net	NETLAB-SDN (AS979)	2
GANDI SAS	DIGITALOCEAN-ASN (AS14061)	3
dnscloudvip.com	FD-298-8796 (AS8796)	1
CLOUDFLARENET	Ddos-guard Ltd (AS57724)	1
CLOUDFLARENET	ATT-INTERNET4 (AS7018)	7
netclix.net	Hetzner Online GmbH (AS24940)	1
SECURITYSERVICES	Lodz University of Technology (AS8256)	1
pwrz.at	Telekom Austria (AS8447)	1
joker.com	AMAZON-02 (AS16509)	1
cloudpit.com	dogado GmbH (AS8648)	1
febas.de	Hetzner Online GmbH (AS24940)	1
a1technology.us	AMAZON-02 (AS16509)	1
Advania Island ehf	Datacamp Limited (AS60068)	1
CLOUDFLARENET	Bahnhof AB (AS8473)	2
SECURITYSERVICES	Hostinger International Limited (AS47583)	5
Domain names registrar REG.RU, Ltd	Domain names registrar REG.RU, Ltd (AS197695)	8
ns14.net	InterNetX GmbH (AS15456)	2
iranhost.com	Hetzner Online GmbH (AS24940)	1
NSONE	Cloudflare London, LLC (AS209242)	1
CLOUDFLARENET	BIZNESSHOSTING-DBA-VOLICO (AS33724)	1
Hetzner Online GmbH	Contabo GmbH (AS51167)	3
namedserver.net	GMO GlobalSign Holdings K.K. (AS131921)	1
CLOUDFLARENET	FLY (AS40509)	1
CLOUDFLARENET	PURtel.com GmbH (AS62336)	1
CLOUDFLARENET	UNIT A17,9F SILVERCORP INTL TOWER 707-713 NATHAN RD (AS134175)	7
zoner.fi	Zoner Oy (AS201692)	1
awsdns-15.net	SAKURA Internet Inc. (AS9371)	1
CLOUDFLARENET	TERAEXCH (AS399077)	7
HURRICANE	HostSlim B.V. (AS207083)	1
logiclrd.cx	SHAW (AS6327)	1
srvcp.com	SpeedyPage Ltd (AS142594)	2
recon.cx	OPENFACE (AS11478)	1
CLOUDFLARENET	CRUNCHBITS (AS400304)	2
com.br	CYBERWEB NETWORKS LTDA (AS28299)	1
lawton.cx	HostUS (AS7489)	1
CLOUDFLARENET	Datacamp Limited (AS60068)	7
orztech.com	Akamai Connected Cloud (AS63949)	1
awsdns-07.net	AMAZON-02 (AS16509)	2
Hangzhou Alibaba Advertising Co.,Ltd.	GOOGLE-CLOUD-PLATFORM (AS396982)	2
blade.cx	GANDI SAS (AS203476)	1
Signet B.V.	Hetzner Online GmbH (AS24940)	2
CLOUDFLARENET	MULTA-ASN1 (AS35916)	6
ignum.com	SH.cz s.r.o. (AS39392)	1
awsdns-11.org	AMAZON-02 (AS16509)	3
VITAL-DNS	CHARTER-20115 (AS20115)	1
thundercloud.uk	Awareness Software Limited (AS34931)	1
CLOUDFLARENET	West263 International Limited (AS139021)	1
cloudns.net	Hostinger International Limited (AS47583)	1
namesystem.se	ODERLAND Webbhotell AB (AS44136)	1
CLOUDFLARENET	HKT Limited (AS4760)	1
mvps-hosted.com	MVPS LTD (AS202448)	1
42.pl	Scaleway S.a.s. (AS12876)	1
myhostadmin.net	HUAWEI CLOUDS (AS136907)	2
CLOUDFLARENET	Yancy Limited (AS138415)	3
awsdns-06.org	FLY (AS40509)	1
portlandcommunications.com	123NET (AS12129)	1
whplanet.com	IWEB-AS (AS32613)	1
GOOGLE	FASTLY (AS54113)	3
secdns.eu	Hetzner Online GmbH (AS24940)	1
CLOUDFLARENET	Hostek AB (AS61207)	1
stabletransit.com	AMAZON-02 (AS16509)	1
SECURITYSERVICES	Andishe Sabz Khazar Co. P.j.s. (AS39308)	1
dnspod.net	CLOUDFLARENET (AS13335)	2
awsdns-16.com	OVH SAS (AS16276)	1
vtx.ch	VTX Services SA (AS12350)	1
ORACLE-BMC-31898	CJ2 Hosting B.V. (AS39704)	1
GANDI SAS	Akamai Connected Cloud (AS63949)	4
ab stract ltd	IP Volume inc (AS202425)	1
nadns1.com	Hetzner Online GmbH (AS24940)	3
CLOUDFLARENET	H2nexus Ltd (AS215730)	1
G-Core Labs S.A.	OWGELS INTERNATIONAL CO., LIMITED (AS139880)	1
CLOUDFLARENET	NETACTUATE (AS36236)	1
awsdns-09.net	AMAZON-AES (AS14618)	1
CLOUDFLARENET	LeaseWeb Netherlands B.V. (AS60781)	3
GOOGLE	Lyse Tele (AS29695)	1
ACTIVE 24, s.r.o.	WebSupport s.r.o. (AS51013)	5
MICROSOFT-CORP-MSN-AS-BLOCK	GOOGLE-CLOUD-PLATFORM (AS396982)	1
IONOS SE	Plusnet GmbH (AS20676)	1
nike.com	AMAZON-02 (AS16509)	1
awsdns-04.org	FASTLY (AS54113)	1
ORACLE-BMC-31898	TDC Holding A/S (AS3292)	1
awsdns-29.com	AMAZON-02 (AS16509)	1
awsdns-01.net	AMAZON-AES (AS14618)	2
CLOUDFLARENET	Layerstack Limited (AS133380)	1
SEDO GmbH	SEDO GmbH (AS47846)	9
dnspod.net	UCLOUD INFORMATION TECHNOLOGY HK LIMITED (AS135377)	1
cnmsn.net	China Telecom Group (AS4812)	1
Host Europe GmbH	Cloudflare London, LLC (AS209242)	1
CLOUDFLARENET	Vladylsav Naumets (AS214196)	1
first-ns.de	Hetzner Online GmbH (AS24940)	4
beget.com	Beget LLC (AS198610)	3
CLOUDFLARENET	SAKURA Internet Inc. (AS9370)	1
eastman.com	AMAZON-02 (AS16509)	1
netg.se	GleSYS AB (AS42708)	1
naid.jp	SAKURA Internet Inc. (AS7684)	1
iwantmyname.net	InterNetX GmbH (AS15456)	4
ORACLE-BMC-31898	COMCAST-7922 (AS7922)	4
wpdns.host	AS-VULTR (AS20473)	1
argewebhosting.com	MICROSOFT-CORP-MSN-AS-BLOCK (AS8075)	1
CLOUDFLARENET	HOSTWINDS (AS54290)	1
bpweb.net	NTT Global Data Centers EMEA UK Ltd. (AS29017)	2
DIGICERT	AMAZON-02 (AS16509)	2
ibibe.nl	Odido Netherlands B.V. (AS50266)	1
SECURITYSERVICES	Deutsche Telekom AG (AS3320)	3
awsdns-26.com	Exabytes Network Singapore Pte. Ltd. (AS38532)	1
myhostadmin.net	CTG Server Limited (AS152194)	2
SECURITYSERVICES	Alibaba US Technology Co., Ltd. (AS45102)	7
GOOGLE	Jump Networks Ltd (AS8943)	1
awsdns-39.org	AMAZON-02 (AS16509)	1
jami.net	OVH SAS (AS16276)	1
xundns.com	I LAYER LIMITED (AS137899)	2
dnspod.net	IT7NET (AS25820)	3
seq.cx	AMAZON-02 (AS16509)	1
ne.jp	NTT PC Communications, Inc. (AS2514)	1
com.br	Skymail Servicos de Computacao e Provimento de Inf (AS265262)	1
CLOUDFLARENET	AZT (AS53587)	1
co.jp	KAGOYA JAPAN Inc. (AS24282)	1
dns.com	AS-COLOCROSSING (AS36352)	1
Host Europe GmbH	MICROSOFT-CORP-MSN-AS-BLOCK (AS8075)	2
GANDI SAS	GANDI SAS (AS203476)	4
soveryapt.net	20i Limited (AS48254)	1
GANDI SAS	KEYYO SA (AS34659)	1
phase8.net	Register S.p.A. (AS39729)	2
msdj.net	Sony Network Communications Inc. (AS2527)	1
CLOUDFLARENET	Hydra Communications Ltd (AS25369)	1
or.jp	KAGOYA JAPAN Inc. (AS24282)	1
stablehost.com	SINGLEHOP-LLC (AS32475)	3
Domain names registrar REG.RU, Ltd	Ddos-guard Ltd (AS57724)	3
kasserver.com	Neue Medien Muennich GmbH (AS34788)	4
HURRICANE	Aussie Broadband (AS4764)	1
Hetzner Online GmbH	netcup GmbH (AS197540)	1
directnic.com	Cyprus Telecommunications Authority (AS6866)	1
swizzonic.ch	Cyberlink AG (AS15623)	1
Akamai International B.V.	Akamai International B.V. (AS213120)	1
Akamai International B.V.	NCUBE-OREGON-AS (AS1219)	1
hivelocity.net	HVC-AS (AS29802)	2
CLOUDFLARENET	WIIT AG (AS24961)	2
awsdns-23.org	Hetzner Online GmbH (AS24940)	1
ab stract ltd	FASTLY (AS54113)	1
SECURITYSERVICES	UUNET (AS701)	1
CLOUDFLARENET	RAMNODE (AS3842)	2
Hangzhou Alibaba Advertising Co.,Ltd.	Hangzhou Alibaba Advertising Co.,Ltd. (AS37963)	2
SECURITYSERVICES	OKKO LLC (AS211609)	1
NSONE	GOOGLE (AS15169)	3
IONOS SE	Host Europe GmbH (AS8972)	1
dnsexit.com	Contabo GmbH (AS51167)	1
SECURITYSERVICES	Salt Mobile SA (AS15796)	1
CLOUDFLARENET	AROSS-AS (AS400619)	4
cronos.be	Cronos NV (AS48638)	1
i7.ru	JSC RTComm.RU (AS8342)	1
xundns.com	MICROSOFT-CORP-MSN-AS-BLOCK (AS8075)	1
CLOUDFLARENET	Edgoo Networks Unipessoal Lda (AS50028)	1
myhostadmin.net	Cloudie Limited (AS55933)	6
markmonitor.com	HILTON-E (AS26529)	3
ab stract ltd	Digi Spain Telecom S.l. (AS57269)	1
AS-VULTR	HAWKHOST (AS20068)	3
SECURITYSERVICES	Scaleway S.a.s. (AS12876)	1
SECURITYSERVICES	IP-Projects GmbH & Co. KG (AS48314)	1
awsdns-04.net	AMAZON-02 (AS16509)	4
NSONE	DIGITALOCEAN-ASN (AS14061)	2
com.br	NETWORK-SOLUTIONS-HOSTING (AS19871)	1
easydns.ca	EDNS (AS16686)	3
basil.pw	Mythic Beasts Ltd (AS44684)	1
Knipp Medien und Kommunikation GmbH	EWE-Tel GmbH (AS9145)	1
NForce Entertainment B.V.	DIGITALOCEAN-ASN (AS14061)	4
iwantmyname.net	Krystal Hosting Ltd (AS12488)	1
NForce Entertainment B.V.	Aruba S.p.A. (AS31034)	2
myhostadmin.net	CHINANET Liaoning province Dalian MAN network (AS134762)	1
ab stract ltd	BLNWX (AS399629)	2
Akamai International B.V.	Akamai International B.V. (AS20940)	3
1h.cx	SiteGround Hosting EOOD (AS200450)	1
mccormick.cx	PRGMR (AS47066)	2
CLOUDFLARENET	Len Service SRL (AS215026)	1
gzo.com	ATT-INTERNET4 (AS7018)	1
akashield.net	Safenames Ltd. (AS60819)	1
SECURITYSERVICES	LEASEWEB SINGAPORE PTE. LTD. (AS59253)	4
iwantmyname.com	Cloudflare London, LLC (AS209242)	1
HURRICANE	Enix Ltd (AS52148)	1
dnspod.net	GOOGLE-CLOUD-PLATFORM (AS396982)	1
SECURITYSERVICES	X4B DDoS Protected Announcements (AS136165)	1
zns-53.com	ZOHO-AS (AS2639)	1
limitlesshost.net	OVH SAS (AS16276)	1
awsdns-02.com	GOOGLE (AS15169)	1
SECURITYSERVICES	IP Volume inc (AS202425)	2
zoneedit.com	Internode Pty Ltd (AS4739)	2
ab stract ltd	SPARKED (AS397032)	1
lpr.ch	Datawire Ag (AS48971)	1
G-Core Labs S.A.	LUOGELANG FRANCE LIMITED (AS142286)	3
myhostadmin.net	UNIFIEDLAYER-AS-1 (AS46606)	2
alexhost.com	INCAPSULA (AS19551)	1
anycastdns.cz	Gransy s.r.o. (AS60592)	1
myhostadmin.net	ANTI-DDOS (AS35251)	1
rxtx.cx	OVH SAS (AS16276)	1
webmasters.com	OVH SAS (AS16276)	2
EDNS	EDNS (AS16686)	2
CLOUDFLARENET	Superloop (AS38195)	1
GOOGLE	Signet B.V. (AS20857)	1
gransy.com	CASABLANCA INT a.s. (AS15685)	1
CLOUDFLARENET	RENDER (AS397273)	3
awsdns-00.net	AMAZON-02 (AS16509)	1
ab stract ltd	Akamai Connected Cloud (AS63949)	3
awsdns-38.net	AMAZON-02 (AS16509)	1
CLOUDFLARENET	HDTIDC LIMITED (AS136038)	2
CLOUDFLARENET	TELUS Communications (AS852)	1
awsdns-15.net	AMAZON-02 (AS16509)	2
dnsimple.com	DIGITALOCEAN-ASN (AS14061)	1
keck.cx	FRONTIER-FRTR (AS5650)	1
awsdns-03.net	RACKSPACE (AS19994)	1
wwe.com	AMAZON-AES (AS14618)	1
msdj.net	SAKURA Internet Inc. (AS9371)	1
aftermarket.com	AMAZON-02 (AS16509)	2
CLOUDFLARENET	Atomic-AS (AS328266)	1
CLOUDFLARENET	Individual Network Berlin (IN-Berlin) e.V. (AS29670)	2
Knipp Medien und Kommunikation GmbH	IONOS SE (AS8560)	2
trytebox.com	NAMECHEAP-NET (AS22612)	1
IONOS SE	ODN OnlineDienst Nordbayern GmbH & Co. KG (AS12348)	1
awsdns-09.com	AMAZON-02 (AS16509)	3
ab stract ltd	LeaseWeb Netherlands B.V. (AS60781)	1
3lp.cx	Free SAS (AS12322)	1
Knipp Medien und Kommunikation GmbH	Internet Vikings International AB (AS51747)	1
domeny.tv	Dataspace P.s.a. (AS50599)	1
myhostadmin.net	High Family Technology Co., Limited (AS142032)	2
forpsi.cz	MasterDC s.r.o. (AS24971)	1
safebrands.com	AMAZON-02 (AS16509)	1
one.com	Cloudflare London, LLC (AS209242)	1
cellos.cx	British Telecommunications PLC (AS6871)	1
awsdns-09.org	COMCAST-7922 (AS7922)	1
trueserver.nl	TrueFullstaq B.V. (AS15703)	1
wyatt.cx	IONOS SE (AS8560)	1
idles.org	Hetzner Online GmbH (AS24940)	1
safenames.com	AMAZON-02 (AS16509)	1
webspace-verkauf.de	dogado GmbH (AS8648)	1
hostwindsdns.com	HOSTWINDS (AS54290)	1
loopiagroup.com	Loopia AB (AS41528)	1
haleserver.com	Contabo GmbH (AS51167)	1
myhostadmin.net	SHARKTECH (AS46844)	2
amzndns.com	AMAZON-02 (AS16509)	1
CLOUDFLARENET	MYTEK TRADING PTY LTD (AS132825)	1
CLOUDFLARENET	High5! B.V. (AS60131)	1
NForce Entertainment B.V.	CLOUDFLARENET (AS13335)	1
superhosting.bg	SuperHosting.BG Ltd. (AS201200)	2
SECURITYSERVICES	Hostup AB (AS214640)	1
BUNNYWAY, informacijske storitve d.o.o.	Scaleway S.a.s. (AS12876)	1
mydns.jp	KDDI CORPORATION (AS2516)	1
awsdns-10.org	AMAZON-02 (AS16509)	1
rightsdns.com	MICROSOFT-CORP-MSN-AS-BLOCK (AS8075)	1
awsdns-09.org	GOOGLE (AS15169)	1
solnet.ch	BSE Software GmbH (AS9044)	1
CLOUDFLARENET	ESTOXY OU (AS3920)	2
awsdns-04.com	AMAZON-02 (AS16509)	1
ORACLE-BMC-31898	DIGITALOCEAN-ASN (AS14061)	1
awsdns-02.org	GOOGLE-CLOUD-PLATFORM (AS396982)	1
x0.cx	Hetzner Online GmbH (AS24940)	1
myhostadmin.net	CHINA UNICOM China169 Backbone (AS4837)	1
NForce Entertainment B.V.	Hetzner Online GmbH (AS24940)	5
awsdns-14.net	COGENT-174 (AS174)	1
register.it	Register S.p.A. (AS39729)	3
BUNNYWAY, informacijske storitve d.o.o.	StormWall s.r.o. (AS59796)	2
anw.at	Contabo GmbH (AS51167)	1
greatnet.de	EVANZO e-commerce GmbH (AS42730)	1
one.com	dogado GmbH (AS47215)	1
NUCDN	OVH SAS (AS16276)	1
linecorp.com	LINE Corporation (AS38631)	1
awsdns-21.net	AMAZON-AES (AS14618)	1
awsdns-05.org	AMAZON-02 (AS16509)	3
NetActuate, Inc	HOSTHATCH (AS63473)	2
CLOUDFLARENET	Nowo Communications, S.A. (AS13156)	1
CLOUDFLARENET	Podaon SIA (AS211381)	1
dnssrv.nl	LeaseWeb Netherlands B.V. (AS60781)	1
Hetzner Online GmbH	VMISS (AS967)	1
omnis.com	OMNIS (AS19237)	1
awsdns-16.com	AMAZON-02 (AS16509)	1
Hangzhou Alibaba Advertising Co.,Ltd.	IT7NET (AS25820)	3
Domain names registrar REG.RU, Ltd	Yandex.Cloud LLC (AS200350)	1
aeserver.com	Bamboozle Web Services MEA FZ-LLC (AS200851)	1
hostmetro.com	SERVERCENTRAL (AS23352)	1
globvill.de	Global Village GmbH (AS13039)	1
myhostadmin.net	Chinanet (AS4134)	3
dnspod.net	AS-COLOCROSSING (AS36352)	1
NSONE	CLOUDFLARENET (AS13335)	2
netflix.net	AMAZON-02 (AS16509)	1
oneplusone.ch	Hetzner Online GmbH (AS24940)	1
MICROSOFT-CORP-MSN-AS-BLOCK	DIGITALOCEAN-ASN (AS14061)	1
frc.cx	Access2.IT Group B.V. (AS208258)	1
ORACLE-BMC-31898	GO-DADDY-COM-LLC (AS398787)	1
danego.net	DIGITALOCEAN-ASN (AS14061)	1
CLOUDFLARENET	IPXO (AS834)	1
myhostadmin.net	HONG KONG KOWLOON TELECOMMUNICATIONS CO.,LIMITED (AS135357)	1
ventohost.com	IHNET (AS33494)	2
hostgator.com	UNIFIEDLAYER-AS-1 (AS46606)	4
awsdns-01.org	AMAZON-02 (AS16509)	2
SECURITYSERVICES	Studentersamfundet i Trondhjem (AS58302)	1
CLOUDFLARENET	GMO Internet Group, Inc. (AS58791)	2
ab stract ltd	Fredrik Holmqvist (AS33837)	1
preview.cx	NAMECHEAP-NET (AS22612)	1
hostmail.com	DCT-ASN (AS6547)	1
south.cx	Node4 Limited (AS31727)	1
domainoo.fr	Planet Service SARL (AS61168)	1
rightsdns.com	AMAZON-02 (AS16509)	2
CLOUDFLARENET	KPN B.V. (AS1136)	1
SECURITYSERVICES	AnschlussWerk GmbH (AS31317)	1
onamae-expired.com	GMO Internet Group, Inc. (AS7506)	1
myhostadmin.net	FD-298-8796 (AS8796)	2
CLOUDFLARENET	ArtX LLC (AS20985)	1
SECURITYSERVICES	Yandex.Cloud LLC (AS200350)	1
mailkit.eu	CASABLANCA INT a.s. (AS15685)	1
Domain names registrar REG.RU, Ltd	Cloudflare London, LLC (AS209242)	2
co.uk	GOOGLE (AS15169)	1
zoneedit.com	AMAZON-02 (AS16509)	1
domainsure.com	AMAZON-AES (AS14618)	1
aeserver.com	Leaseweb Deutschland GmbH (AS28753)	1
myhostadmin.net	Kaopu Cloud HK Limited (AS138915)	1
ab stract ltd	Datacamp Limited (AS60068)	3
cloudns.net	NTT PC Communications, Inc. (AS2514)	1
sourcecom.se	Bahnhof AB (AS8473)	1
AMAZON-02	GOOGLE-CLOUD-PLATFORM (AS396982)	6
SECURITYSERVICES	SQUARESPACE (AS53831)	6
Hangzhou Alibaba Advertising Co.,Ltd.	Tencent Building, Kejizhongyi Avenue (AS132203)	1
awsdns-10.com	AMAZON-02 (AS16509)	2
GANDI SAS	Octopuce s.a.r.l. (AS28855)	1
servidoresdns.net	IONOS SE (AS8560)	1
cargo.site	AMAZON-AES (AS14618)	1
SECURITYSERVICES	M247 Europe SRL (AS9009)	2
second-ns.com	Vodafone GmbH (AS3209)	1
ORACLE-BMC-31898	GITHUB (AS36459)	1
ignum.com	Webglobe, s.r.o. (AS29134)	1
dinahosting.com	DinaHosting S.L. (AS42612)	1
HURRICANE	CLOUDFLARENET (AS13335)	1
BIZLAND-SD	GMO Internet Group, Inc. (AS7506)	1
Advania Island ehf	Tencent Building, Kejizhongyi Avenue (AS132203)	1
CLOUDFLARENET	FIBERLINK Sp. z o.o. (AS50767)	1
CLOUDFLARENET	HostUS (AS7489)	1
SECURITYSERVICES	NETWORK-SOLUTIONS-HOSTING (AS19871)	1
NetActuate, Inc	Blacknight Internet Solutions Limited (AS39122)	1
boxed-it.com	Boxed IT Ltd. (AS50156)	1
CLOUDFLARENET	TEKSAVVY (AS5645)	1
bigcommerce.com	BIGCOMMERCE (AS399566)	1
f5clouddns.com	LIQUIDWEB (AS32244)	1
iwantmyname.net	Hetzner Online GmbH (AS24940)	1
CLOUDFLARENET	nexserv GmbH (AS200482)	1
emirates.com	GOOGLE-CLOUD-PLATFORM (AS396982)	1
myhostadmin.net	Diginext Group Joint Stock Company (AS150854)	1
kagoya.net	KAGOYA JAPAN Inc. (AS24282)	1
discountasp.net	HOSTCOLLECTIVE (AS14415)	1
Knipp Medien und Kommunikation GmbH	Vodafone GmbH (AS3209)	2
AMAZON-02	AS-COLOCROSSING (AS36352)	1
CLOUDFLARENET	Datacamp Limited (AS212238)	1
gangloff.cx	OVH SAS (AS16276)	1
muumuu-domain.com	IDC Frontier Inc. (AS4694)	2
awsdns-12.org	Ans Academy Limited (AS61323)	1
CLOUDFLARENET	Rostelecom (AS12389)	2
afraid.org	Maxnet (AS43171)	1
CLOUDFLARENET	K Media Tech Ltd. (AS210250)	1
cloudns.net	UpCloud Ltd (AS202053)	1
iwantmyname.net	GOOGLE-CLOUD-PLATFORM (AS396982)	1
ihostnepal.com	WHG Hosting Services Ltd (AS199404)	1
nadns1.com	Nameshield SAS (AS20756)	2
Hostpoint AG	Hostpoint AG (AS29097)	4
jimdo.com	AMAZON-02 (AS16509)	1
awsdns-06.org	15347 (AS15347)	1
interweps.nl	Signet B.V. (AS20857)	1
heteml.jp	GMO Internet Group, Inc. (AS7506)	2
awsdns-29.com	COMCAST-7922 (AS7922)	1
cloudns.net	COLT Technology Services Group Limited (AS8220)	1
awsdns-13.org	AMAZON-02 (AS16509)	2
AS-VULTR	LEASEWEB HONG KONG LIMITED (AS133752)	1
site4now.net	SHARKTECH (AS46844)	1
xttel.com	PONYNET (AS53667)	1
winsons.net	AMAZON-02 (AS16509)	2
dnsvisa.com	CLOUDFLARENET (AS13335)	2
hscsc.de	Consultix GmbH (AS31055)	2
awsdns-33.net	AMAZON-AES (AS14618)	1
joker.com	IONOS SE (AS8560)	2
GOOGLE	GOOGLE (AS15169)	1
cisco.com	GOOGLE-CLOUD-PLATFORM (AS396982)	1
SECURITYSERVICES	AllPoints Fibre Networks Limited (AS198440)	1
webnames.ca	COGECO-PEER1 (AS13768)	1
SECURITYSERVICES	Scloud Pte Ltd (AS142002)	1
CLOUDFLARENET	Hetzner Online GmbH (AS213230)	3
fiery.cx	LINVEO-LLC (AS62564)	1
cloudns.net	Korea Telecom (AS4766)	1
ab stract ltd	1337 Services GmbH (AS210558)	1
nine.ch	Nine Internet Solutions AG (AS29691)	1
cloudns.net	WEDOS Internet, a.s. (AS197019)	1
myhostadmin.net	I LAYER LIMITED (AS137899)	4
creomail.com	Akamai Connected Cloud (AS63949)	2
GOOGLE	MICROSOFT-CORP-MSN-AS-BLOCK (AS8075)	1
CLOUDFLARENET	Serva One Ltd (AS199058)	1
awsdns-19.com	AMAZON-02 (AS16509)	2
OVH SAS	Free SAS (AS12322)	1
awsdns-07.com	AMAZON-02 (AS16509)	1
CLOUDFLARENET	INMOTION (AS22611)	1
SECURITYSERVICES	ORACLE-BMC-31898 (AS31898)	4
netjust.com	Host SpA (AS47242)	1
CLOUDFLARENET	Stadtnetz Bamberg Gesellschaft fuer Telekommunikation mbH (AS198570)	1
SECURITYSERVICES	Itglobal.com Nl B.v. (AS208951)	1
CLOUDFLARENET	Virgin Media (AS5089)	1
federal.cx	AS-COLOCROSSING (AS36352)	1
my-ndns.com	SHARKTECH (AS46844)	1
ibspark.com	Team Internet AG (AS61969)	1
idvdns.com	AS-COLOCROSSING (AS36352)	1
bearingpoint.com	MICROSOFT-CORP-MSN-AS-BLOCK (AS8075)	1
sendinblue.com	AMAZON-02 (AS16509)	1
CLOUDFLARENET	VH Global Limited (AS42960)	3
ORACLE-BMC-31898	AS-26496-GO-DADDY-COM-LLC (AS26496)	1
CLOUDFLARENET	A2HOSTING (AS55293)	1
GANDI SAS	FASTLY (AS54113)	3
afraid.org	comtrance service GmbH (AS30962)	1
hostgator.mx	NETWORK-SOLUTIONS-HOSTING (AS19871)	2
safe-networks.net	Net Solutions - Consultoria Em Tecnologias De Informacao, Sociedade Unipessoal LDA (AS47674)	1
ORACLE-BMC-31898	Hetzner Online GmbH (AS24940)	2
aasen.cx	Sognenett AS (AS31169)	1
AMAZON-02	SunnyVision Limited (AS38478)	1
SECURITYSERVICES	WINDSTREAM (AS7029)	1
warnerbros.com	AMAZON-02 (AS16509)	2
NetActuate, Inc	GO p.l.c. (AS15735)	1
hosttech.at	GOOGLE (AS15169)	1
co.uk	ServerHouse Ltd (AS21472)	1
srv53.net	OVH SAS (AS16276)	2
machsol.com	MachCloud B.V. (AS39146)	1
awsdns-00.org	AMAZON-AES (AS14618)	1
CLOUDFLARENET	Team Internet AG (AS61969)	1
phase8.net	Combell NV (AS34762)	1
inhostedns.com	Hosting Ukraine LTD (AS200000)	2
morrow.cx	British Telecommunications PLC (AS6871)	1
dnspod.net	High Family Technology Co., Limited (AS142032)	1
SECURITYSERVICES	IQ PL Sp. z o.o. (AS47544)	1
wedos.com	WEDOS Internet, a.s. (AS197019)	1
is-fun.net	TelemaxX Telekommunikation GmbH (AS12843)	1
Dreamscape Networks Limited	MICROSOFT-CORP-MSN-AS-BLOCK (AS8075)	1
Host Europe GmbH	AS-26496-GO-DADDY-COM-LLC (AS26496)	1
osirisra.com	Hetzner Online GmbH (AS24940)	1
amenworld.com	Register S.p.A. (AS39729)	1
lexsynergy.info	Akamai Connected Cloud (AS63949)	1
ipcom GmbH	Wieske's Crew GmbH (AS13135)	1
iwantmyname.net	DIGITALOCEAN-ASN (AS14061)	2
CLOUDFLARENET	ML-1432-54994 (AS54994)	1
dnspod.com	N963 PTE. LTD. (AS963)	2
ORACLE-BMC-31898	GOOGLE-CLOUD-PLATFORM (AS396982)	1
kaz.host	OPUS-INTERACTIVE-HIO1 (AS14380)	1
site.be	Bastiaan Mathijs Brink (AS215248)	1
Host Europe GmbH	GOOGLE-CLOUD-PLATFORM (AS396982)	2
boltactionhosting.com	Akamai Connected Cloud (AS63949)	1
CLOUDFLARENET	HD-decor Oy (AS213468)	1
OVH SAS	Eurofiber France SAS (AS35625)	1
ipcom GmbH	IONOS SE (AS8560)	1
GOOGLE	Rage4 Networks Limited (AS198412)	1
webhotellit.com	Planeetta Internet Oy (AS58003)	1
yourhosting.eu	AMAZON-02 (AS16509)	1
Akamai International B.V.	MASTER-7-AS (AS26380)	1
second-ns.com	Hetzner Online GmbH (AS24940)	7
OVH SAS	Scaleway S.a.s. (AS12876)	2
awsdns-10.net	AMAZON-02 (AS16509)	1
one.com	UNIFIEDLAYER-AS-1 (AS46606)	3
mwebdns.de	GOOGLE-CLOUD-PLATFORM (AS396982)	1
mythic-beasts.com	Iomart Cloud Services Limited (AS20860)	1
CLOUDFLARENET	Solar Communications GmbH (AS197988)	1
afraid.org	Play (AS9141)	1
pfak.org	Hetzner Online GmbH (AS212317)	1
com.tw	Taiwan Fixed Network, Telco and Network Service Provider. (AS9924)	3
freename.com	AMAZON-AES (AS14618)	1
SECURITYSERVICES	IQWeb FZ-LLC (AS59692)	1
abecx.net	AS40676 (AS40676)	1
nsroot1.com	CSC (AS19574)	1
co.uk	Hetzner Online GmbH (AS24940)	1
qhoster.net	RELIABLESITE (AS23470)	2
damm-software.com	ScaleUp Technologies GmbH & Co. KG (AS29014)	1
awsdns-06.org	AMAZON-02 (AS16509)	2
6dns.com	DIGITALOCEAN-ASN (AS14061)	1
myhostadmin.net	KAGOYA JAPAN Inc. (AS24282)	1
GOOGLE	AMAZON-02 (AS16509)	2
huaweicloud-dns.cn	Contabo GmbH (AS51167)	1
com.au	IPNG (AS38220)	1
HURRICANE	ORACLE-BMC-31898 (AS31898)	1
sms.cx	Hetzner Online GmbH (AS24940)	1
core-networks.com	M-net Telekommunikations GmbH (AS8767)	1
dotnice.asia	AMAZON-02 (AS16509)	1
xv.cx	intercolo GmbH (AS57433)	1
EPIK-LLC	Deutsche Telekom AG (AS3320)	1
myhostadmin.net	OVH SAS (AS16276)	1
afraid.org	TWC-10796-MIDWEST (AS10796)	1
Knipp Medien und Kommunikation GmbH	uvensys GmbH (AS58010)	1
michinoku.com	SAKURA Internet Inc. (AS7684)	1
hldns.com	COGENT-174 (AS174)	2
awsdns-21.org	AUTOMATTIC (AS2635)	1
star-domain.jp	Xserver Inc. (AS131965)	1
myhostadmin.net	UCLOUD INFORMATION TECHNOLOGY HK LIMITED (AS135377)	2
o2switch.net	O2switch SAS (AS50474)	2
MICROSOFT-CORP-MSN-AS-BLOCK	P.a.g.m. Ou (AS198068)	1
n5q.de	Vautron Rechenzentrum AG (AS25504)	2
supremedns.com	Belcloud LTD (AS44901)	1
drei.host	Hutchison Drei Austria GmbH (AS8437)	1
CLOUDFLARENET	xTom Japan Corporation (AS3258)	1
CLOUDFLARENET	PVimpelCom (AS8402)	1
CLOUDFLARENET	Chinanet (AS4134)	1
packetframe.com	FASTLY (AS54113)	2
SECURITYSERVICES	Cablenett Limited (AS11947)	1
allweb.se	Mediateknik i Varberg AB (AS48803)	1
rimuhosting.com	AS17378 (AS17378)	1
Akamai International B.V.	AMAZON-02 (AS16509)	2
GOOGLE	CLOUDFLARENET (AS13335)	2
accenture.com	Cloudflare London, LLC (AS209242)	1
CLOUDFLARENET	ASN-FLEXENTIAL (AS13649)	1
rapidns.com	Web Werks India Pvt. Ltd. (AS133296)	1
SECURITYSERVICES	PTGSERVICES (AS397898)	1
SECURITYSERVICES	Scalaxy B.V. (AS58061)	1
SECURITYSERVICES	Solar Communications GmbH (AS197988)	1
myhostadmin.net	LUCIDACLOUD LIMITED (AS139659)	2
zxcs.be	AMAZON-02 (AS16509)	1
domainking.cloud	GMO GlobalSign Holdings K.K. (AS131921)	1
afraid.org	EVANZO e-commerce GmbH (AS42730)	1
mulej.net	Hetzner Online GmbH (AS24940)	1
cad.cx	FASTLY (AS54113)	1
everscale-dns.com	kyberio GmbH (AS24679)	1
1984.is	PONYNET (AS53667)	1
constellix.com	ACE (AS139341)	2
CLOUDFLARENET	Enflow B.V. (AS209626)	2
GANDI SAS	GOOGLE-CLOUD-PLATFORM (AS396982)	1
CLOUDFLARENET	cyon GmbH (AS47302)	1
rightsdns.com	GOOGLE-CLOUD-PLATFORM (AS396982)	1
afraid.org	ENERT (AS10351)	1
hosterion.com	SQUARESPACE (AS53831)	1
SECURITYSERVICES	Terrakom d.o.o. (AS34362)	1
redo.cx	AMAZON-02 (AS16509)	1
bosch.de	Robert Bosch Gesellschaft mit Beschraenkter Haftung (AS9183)	1
Knipp Medien und Kommunikation GmbH	netcup GmbH (AS197540)	3
gringo.cz	Coolhousing s.r.o. (AS35592)	1
ACTIVE 24, s.r.o.	CASABLANCA INT a.s. (AS15685)	1
Host Europe GmbH	GO-DADDY-COM-LLC (AS398101)	1
Advania Island ehf	dus.net GmbH (AS40999)	1
ssc.net	IP Group AS (AS16186)	1
nsentry.de	PlusServer GmbH (AS61157)	1
linode.com	Vocus Cloud Services Australia (AS9714)	1
spanto.net	Hetzner Online GmbH (AS24940)	2
SECURITYSERVICES	Cloud Himalaya Pvt Ltd (AS135337)	1
ab stract ltd	Individual Network Berlin (IN-Berlin) e.V. (AS29670)	1
xundns.com	LUOGELANG FRANCE LIMITED (AS142286)	1
SECURITYSERVICES	SiteHost New Zealand (AS45179)	1
sazito.com	Insightometrics B.V. (AS41227)	1
prxy.net	AMAZON-02 (AS16509)	1
ab stract ltd	BrainStorm Network, Inc (AS136258)	1
rootdns.de	Frieder Mueller (AS201222)	1
SECURITYSERVICES	Vodafone GmbH (AS3209)	2
one.com	TURNKEY-INTERNET (AS40244)	1
home.pl	home.pl S.A. (AS12824)	1
CLOUDFLARENET	ESTRUXTURE-QC-10929 (AS10929)	1
lunablue.cx	HON-ASN (AS397391)	2
SECURITYSERVICES	AS-WHOLESAIL (AS20055)	1
hi7.de	noris network AG (AS12337)	2
markmonitor.com	ASHLANDFIBERNETWORK (AS14188)	1
lf.cx	Surfplanet GmbH (AS33984)	1
AMAZON-02	Afrihost (AS37611)	1
flashdance.cx	Obehosting AB (AS42675)	1
squadhelp.com	AMAZON-AES (AS14618)	3
myhostadmin.net	YISU CLOUD LTD (AS142403)	1
uncyclomedia.org	ESTRUXTURE-QC-10929 (AS10929)	1
SECURITYSERVICES	Tilda Publishing Ltd. (AS205282)	1
nfoservers.com	NUCLEARFALLOUT-SEA (AS32751)	1
Knipp Medien und Kommunikation GmbH	SQUARESPACE (AS53831)	1
xundns.com	HostRoyale Technologies Pvt Ltd (AS203020)	1
CLOUDFLARENET	SAKURA Internet Inc. (AS7684)	1
odrdns.eu	Uniserver Internet B.V. (AS31673)	1
domainoffensive.de	Hetzner Online GmbH (AS24940)	1
dynu.com	FRONTIER-FRTR (AS5650)	1
SECURITYSERVICES	SHARKTECH (AS46844)	1
CLOUDFLARENET	Shenzhen Tencent Computer Systems Company Limited (AS45090)	2
EDNS	BIZLAND-SD (AS29873)	1
bc.cx	CIPHERKEY (AS25668)	1
CLOUDFLARENET	GANDI SAS (AS29169)	1
or.jp	GMO Internet Group, Inc. (AS7506)	1
mordac.de	Host Europe GmbH (AS20773)	1
rapifyserver.com	PERFORMIVE (AS46562)	1
hostns.io	Enix Ltd (AS52148)	1
SECURITYSERVICES	NWF-LOCALTEL-ASN-1 (AS13370)	1
MICROSOFT-CORP-MSN-AS-BLOCK	Iomart Cloud Services Limited (AS20860)	1
resellerinterface.de	Keyweb AG (AS31103)	1
3dbaremetalcloud.com	IOFLOOD (AS53755)	1
simply.com	team.blue Denmark A/S (AS48854)	2
awsdns-30.net	Hetzner Online GmbH (AS24940)	1
active24.cz	ACTIVE 24, s.r.o. (AS25234)	1
CLOUDFLARENET	Panamaserver.com (AS52284)	1
CLOUDFLARENET	CNSERVERS (AS40065)	2
net.br	SQUARESPACE (AS53831)	1
nixihost.com	NIXIHOST (AS46505)	2
myhostadmin.net	VPSOR-GLOBAL (AS138538)	2
GOOGLE	DIGITALOCEAN-ASN (AS14061)	1
Host Europe GmbH	Host Europe GmbH (AS8972)	3
1und1.de	IONOS SE (AS8560)	1
CLOUDFLARENET	Xserver Inc. (AS131965)	1
SECURITYSERVICES	Orange (AS3215)	1
net.au	Aussie Broadband (AS4764)	1
CLOUDFLARENET	velia.net Internetdienste GmbH (AS29066)	1
SECURITYSERVICES	IONOS SE (AS8560)	2
awsdns-06.com	AMAZON-02 (AS16509)	2
CLOUDFLARENET	SHOCK-1 (AS395092)	1
ab stract ltd	Green Floid LLC (AS204957)	1
CLOUDFLARENET	IQWeb FZ-LLC (AS59692)	1
ipcom GmbH	Strato GmbH (AS6724)	1
ORACLE-BMC-31898	T-Mobile Austria GmbH (AS8412)	1
OVH SAS	Wix.com Ltd. (AS58182)	1
SERVERSTACK-ASN	SERVERSTACK-ASN (AS46652)	3
SECURITYSERVICES	Free SAS (AS12322)	1
schoettker.eu	ScaleUp Technologies GmbH & Co. KG (AS29014)	2
CLOUDFLARENET	Vectra S.A. (AS29314)	1
awsdns-05.org	AMAZON-AES (AS14618)	1
yandex.net	TimeWeb LLC (AS9123)	1
SECURITYSERVICES	CENTURYLINK-US-LEGACY-QWEST (AS209)	2
bwsdns01.de	Equinix (Germany) GmbH (AS24989)	1
callisto-digital.net	DIGITALOCEAN-ASN (AS14061)	1
mailcomms.net	AMAZON-02 (AS16509)	1
SECURITYSERVICES	webgo GmbH (AS48324)	1
nameshield.net	AMAZON-02 (AS16509)	1
ipcom GmbH	uvensys GmbH (AS58010)	1
SECURITYSERVICES	Domain names registrar REG.RU, Ltd (AS197695)	1
CLOUDFLARENET	CTELCO (AS13977)	1
SECURITYSERVICES	ATLANTICBB-JOHNSTOWN (AS11776)	1
zenbox.pl	MICROSOFT-CORP-MSN-AS-BLOCK (AS8075)	1
statemachine.net	DIGITALOCEAN-ASN (AS14061)	1
SECURITYSERVICES	20i Limited (AS48254)	1
timeweb.org	TimeWeb LLC (AS9123)	1
awsdns-20.org	Cloudflare London, LLC (AS209242)	1
CLOUDFLARENET	Wildcard UK Limited (AS34119)	1
awsdns-26.com	GOOGLE-CLOUD-PLATFORM (AS396982)	1
cifrid.net	Hetzner Online GmbH (AS24940)	1
blueboard.cz	AMAZON-02 (AS16509)	1
hostserv.eu	Monzoon Networks AG (AS24889)	1
dnsiaas.com	velia.net Internetdienste GmbH (AS29066)	1
opalstack.com	Leaseweb Deutschland GmbH (AS28753)	1
ORACLE-BMC-31898	SQUARESPACE (AS53831)	1
MICROSOFT-CORP-MSN-AS-BLOCK	SYNERGY WHOLESALE PTY LTD (AS45638)	1
SECURITYSERVICES	VIDEOTRON (AS5769)	1
GOOGLE	LEASEWEB SINGAPORE PTE. LTD. (AS59253)	1
yxy.cx	Exa Bytes Network Sdn.Bhd. (AS46015)	1
nsdns.info	Pixel X e.K. (AS60380)	1
awsdns-22.org	AMAZON-02 (AS16509)	1
AS-VULTR	HURRICANE (AS6939)	3
ORACLE-BMC-31898	CAT Telecom Public Company Limited (AS9335)	1
8hy.cn	CommuniLink Internet Limited. (AS38277)	1
awsdns-02.com	AMAZON-AES (AS14618)	1
jw.is	WIIT AG (AS24961)	1
garner.cx	Akamai Connected Cloud (AS63949)	1
SECURITYSERVICES	IWEB-AS (AS32613)	1
CLOUDFLARENET	Scloud Pte Ltd (AS142002)	1
CLOUDFLARENET	IncogNET LLC (AS210630)	1
SECURITYSERVICES	GNA-CORP-GENWORTH-FINANCIAL (AS22711)	1
VITAL-DNS	HKT Limited (AS4760)	1
CLOUDFLARENET	QUICKPACKET (AS46261)	1
G-Core Labs S.A.	PEG-HK (AS398478)	1
ns01.nl	Intention B.V. (AS207647)	2
GANDI SAS	METANET AG (AS21069)	1
luadns.net	FASTLY (AS54113)	1
CLOUDFLARENET	Webico Company Limited (AS135951)	1
CLOUDFLARENET	JWE S.a r.l. (AS34655)	2
ab stract ltd	Alexhost Srl (AS200019)	1
awsdns-08.com	AMAZON-02 (AS16509)	1
dnssocket.net	NorthC Deutschland GmbH (AS15598)	1
afraid.org	Hetzner Online GmbH (AS24940)	1
myhostadmin.net	xTom Japan Corporation (AS3258)	1
myhostadmin.net	HK AISI CLOUD COMPUTING LIMITED (AS132813)	1
mydevil.net	Atman Sp. z o.o. (AS57367)	1
s-bit.net	HAWAIIAN-TELCOM (AS36149)	1
directadminhostserver.com	Exa Bytes Network Sdn.Bhd. (AS46015)	1
lithiumdns.net	OVH SAS (AS16276)	1
SECURITYSERVICES	Partner Hosting LTD (AS215826)	1
dns.com	FEDERAL-ONLINE-GROUP-LLC (AS395776)	1
abartpro.net	HITME.PL (AS50840)	1
CLOUDFLARENET	IP-Projects GmbH & Co. KG (AS48314)	1
name-services.com	RACKSPACE (AS27357)	1
SECURITYSERVICES	LEASEWEB-USA-PHX (AS19148)	1
server-cpanel.com	WHG Hosting Services Ltd (AS216180)	1
CLOUDFLARENET	Amarutu Technology Ltd (AS206264)	2
iwn.fi	Easylinehost Finland Oy (AS29132)	1
CLOUDFLARENET	Salt Mobile SA (AS15796)	1
classicweb.com	GTT Communications Inc. (AS3257)	1
CLOUDFLARENET	DMIT (AS906)	1
one.com	M247 Europe SRL (AS9009)	1
CLOUDFLARENET	Virgo Communication Ltd (AS58945)	1
awsdns-25.org	AMAZON-02 (AS16509)	1
ORACLE-BMC-31898	BACOM (AS577)	1
dnsip.com	POWER LINE DATACENTER (AS132839)	3
myhostadmin.net	MULTA-ASN1 (AS35916)	2
nsdns.info	DIGITALOCEAN-ASN (AS14061)	1
ORACLE-BMC-31898	AS-WHOLESAIL (AS20055)	1
zonomi.com	AS-VULTR (AS20473)	1
ab stract ltd	1984 ehf (AS44925)	1
wpx.net	K Media Tech Ltd. (AS210250)	1
CLOUDFLARENET	Tencent Building, Kejizhongyi Avenue (AS132203)	3
toringi.net	Freistaat Thueringen (AS196870)	1
edge.network	Voxility LLP (AS3223)	1
espace.cx	Odido Netherlands B.V. (AS50266)	1
CLOUDFLARENET	Nebulex Pty Ltd (AS134203)	1
CLOUDFLARENET	Newserverlife LLC (AS49791)	1
net.au	Wholesale Services Provider (AS45671)	1
CLOUDFLARENET	AS3800 (AS3800)	1
DIGICERT	SOFTLAYER (AS36351)	1
CLOUDFLARENET	UUNET (AS701)	3
ab stract ltd	HURRICANE (AS6939)	1
CLOUDFLARENET	NexonHost Srl (AS62390)	1
ORACLE-BMC-31898	Sunrise GmbH (AS6730)	1
safesecureweb.com	Hetzner Online GmbH (AS213230)	1
ab stract ltd	YouFibre Limited (AS212655)	1
CLOUDFLARENET	PRGMR (AS47066)	1
privatesystems.net	PRIVATESYSTEMS (AS63410)	1
ss-servers.info	TOKAI Communications Corporation (AS10010)	1
dnspod.net	ORACLE-BMC-31898 (AS31898)	1
c2h.at	Hetzner Online GmbH (AS24940)	1
awsdns-27.net	AMAZON-02 (AS16509)	1
llndm.de	Keyweb AG (AS31103)	1
Hangzhou Alibaba Advertising Co.,Ltd.	China Telecom (AS151185)	1
DIGICERT	DIGICERT (AS16552)	2
loopia.se	Tele2 SWIPnet (AS1257)	1
hexon-is.nl	Tilaa B.V. (AS196752)	1
myhostadmin.net	CAMPLINK (AS62976)	1
domaintechnik.at	Ledl.net GmbH (AS25575)	1
cloudns.net	GOOGLE (AS15169)	1
Signet B.V.	aurologic GmbH (AS30823)	1
hwrn.net	GOOGLE-CLOUD-PLATFORM (AS396982)	1
CLOUDFLARENET	Hangzhou Alibaba Advertising Co.,Ltd. (AS37963)	1
aftermarket.hosting	AS48707 OPS PL sp. z o.o. (AS48707)	1
Domain names registrar REG.RU, Ltd	JSC IOT (AS29182)	1
myhostadmin.net	SonderCloud Limited (AS133199)	1
awsdns-00.com	CLOUDFLARENET (AS13335)	1
centynova.com	TOTAL PLAY TELECOMUNICACIONES SA DE CV (AS22884)	1
NForce Entertainment B.V.	LeaseWeb Netherlands B.V. (AS60781)	1
CLOUDFLARENET	369 IntoNet Limited (AS214785)	1
ORACLE-BMC-31898	20i Limited (AS48254)	1
AS-VULTR	SINGLEHOP-LLC (AS32475)	2
catalyst2.net	catalyst2 Services Limited (AS29636)	1
CLOUDFLARENET	LEASEWEB-USA-WDC (AS30633)	1
SECURITYSERVICES	Vodafone Limited (AS5378)	1
cameldns.com	Hetzner Online GmbH (AS24940)	1
seized.gov	CLOUDFLARENET (AS13335)	1
myhostadmin.net	It Hostline Ltd (AS44559)	1
CLOUDFLARENET	I LAYER LIMITED (AS137899)	1
SECURITYSERVICES	NINGBO, ZHEJIANG Province, P.R.China. (AS136188)	1
hostup.se	ORACLE-BMC-31898 (AS31898)	1
markmonitor.com	UBIMET GmbH (AS209571)	1
Knipp Medien und Kommunikation GmbH	DIMENOC (AS33182)	1
olitt.com	OVH SAS (AS16276)	1
ORACLE-BMC-31898	MEDIACOM-ENTERPRISE-BUSINESS (AS30036)	1
skilin.io	DIGITALOCEAN-ASN (AS14061)	1
cloudns.net	Vodafone GmbH (AS3209)	1
zxcs.be	Stichting DIGI NL (AS206281)	2
ab stract ltd	CHEAPY-HOST (AS401120)	1
myhostadmin.net	XNNET (AS932)	1
afraid.org	ATLANTICBB-JOHNSTOWN (AS11776)	1
abrar.cx	NAMECHEAP-NET (AS22612)	1
serverquality.com	LIQUIDWEB (AS32244)	1
CLOUDFLARENET	CBS-AS (AS328867)	1
firstfind.nl	CLDIN B.V. (AS48635)	2
cbsv.jp	DigiRock, Inc. (AS37907)	1
SECURITYSERVICES	IQ-FIBER (AS400427)	1
ns14.net	Plusnet GmbH (AS20676)	1
thinkproject.com	thinkproject Deutschland GmbH (AS47409)	1
NForce Entertainment B.V.	Hostinger International Limited (AS47583)	1
ipcom GmbH	VERISIGN-ILG1 (AS30060)	1
kreativmedia.ch	METANET AG (AS21069)	1
hyp.cx	NAMECHEAP-NET (AS22612)	1
epag.net	Keyweb AG (AS31103)	1
247h.biz	Host Europe GmbH (AS21499)	1
awsdns-13.net	AS-INTUIX (AS18865)	1
CLOUDFLARENET	Vodafone Limited (AS5378)	1
afraid.org	SOFTLAYER (AS36351)	1
it-df.eu	David Froehlich (AS39083)	1
CLOUDFLARENET	AMERICOM (AS399503)	1
nuitari.net	OVH SAS (AS16276)	1
ab stract ltd	SQUARESPACE (AS53831)	1
pointdnshere.net	RM B, 2F 88 KWAI CHEONG ROAD (AS132056)	1
bnamed.net	Enreach Netherlands B.V. (AS39647)	1
muumuu-domain.com	Xserver Inc. (AS131965)	1
GOOGLE	RSI-CA-SITE1 (AS46095)	1
ab stract ltd	M247 Europe SRL (AS9009)	2
com.au	Cynergic Internet (AS10083)	1
cloudns.net	Aussie Broadband (AS4764)	1
sudos.co	AS17378 (AS17378)	2
CLOUDFLARENET	FEDERAL-ONLINE-GROUP-LLC (AS395776)	1
CLOUDFLARENET	TWC-11351-NORTHEAST (AS11351)	2
myhostadmin.net	Guangdong (AS58543)	1
myhostadmin.net	LLC Baxet (AS49392)	1
CLOUDFLARENET	NOCIX (AS33387)	1
dhosting.pl	dhosting.pl Sp. z o.o. (AS48896)	1
ab stract ltd	Three Fourteen SASU (AS34197)	1
hostgator.com	CLOUDFLARENET (AS13335)	1
myhostadmin.net	Shenzhen Tencent Computer Systems Company Limited (AS45090)	1
CLOUDFLARENET	QINIU CHINA limited (AS152644)	1
zoneedit.com	ArubaCloud Limited (AS199883)	1
CLOUDFLARENET	Host Universal Pty Ltd (AS136557)	1
gaya.cx	IONOS SE (AS8560)	1
turbify.com	AMAZON-AES (AS14618)	1
rovity.io	AS-VULTR (AS20473)	1
cloudpit.com	netcup GmbH (AS197540)	1
asurahosting.com	PONYNET (AS53667)	1
HURRICANE	NForce Entertainment B.V. (AS43350)	3
vsvr.de	Hetzner Online GmbH (AS24940)	1
doroyal.com	UNREAL-SERVERS (AS64236)	1
MICROSOFT-CORP-MSN-AS-BLOCK	Host Europe GmbH (AS8972)	1
domainnamedns.com	CTG Server Limited (AS152194)	1
nyx.cx	Virtua Systems SAS (AS35661)	1
neostrada.nl	GOOGLE (AS15169)	1
VITAL-DNS	TWC-10796-MIDWEST (AS10796)	1
carrierzone.com	INFB2-AS (AS30447)	1
cscudns.com	SECURITYSERVICES (AS12008)	1
fifthns.com	ANEXIA Internetdienstleistungs GmbH (AS42473)	1
websitewelcome.com	NETWORK-SOLUTIONS-HOSTING (AS19871)	1
awsdns-01.com	FASTLY (AS54113)	1
CLOUDFLARENET	Scalaxy B.V. (AS58061)	1
ORACLE-BMC-31898	CHARTER-20115 (AS20115)	1
CLOUDFLARENET	Nine Internet Solutions AG (AS29691)	1
einfachtoll.com	T-Mobile Austria GmbH (AS8412)	1
servidoresdns.net	Hetzner Online GmbH (AS24940)	1
ndsplitter.com	Hetzner Online GmbH (AS24940)	1
CLOUDFLARENET	Beijing Baidu Netcom Science and Technology Co., Ltd. (AS38365)	1
NSONE	GlobalConnect A/S (AS31027)	1
Knipp Medien und Kommunikation GmbH	Neue Medien Muennich GmbH (AS34788)	1
globalis.ro	Global Internet Solutions SRL (AS33925)	1
SECURITYSERVICES	VeloxServ Communications Ltd (AS3170)	1
crohost.net	Plus Hosting Grupa d.o.o. (AS12417)	1
OVH SAS	Hetzner Online GmbH (AS24940)	2
net.au	Vocus Advanced Services (AS38809)	1
turnkeywebspace.com	TURNKEY-INTERNET (AS40244)	1
bb-online.info	AS-VULTR (AS20473)	1
CLOUDFLARENET	CHINA UNICOM China169 Backbone (AS4837)	1
GOOGLE	HOSTWINDS (AS54290)	1
ORACLE-BMC-31898	Internode Pty Ltd (AS4739)	1
NetActuate, Inc	CLOUDFLARENET (AS13335)	1
Host Europe GmbH	Rackspace Ltd. (AS15395)	1
mwebdns.de	ConnectingBytes GmbH (AS34568)	1
bocus.xyz	Hetzner Online GmbH (AS24940)	1
co.jp	SAKURA Internet Inc. (AS9370)	2
zoneedit.com	Nessus GmbH (AS47692)	1
Advania Island ehf	Servers Tech Fzco (AS216071)	1
onewebking.com	SINGLEHOP-LLC (AS32475)	1
systemdns.com	IONOS SE (AS8560)	1
awsdns-29.net	AMAZON-02 (AS16509)	2
myhostadmin.net	Akamai Connected Cloud (AS63949)	1
hostarmada.net	Akamai Connected Cloud (AS63949)	1
CLOUDFLARENET	DFW-DATACENTER (AS30277)	1
CLOUDFLARENET	SPACEX-STARLINK (AS14593)	1
world4you.at	T-Mobile Austria GmbH (AS8412)	1
VITAL-DNS	GOOGLE (AS15169)	1
fpo.cx	IDC Frontier Inc. (AS4694)	1
SECURITYSERVICES	Pq Hosting Plus S.r.l. (AS44477)	1
regfish-ns.net	Hetzner Online GmbH (AS24940)	1
inwx.ch	AMAZON-02 (AS16509)	1
com.br	AMAZON-AES (AS14618)	1
CLOUDFLARENET	UCSF (AS5653)	1
SECURITYSERVICES	DNIC-AS-00749 (AS749)	1
net.au	IWEB-AS (AS32613)	1
CLOUDFLARENET	NEXEON (AS20278)	1
cprapid.com	Smart Telecom Media Srl (AS59677)	1
SECURITYSERVICES	The Infrastructure Group B.V. (AS60404)	1
plusserver.com	PlusServer GmbH (AS61157)	2
ab stract ltd	MEVSPACE sp. z o.o. (AS201814)	1
winhost.com	HOSTCOLLECTIVE (AS14415)	1
awsdns-21.org	AMAZON-02 (AS16509)	1
rebel.com	LIQUIDWEB (AS53824)	1
mom.cx	Evoke Digital Solutions (AS135752)	1
SECURITYSERVICES	Telefonica Germany (AS6805)	1
zxcs.nl	Enreach Netherlands B.V. (AS39647)	1
ipcom GmbH	DXC-AS3360 (AS3360)	1
alexhost.md	Alexhost Srl (AS200019)	1
awsdns-12.org	AMAZON-AES (AS14618)	1
domainoffensive.de	netcup GmbH (AS197540)	1
CLOUDFLARENET	IP Volume inc (AS202425)	1
hostmonster.com	UNIFIEDLAYER-AS-1 (AS46606)	1
CLOUDFLARENET	AdminVPS OOO (AS211183)	1
dizinc.com	DIMENOC (AS33182)	1
Knipp Medien und Kommunikation GmbH	Deutsche Telekom AG (AS3320)	1
bnamed.eu	Hetzner Online GmbH (AS24940)	1
maihama-net.com	FreeBit Co.,Ltd. (AS10013)	1
NForce Entertainment B.V.	OVH SAS (AS16276)	1
GANDI SAS	High5! B.V. (AS60131)	1
extrainfra.com	Enix Ltd (AS52148)	1
surgespace.net	SAKURA Internet Inc. (AS9370)	1
phasecraft.com	PRIVATESYSTEMS (AS63410)	1
ralexm.cloud	OVH SAS (AS16276)	2
liquidweb.com	LIQUIDWEB (AS32244)	1
zenbox.pl	Beyond.pl sp. z o.o. (AS31229)	1
1ahostingpro.ch	20i Limited (AS48254)	1
hostmasterei.de	Hetzner Online GmbH (AS24940)	1
dnspod.net	DIGITALOCEAN-ASN (AS14061)	1
SECURITYSERVICES	AZO (AS16677)	1
suxus.com	LeaseWeb Netherlands B.V. (AS60781)	1
rackspace.com	RACKSPACE (AS27357)	1
SECURITYSERVICES	Vodafone Libertel B.V. (AS33915)	1
CLOUDFLARENET	Globalconnect As (AS2116)	1
NSONE	AMAZON-AES (AS14618)	1
com.br	AMAZON-02 (AS16509)	1
CLOUDFLARENET	BGPNET PTE. LTD. (AS4907)	1
awsdns-12.org	Cloudflare London, LLC (AS209242)	1
Hangzhou Alibaba Advertising Co.,Ltd.	IncomparableHKNetwork Co., Limited (AS141159)	2
G-Core Labs S.A.	High Family Technology Co., Limited (AS142032)	1
jumpvps.org	Delta HighTech Ltd. (AS8860)	1
Dreamscape Networks Limited	Dreamscape Networks Limited (AS38719)	5
nicolas.cx	TELUS Communications (AS852)	1
OVH SAS	DIGITALOCEAN-ASN (AS14061)	1
joker.com	uvensys GmbH (AS58010)	1
CLOUDFLARENET	SOFTLAYER (AS36351)	1
Knipp Medien und Kommunikation GmbH	NorthC Deutschland GmbH (AS15598)	1
dns.com	POWER LINE DATACENTER (AS132839)	1
awsdns-27.net	GMO Internet Group, Inc. (AS7506)	1
cid.net	Aixit GmbH (AS29551)	1
vsol-reg.com	Seflow s.r.l. (AS49367)	1
SECURITYSERVICES	Istqrar for Servers Services Ltd (AS211826)	1
cabbage.cx	MULTA-ASN1 (AS35916)	1
GANDI SAS	PAIR-NETWORKS (AS7859)	1
ab stract ltd	CLOUDFLARENET (AS13335)	1
NSONE	Fastmail Pty Ltd (AS151847)	1
register.be	Combell NV (AS34762)	1
resellerdns.eu	Openfiber B.v. (AS207176)	1
open-dns.net	LoadEdge Limited (AS32708)	1
SECURITYSERVICES	LeaseWeb Netherlands B.V. (AS60781)	1
awsdns-11.com	CLOUDFLARENET (AS13335)	1
myhostadmin.net	UNIT A17,9F SILVERCORP INTL TOWER 707-713 NATHAN RD (AS134175)	1
SECURITYSERVICES	PT Biznet Gio Nusantara (AS133800)	1
ab stract ltd	DIGITALOCEAN-ASN (AS14061)	1
ab stract ltd	RAILWAY (AS400940)	1
SECURITYSERVICES	Telia Finland Oyj (AS1759)	1
wemake.cx	CLOUDFLARENET (AS13335)	1
adnserver.com	Keminet SHPK (AS197706)	1
blopped.com	NAMECHEAP-NET (AS22612)	1
CLOUDFLARENET	COGECO-PEER1 (AS13768)	1
ab stract ltd	NAMECHEAP-NET (AS22612)	1
veerotech.net	NETACTUATE (AS394344)	1
yahoo.com	AS-26496-GO-DADDY-COM-LLC (AS26496)	1
Signet B.V.	VERISIGN-ILG1 (AS30060)	1
domainoffensive.de	Deutsche Telekom AG (AS3320)	1
redfoxdns.com	NForce Entertainment B.V. (AS43350)	1
co.uk	CSC (AS19574)	1
vivawebhost.com	AS17378 (AS17378)	1
whitelabelhost.net	RELIABLESITE (AS23470)	1
com.br	BANCO BRADESCO SA (AS28586)	1
SECURITYSERVICES	FIBIA P/S (AS44869)	1
Advania Island ehf	ENZUINC (AS18978)	1
awsdns-06.net	AMAZON-02 (AS16509)	2
microband.cx	NAMECHEAP-NET (AS22612)	1
webtic.nl	Hetzner Online GmbH (AS24940)	3
cloudns.net	OVH SAS (AS16276)	1
CLOUDFLARENET	Itglobalcom Rus LLC (AS209974)	1
cashparking.com	AMAZON-02 (AS16509)	1
www-pool.de	Host Europe GmbH (AS20773)	1
GOOGLE	Hetzner Online GmbH (AS24940)	1
CLOUDFLARENET	Strato GmbH (AS6724)	1
HURRICANE	UUNET (AS701)	1
myhostadmin.net	HostUS (AS7489)	1
CLOUDFLARENET	Florian Kolb (AS58087)	1
awsdns-22.net	AMAZON-02 (AS16509)	1
ne.jp	GMO Internet Group, Inc. (AS7506)	1
CLOUDFLARENET	JOYPUR COLO (AS151837)	1
meganameservers.eu	Internet Names for Business Inc (AS9115)	1
CLOUDFLARENET	AS-EFTL (AS35847)	1
awsdns-05.com	AMAZON-AES (AS14618)	1
CLOUDFLARENET	KEYUBU Internet ve Bilisim Tic. Ltd. Sti. (AS210538)	1
ns14.net	euNetworks GmbH (AS13237)	1
GANDI SAS	Societe Francaise Du Radiotelephone - SFR SA (AS15557)	2
awsdns-05.com	AMAZON-02 (AS16509)	2
netclusive.net	Equinix (Germany) GmbH (AS24989)	1
mythic-beasts.com	Zen Internet Ltd (AS13037)	1
CLOUDFLARENET	Maxnet Telecom, Ltd (AS34700)	1
awsdns-14.org	AMAZON-AES (AS14618)	1
myhostadmin.net	Overcasts Limited (AS24544)	1
creativedesignnz.com	NAMECHEAP-NET (AS22612)	1
ipcom GmbH	OVH SAS (AS16276)	1
iwantmyname.net	WEEBLY (AS27647)	1
ab stract ltd	Brainoza OU (AS214790)	1
myhostadmin.net	POWER LINE DATACENTER (AS132839)	1
ipcom GmbH	webgo GmbH (AS48324)	1
Host Europe GmbH	Mammoth Media Pty Ltd (AS133159)	1
GOOGLE	K Media Tech Ltd. (AS210250)	1
awsdns-13.org	AMAZON-AES (AS14618)	1
iwantmyname.net	GO-DADDY-COM-LLC (AS398101)	1
fcomet.com	Akamai Connected Cloud (AS63949)	1
linevast.com	Droptop GmbH (AS201206)	1
julez.in	Internetmanufaktur Karlsruhe UG (haftungsbeschraenkt) (AS202539)	1
jer.cx	AS-VULTR (AS20473)	1
v4ns.biz	CLOUDFLARENET (AS13335)	1
awsdns-24.net	AMAZON-02 (AS16509)	1
ab stract ltd	Global-Data System IT Corporation (AS42624)	1
bescript.de	Hetzner Online GmbH (AS24940)	1
SECURITYSERVICES	TIER-NET (AS397423)	2
NetActuate, Inc	Quantcom, a.s. (AS29208)	1
awsdns-39.net	Akamai Connected Cloud (AS63949)	1
SECURITYSERVICES	Hiper A/S (AS203953)	1
NForce Entertainment B.V.	Private Layer INC (AS51852)	1
EDNS	COLT Technology Services Group Limited (AS8220)	1
HURRICANE	MULTA-ASN1 (AS35916)	1
awsdns-13.com	AMAZON-02 (AS16509)	1
ab stract ltd	Virtual Systems LLC (AS30860)	1
awsdns-07.org	PRGMR (AS47066)	1
m5la.bz	NextGenWebs, S.L. (AS41608)	1
awsdns-02.com	Redcentric Solutions Ltd (AS31463)	1
SECURITYSERVICES	NETACTUATE (AS394344)	1
SECURITYSERVICES	JOESDATACENTER (AS19969)	1
CLOUDFLARENET	HVC-AS (AS29802)	1
CLOUDFLARENET	SINGLEHOP-LLC (AS32475)	1
perf1.com	Nameshield SAS (AS20756)	1
HURRICANE	PURtel.com GmbH (AS62336)	1
HURRICANE	IONOS SE (AS8560)	1
subdomain.net	Hetzner Online GmbH (AS24940)	1
turhost.com	Cizgi Telekomunikasyon Anonim Sirketi (AS42807)	1
vn.cx	CTS Computers and Telecommunications Systems SAS (AS35393)	1
steinmann.cx	Hetzner Online GmbH (AS24940)	1
CLOUDFLARENET	TWC-20001-PACWEST (AS20001)	1
kille.cx	Contabo GmbH (AS51167)	1
myradns.net	SOPRADO GmbH (AS20546)	1
dnspod.net	Cloudie Limited (AS55933)	1
NSONE	Yandex.Cloud LLC (AS200350)	1
SECURITYSERVICES	IW-ASN-11071 (AS11071)	1
Advania Island ehf	The Infrastructure Group B.V. (AS60404)	1
edis.global	EDIS GmbH (AS57169)	1
philips.com	AMAZON-02 (AS16509)	1
zoneedit.com	GOOGLE-FIBER (AS16591)	1
Host Europe GmbH	Akamai Connected Cloud (AS63949)	1
35p.co	PONYNET (AS53667)	1
Hangzhou Alibaba Advertising Co.,Ltd.	I LAYER LIMITED (AS137899)	1
awsdns-26.net	AMAZON-02 (AS16509)	1
namebrightdns.com	AMAZON-AES (AS14618)	1
awsdns-11.net	AMAZON-02 (AS16509)	2
Knipp Medien und Kommunikation GmbH	Surfplanet GmbH (AS33984)	1
CLOUDFLARENET	Leaptel (AS134090)	1
exclusivehosting.net	LIQUIDNETLTD1 (AS14555)	1
dnsip.com	MICROSOFT-CORP-MSN-AS-BLOCK (AS8075)	1
myhostadmin.net	PEG-HK (AS398478)	1
idcfcloud.com	GMO Internet Group, Inc. (AS7506)	1
CLOUDFLARENET	Telia Lietuva, AB (AS8764)	1
markmonitor.zone	AMAZON-02 (AS16509)	1
buddyns.com	velia.net Internetdienste GmbH (AS29066)	1
iomart.io	Akamai Connected Cloud (AS63949)	1
myhostadmin.net	CHINATELECOM JiangSu YangZhou IDC networkdescr: YangZhouJiangsu Province, P.R.China. (AS137697)	1
cynderhost.com	H4Y-TECHNOLOGIES (AS397373)	1
yandexcloud.net	EdgeCenter LLC (AS210756)	1
com.br	Locaweb Servicos de Internet SA (AS27715)	1
NForce Entertainment B.V.	GOOGLE-CLOUD-PLATFORM (AS396982)	1
srg.cx	DIGITALOCEAN-ASN (AS14061)	1
domserver.de	Optitrust GmbH (AS200062)	1
SECURITYSERVICES	Hetzner Online GmbH (AS213230)	1
jpmorganchase.com	JPMORGAN-AS7743 (AS7743)	1
13x.com	ATLANTECH (AS7784)	1
adindexparking.com	Hetzner Online GmbH (AS24940)	1
secureparkme.com	Dreamscape Networks Limited (AS38719)	2
IONOS SE	Mittwald CM Service GmbH & Co. KG (AS15817)	1
SECURITYSERVICES	GOOGLE-FIBER (AS16591)	1
NForce Entertainment B.V.	AMAZON-02 (AS16509)	1
orztech.com	DNIC-AS-00749 (AS749)	1
SECURITYSERVICES	Bytesized Hosting B.V. (AS202786)	1
greengeeks.net	IWEB-AS (AS32613)	1
EDNS	Virgin Media (AS5089)	1
infrapod.nl	Infrapod (AS212098)	1
hostnet.nl	AMAZON-02 (AS16509)	1
host.land	NAMECHEAP-NET (AS22612)	1
vianet.ca	VIANET INC 5690 (AS5690)	1
SECURITYSERVICES	UNITAS (AS1828)	1
SECURITYSERVICES	ISPNET-AS (AS27501)	1
purely.website	Node4 Limited (AS31727)	1
CLOUDFLARENET	Cellcom Fixed Line Communication L.P (AS1680)	1
MICROSOFT-CORP-MSN-AS-BLOCK	Datasource AG (AS51395)	1
awsdns-18.net	MICROSOFT-CORP-MSN-AS-BLOCK (AS8075)	1
CLOUDFLARENET	DEPARTAMENTO DE POLICIA FEDERAL (AS22515)	1
tophost.ch	NovaTrend Services GmbH (AS35206)	1
Knipp Medien und Kommunikation GmbH	WHG Hosting Services Ltd (AS14670)	2
dnspod.net	Alibaba US Technology Co., Ltd. (AS45102)	2
facebook.com	FACEBOOK (AS32934)	1
inhostedns.com	Octava Defence, LLC (AS213198)	1
timashev.com	Asergo Holding ApS (AS30736)	1
ipcom GmbH	ScaleUp Technologies GmbH & Co. KG (AS29014)	1
hostgator.cl	NETWORK-SOLUTIONS-HOSTING (AS19871)	1
GANDI SAS	AS-VULTR (AS20473)	1
hoh-dns.com	3U TELECOM GmbH (AS198710)	1
proserver1.at	eww ag (AS21013)	1
sdv.fr	SdV-Plurimedia (AS8839)	1
easydns.ca	UUNET (AS701)	1
digital-genesis.com	WEHOSTWEBSITES-COM (AS30475)	1
myhostadmin.net	HanMing HK Limited (AS206888)	1
myhostadmin.net	MICROSOFT-CORP-MSN-AS-BLOCK (AS8075)	1
awsdns-27.com	IDC Frontier Inc. (AS4694)	1
one.com	GleSYS AB (AS42708)	1
dnspod.net	Shenzhen Tencent Computer Systems Company Limited (AS45090)	1
dnsip.com	ChangLian Network Technology Co., Limited (AS137443)	1
exacttarget.com	SALESFORCE (AS14340)	1
hostiservices.com	HOSTISERVER (AS32338)	1
awsdns-20.org	AMAZON-02 (AS16509)	1
GANDI SAS	Telenor Norge AS (AS2119)	1
tibus.net	The Internet Business Ltd (AS41678)	1
greenhost.nl	Greenhost BV (AS47172)	1
mediatemple.net	GO-DADDY-COM-LLC (AS398101)	1
nao.cc	NTT PC Communications, Inc. (AS2514)	1
awsdns-03.net	Virgin Media (AS5089)	1
CLOUDFLARENET	AS-WHOLESAIL (AS20055)	1
CLOUDFLARENET	eCentry Tecnologia da Informacao Ltda (AS262303)	1
Advania Island ehf	Hetzner Online GmbH (AS24940)	1
GANDI SAS	CLOUDFLARENET (AS13335)	1
sonologic.net	OVH SAS (AS16276)	1
ORACLE-BMC-31898	Mythic Beasts Ltd (AS44684)	1
myhostadmin.net	VH Global Limited (AS42960)	1
SECURITYSERVICES	DIGI Tavkozlesi es Szolgaltato Kft. (AS20845)	1
ab stract ltd	STALLIONDC Limited (AS200131)	1
regzone.cz	VSHosting s.r.o. (AS43541)	1
ab stract ltd	iHosting Servicios Internet Ltda. (AS28099)	1
ne.jp	Internet Initiative Japan Inc. (AS2497)	1
CLOUDFLARENET	Kutumova Olena (AS51264)	1
register.be	Stichting DIGI NL (AS206281)	1
CLOUDFLARENET	WHG Hosting Services Ltd (AS36454)	1
SECURITYSERVICES	Hetzner Online GmbH (AS212317)	1
EPIK-LLC	DIGITALOCEAN-ASN (AS14061)	1
dan.cx	HOSTHATCH (AS63473)	1
CLOUDFLARENET	Vodafone GmbH (AS3209)	2
myhostadmin.net	rainbow network limited (AS138968)	1
awsdns-06.com	AMAZON-AES (AS14618)	1
SECURITYSERVICES	Virtual Systems LLC (AS6698)	1
paccotec.de	Hetzner Online GmbH (AS24940)	1
SECURITYSERVICES	LLC Smart Ape (AS56694)	1
NUCDN	ACP IT Solution AG (AS205666)	1
AMAZON-02	AMAZON-AES (AS14618)	1
CLOUDFLARENET	Dreamscape Networks Limited (AS38719)	1
CLOUDFLARENET	TDC Holding A/S (AS3292)	1
syrahost.com	Dreamscape Networks Limited (AS38719)	1
SECURITYSERVICES	MasterDC s.r.o. (AS24971)	1
CLOUDFLARENET	GMO Internet Group, Inc. (AS7506)	1
SECURITYSERVICES	SYSLIFELINE (AS394367)	1
zoneedit.com	RIMU HOSTING LIMITED (AS139580)	1
awsdns-40.net	GOOGLE-CLOUD-PLATFORM (AS396982)	1
SECURITYSERVICES	Global Connectivity Solutions Llp (AS215540)	1
neostrada.nl	LeaseWeb Netherlands B.V. (AS60781)	1
datenchef.net	meerfarbig GmbH & Co. KG (AS34549)	1
hostingww.com	Instra Corporation Pty Ltd (AS133104)	1
taqjiao.com	WKNET (AS22408)	1
CLOUDFLARENET	xTom (AS9312)	1
arvixeshared.com	UNIFIEDLAYER-AS-1 (AS46606)	1
aplus.net	INFB2-AS (AS30447)	1
AS-VULTR	OVH SAS (AS16276)	1
anycastdns.cc	Hong Kong Zhengxing Technology Co., Ltd. (AS150706)	1
myhostadmin.net	Gcc Cloud Technology Limited (AS152705)	1
wyd.cx	OVH SAS (AS16276)	1
CLOUDFLARENET	GRIDFURY-AS (AS40630)	1
ezoicns.com	One.com A/S (AS51468)	1
CLOUDFLARENET	Lazycloud Ltd (AS215269)	1
first-ns.de	Host Europe GmbH (AS8972)	1
dnsservo.com	Takizo Solutions Sdn Bhd (AS140344)	1
CLOUDFLARENET	Network Presence (AS45570)	1
netage.jp	BEKKOAME INTERNET INC. (AS4686)	1
genesys.com	GOOGLE-CLOUD-PLATFORM (AS396982)	1
SECURITYSERVICES	firstcolo GmbH (AS44066)	1
noris.ch	GOOGLE-CLOUD-PLATFORM (AS396982)	1
att.net	UPS (AS12217)	1
GANDI SAS	Hetzner Online GmbH (AS24940)	1
ghost.care	PRIVATESYSTEMS (AS63410)	1
Knipp Medien und Kommunikation GmbH	ispOne business GmbH (AS204119)	1
AS48707 OPS PL sp. z o.o.	AS48707 OPS PL sp. z o.o. (AS48707)	1
cloudns.net	Instra Corporation Pty Ltd (AS133104)	1
hobohost.com	NDCHOST (AS33322)	2
ab stract ltd	Turunc Smart Bilgisayar Teknoloji Ve Dis Ticaret Limited Sirketi (AS48011)	1
dondominio.com	Soluciones Corporativas IP, SL (AS57910)	1
Signet B.V.	Odido Netherlands B.V. (AS50266)	1
opalstack.com	LEASEWEB-USA-SFO (AS7203)	1
cor.cx	DIGITALOCEAN-ASN (AS14061)	1
ab stract ltd	MICROSOFT-CORP-MSN-AS-BLOCK (AS8075)	1
GMO Internet Group, Inc.	NTT PC Communications, Inc. (AS2514)	1
fastpark.net	Team Internet AG (AS206834)	1
dnshost.net	GleSYS AB (AS42708)	1
NSONE	AS-SONICTELECOM (AS46375)	1
seohost.pl	Dataspace P.s.a. (AS50599)	1
mean.net	Contabo GmbH (AS51167)	1
whc.ca	WEEBLY (AS27647)	1
MICROSOFT-CORP-MSN-AS-BLOCK	AS-VULTR (AS20473)	1
CLOUDFLARENET	Webglobe, s.r.o. (AS29134)	1
cornq.com	HVC-AS (AS29802)	1
GMO Internet Group, Inc.	AUTOMATTIC (AS2635)	1
SECURITYSERVICES	DEDICATED (AS63018)	1
cronos.be	DIGITALOCEAN-ASN (AS14061)	1
muumuu-domain.com	NTT PC Communications, Inc. (AS2514)	1
dnspod.net	China Telecom Group (AS4812)	1
SECURITYSERVICES	EDPNET Belgium BV (AS9031)	1
awsdns-14.com	CLOUDFLARENET (AS13335)	1
nhdhost.com	DCANET (AS6372)	1
bonzahosting.com	NETWORK-SOLUTIONS-HOSTING (AS19871)	1
SECURITYSERVICES	TimeWeb LLC (AS9123)	1
cylex.de	1&1 Versatel Deutschland GmbH (AS8881)	1
hoststar.hosting	Hetzner Online GmbH (AS24940)	1
awsdns-10.com	AMAZON-AES (AS14618)	1
awsdns-06.net	GOOGLE-CLOUD-PLATFORM (AS396982)	1
SECURITYSERVICES	SOLLUTIUM EU Sp z.o.o. (AS43641)	1
portsdns.net	FASTLY (AS54113)	1
SECURITYSERVICES	aurologic GmbH (AS30823)	1
mrcrazy.cx	LeaseWeb Netherlands B.V. (AS60781)	1
checkdomain.de	Xirra GmbH (AS51191)	1
CLOUDFLARENET	BHN-33363 (AS33363)	1
HURRICANE	PONYNET (AS53667)	1
imageworld.fi	Easylinehost Finland Oy (AS29132)	1
freeze.cx	Contabo GmbH (AS51167)	1
idnz.net	AMAZON-02 (AS16509)	1
CLOUDFLARENET	RICAWEBSERVICES (AS26832)	1
time4vps.com	UAB Interneto vizija (AS212531)	1
awsdns-00.com	NETWORK-SOLUTIONS-HOSTING (AS19871)	1
myhostadmin.net	HOSTDZIRE WEB SERVICES PRIVATE LIMITED (AS150623)	1
DIGICERT	ISOMEDIA-1 (AS18530)	1
SECURITYSERVICES	WEBNX (AS18450)	1
mastertel.ru	Synergy University (AS35387)	1
awsdns-07.net	AMAZON-AES (AS14618)	1
greengeeks.net	SINGLEHOP-LLC (AS32475)	1
myhostadmin.net	WII (AS32097)	1
CLOUDFLARENET	The Infrastructure Group B.V. (AS60404)	1
G-Core Labs S.A.	Evoxt Enterprise (AS149440)	1
ns14.net	Strato GmbH (AS6724)	1
publicssl.net	SERV3R (AS400130)	1
SECURITYSERVICES	HVC-AS (AS29802)	1
leprd.space	RouteLabel V.O.F. (AS198203)	1
