Claranet Limited	omp.cv	1
wv.pt	metalo.cv	1
SECURITYSERVICES	NAMECHEAP-NET	900
cvwc.cv	cvwc.cv	1
SECURITYSERVICES	Proton AG	2
IS-AS-1	oneseedfund.cv	1
CLOUDFLARENET	eye-mail.net	50
servconfig.com	boomtv.cv	1
CLOUDFLARENET	mailchannels.net	10
Almouroltec Servicos De Informatica E Internet Lda	eastwest.cv	1
CLOUDFLARENET	site.cv	1
O2switch SAS	homes.cv	1
NOSi	digital.cv	1
entornodns.com	entorno.es	3
CLOUDFLARENET	dependent.ro	1
282, Sector 19	hurawatcher.cv	1
tmihost.pt	circuitos.cv	1
servconfig.com	modesto.cv	1
CLOUDFLARENET	hostinger.ph	1
webhs.org	novalinha.cv	1
provider.pt	facetur.cv	1
sedoparking.com	localhost	65
CLOUDFLARENET	CLOUDFLARENET	297
mydnspt.net	stu.cv	1
Comercio e Prestacao de Servicos Informaticos, Lda	Comercio e Prestacao de Servicos Informaticos, Lda	9
282, Sector 19	owalas.cv	1
salweb.org	Comercio e Prestacao de Servicos Informaticos, Lda	9
IONOS SE	NorthC Deutschland GmbH	16
Almouroltec Servicos De Informatica E Internet Lda	halos.cv	1
org.cv	adventistas.cv	1
282, Sector 19	shingless.cv	1
CLOUDFLARENET	GOOGLE	61
NETWORK-SOLUTIONS-HOSTING	one.cv	1
webhs.org	Comercio e Prestacao de Servicos Informaticos, Lda	42
282, Sector 19	bestialitiy.cv	1
GOOGLE	GOOGLE	13
servconfig.com	coop.cv	1
parklogic.com	plingest.com	8
servconfig.com	transverde.cv	1
nswebhost.com	slotthailand.cv	1
abovedomains.com	above.com	3
CLOUDFLARENET	com.br	5
AMAZON-02	cvtours.cv	1
OVH SAS	fogo.cv	1
CLOUDFLARENET	Fastmail Pty Ltd	9
sitechcv.com	paypro.cv	1
NOSi	aled.cv	1
webhostingpad.com	artefactos.cv	1
salweb.org	forummulher.cv	1
NOSi	maracana.cv	1
CLOUDFLARENET	hostinger.kr	1
usantiago.cv	usantiago.cv	1
my-control-panel.com	michaeljohnhornyak.cv	1
GANDI SAS	GANDI SAS	14
CVTS1	MICROSOFT-CORP-MSN-AS-BLOCK	21
webhs.org	bluewax.cv	1
CLOUDFLARENET	go.cv	1
IONOS SE	APPLE-ENGINEERING	1
NETWORK-SOLUTIONS-HOSTING	GOOGLE	4
mainservice.pt	mainservice.cv	1
cvtelecom.cv	GOOGLE	1
CLOUDFLARENET	Cloudflare London, LLC	8
CLOUDFLARENET	MICROSOFT-CORP-MSN-AS-BLOCK	26
Almouroltec Servicos De Informatica E Internet Lda	atlanticstar.cv	1
wtservers.com	unicauniversidade.cv	1
webhs.org	socasa.cv	1
CLOUDFLARENET	NAMECHEAP-NET	62
ensina.cv	ensina.cv	1
282, Sector 19	luckylandcasino.cv	1
SECURITYSERVICES	migadu.com	2
AMAZON-02	0ekylieqrl.cv	1
netim.net	Eurofiber France SAS	10
CLOUDFLARENET	Almouroltec Servicos De Informatica E Internet Lda	1
SECURITYSERVICES	GOOGLE-CLOUD-PLATFORM	1
cogenttec.com	Comercio e Prestacao de Servicos Informaticos, Lda	3
register.it	register.it	1
CLOUDFLARENET	topweb.cv	1
hostwhitelabel.com	pritesh.cv	1
site5.com	tawtheef.cv	1
cpr.cv	cpr.cv	1
Claranet Limited	dragonculture.cv	1
CLOUDFLARENET	medis.cv	1
282, Sector 19	deaddictioncentre.cv	1
inmotionhosting.com	msv1.invalid	1
mydnspt.net	weblevel.cv	1
CLOUDFLARENET	mailgun.org	2
282, Sector 19	funzpoints.cv	1
com.br	tvcidade.cv	1
dnscpanel.com	alucar.cv	1
whmwebhosting.com	adventrips.cv	1
BIZLAND-SD	238cv.cv	1
linxisp.net	tudonumclick.cv	1
SECURITYSERVICES	mail.ru	1
NOSi	multiserv.cv	1
282, Sector 19	studypooly.cv	1
IS-AS-1	grunwald.cv	1
CLOUDFLARENET	101domain.com	2
c2tiapps7.com	com.br	1
1233dns.com	dun555.com	2
Cloud DNS Ltd	MICROSOFT-CORP-MSN-AS-BLOCK	8
chob.pt	MICROSOFT-CORP-MSN-AS-BLOCK	1
thundercloud.uk	boavistatrust.cv	1
AS-VULTR	GOOGLE	50
NOSi	analyses.cv	1
Claranet Limited	jam.cv	1
wtservers.com	GOOGLE	2
go4mobility.cv	go4mobility.cv	1
AS-VULTR	enidhardin.cv	1
assinatura.cv	assinatura.cv	1
freehostia.com	freehostia.com	1
dnspod.net	dnse1.com	1
ORANGEHOST	opacc.cv	1
megasites.pt	qualitur.cv	1
mydnspt.net	Almouroltec Servicos De Informatica E Internet Lda	32
gcdn.services	webwavecms.com	1
Almouroltec Servicos De Informatica E Internet Lda	mvr.cv	1
CLOUDFLARENET	armandocunha.cv	1
com.br	teia.cv	1
OVH SAS	edec.cv	1
interdomain.net	GOOGLE	1
CLOUDFLARENET	pascaleugene.cv	1
CLOUDFLARENET	nextshare.cv	1
ui-dns.biz	ionos.com	1
hostgator.com	MICROSOFT-CORP-MSN-AS-BLOCK	1
com.br	cbcnews.cv	1
AMAZON-02	tech-up.cv	1
Claranet Limited	centrofisio.cv	1
CLOUDFLARENET	yeshuamail.cv	1
CLOUDFLARENET	banter.cv	1
CLOUDFLARENET	ZOHO-AS	29
dnscpanel.com	eolo.cv	1
AMAZON-02	MICROSOFT-CORP-MSN-AS-BLOCK	3
Host Europe GmbH	ZOHO-AS	1
ifastnet.com	mccr.cv	1
CLOUDFLARENET	AUTOMATTIC	12
CLOUDFLARENET	Proton AG	6
wtservers.com	shanna.cv	1
CLOUDFLARENET	mxrouting.net	3
CLOUDFLARENET	amazonaws.com	4
AMAZON-02	happydayhotel.cv	1
Hetzner Online GmbH	nobili.cv	1
callipigia.com	siboavista.cv	1
dnscpanel.com	sodigas.cv	1
CLOUDFLARENET	napisz.cv	1
CLOUDFLARENET	buyusdt.me	1
inmotionhosting.com	bonanca.cv	1
wtservers.com	igae.cv	1
SECURITYSERVICES	GOOGLE	13
webhs.org	MICROSOFT-CORP-MSN-AS-BLOCK	2
NSONE	Eurofiber France SAS	2
servconfig.com	council.cv	1
282, Sector 19	pokecharges.cv	1
dfn.de	dfn.de	1
282, Sector 19	thenextlaevel.cv	1
CLOUDFLARENET	alphaservice.cv	1
smartsolutions.cv	ZOHO-AS	1
NSONE	ZOHO-AS	8
com.br	CLOUDFLARENET	2
webhs.org	turiscar.cv	1
dnscpanel.com	bellashop.cv	1
NOSi	dgpj.cv	1
NOSi	abac.cv	1
282, Sector 19	fastpeoplesearchs.cv	1
282, Sector 19	trendzguruji.cv	1
282, Sector 19	allgofundme.cv	1
nhafatura.cv	aplicativos.cv	1
CLOUDFLARENET	ipdroid.cv	1
caixa.cv	MICROSOFT-CORP-MSN-AS-BLOCK	1
mycloudsweb.com	mohashin.cv	1
awsdns-04.com	leya.com	1
yourhostingaccount.com	GOOGLE	2
dnscpanel.com	inktoner.cv	1
SECURITYSERVICES	noticias365.cv	1
buddyns.com	CLOUDFLARENET	1
hostpoint.ch	hostpoint.ch	3
dnscpanel.com	reprotec.cv	1
sitechcv.com	supermercados.cv	1
interserver.net	dicasa.cv	1
fornex.com	leogurockin.cv	1
aeminiummultimedia.pt	Almouroltec Servicos De Informatica E Internet Lda	4
AMAZON-02	ntechsolutions.cv	1
AS-VULTR	netzsch.cv	1
282, Sector 19	flixtors.cv	1
AMAZON-02	aluconcept.cv	1
Almouroltec Servicos De Informatica E Internet Lda	spotnet.cv	1
Cloud DNS Ltd	CLOUDFLARENET	1
AMAZON-02	GOOGLE-CLOUD-PLATFORM	17
BIZLAND-SD	ayogame.cv	1
OVH SAS	sotur.cv	1
Comercio e Prestacao de Servicos Informaticos, Lda	constur.cv	1
linxisp.net	10ton.cv	1
contabo.net	subindo.cv	1
AMAZON-02	uniodonto.cv	1
282, Sector 19	hireforblog.cv	1
AMAZON-02	autostop.cv	1
OVH SAS	MICROSOFT-CORP-MSN-AS-BLOCK	2
wtservers.com	iloja.cv	1
linxisp.net	bemservir.cv	1
282, Sector 19	larablogy.cv	1
bugbyte.pt	sesis.cv	1
dnscpanel.com	inove.cv	1
AMAZON-02	ecovoltaic.cv	1
NETWORK-SOLUTIONS-HOSTING	cvmail.cv	1
NSONE	GOOGLE	4
282, Sector 19	gmbexperthub.cv	1
AMAZON-02	aie.cv	1
nswebhost.com	pgslot.cv	1
CLOUDFLARENET	watchwrestling.cv	1
webhostingpad.com	celesoft.cv	1
cvtelecom.cv	MICROSOFT-CORP-MSN-AS-BLOCK	1
282, Sector 19	bflixblog.cv	1
sitechcv.com	fcc.cv	1
O2switch SAS	eventos.cv	1
282, Sector 19	sitecmedia.cv	1
bravehost.com	bravehost.com	4
CVTS1	gov.cv	2
CLOUDFLARENET	myreal.cv	1
servconfig.com	rapidex.cv	1
interdomain.net	bintercaboverde.cv	1
hostgator.com	its.cv	1
NOSi	snq.cv	1
mydnspt.net	ipdd.cv	1
CLOUDFLARENET	bmt.cv	1
UNIFIEDLAYER-AS-1	casarodrigo.cv	1
unknown	mindelsummerjazz.cv	1
unknown	ecos.cv	1
salweb.org	concret.cv	1
nyhost.net	mathevo.cv	1
ptempresas.pt	mpssec.net	1
rai-gv-dns-ex-1.	MICROSOFT-CORP-MSN-AS-BLOCK	1
Vodafone Portugal - Communicacoes Pessoais S.A.	MICROSOFT-CORP-MSN-AS-BLOCK	7
Almouroltec Servicos De Informatica E Internet Lda	giramondo.cv	1
O2switch SAS	eliseu.cv	1
bcn.cv	MICROSOFT-CORP-MSN-AS-BLOCK	1
runhosting.com	ZOHO-AS	2
mydnspt.net	sprotech.cv	1
contabo.net	sttech.cv	1
webhs.org	claudiaramos.cv	1
protondns.net	articlelength.cv	1
owlhost.net	ultimateshop.cv	1
CLOUDFLARENET	brgall.mx	1
CLOUDFLARENET	queiros.cv	1
NOSi	beampay.cv	1
CLOUDFLARENET	consulgest.cv	1
NOSi	teo.cv	1
awsdns-07.org	forwardemail.net	1
dnsmadeeasy.com	GOOGLE	1
alojamentos2.com	msv1.invalid	1
alexhost.md	onad.cv	1
arandomserver.com	katmindo.cv	1
282, Sector 19	zulacasino.cv	1
NOSi	printdreams.cv	1
CLOUDFLARENET	earncrypto.cv	1
weblx-1.net	supertech.cv	1
Claranet Limited	promotour.cv	1
ifastnet.com	brakka.cv	1
youcan.shop	youcan.shop	1
NOSi	biodiversidade.cv	1
AUTOMATTIC	tutanota.de	1
webhs.org	atlanticshipping.cv	1
282, Sector 19	mixcloudz.cv	1
AMAZON-02	GOOGLE	2
salweb.org	bit.cv	1
wtservers.com	dermoclin.cv	1
gigilist.com	lavieestbelle.cv	1
NOSi	qualitecnica.cv	1
Cloud DNS Ltd	africa70.cv	1
sitechcv.com	msa.cv	1
CLOUDFLARENET	porkbun.com	4
BIZLAND-SD	karambola.cv	1
webhs.org	staffpromo.cv	1
ORANGEHOST	expresscapital.cv	1
amenworld.com	securemail.pro	2
unknown	sameg.cv	1
linxisp.net	stand.cv	1
282, Sector 19	justplangrow.cv	1
282, Sector 19	blooket.cv	1
thundercloud.uk	bvtrust.cv	1
NOSi	MICROSOFT-CORP-MSN-AS-BLOCK	12
282, Sector 19	iwarsy.cv	1
wibrido.com	svidal.cv	1
TMAIS	MICROSOFT-CORP-MSN-AS-BLOCK	4
CLOUDFLARENET	freewebsitehosting.cv	1
282, Sector 19	livejustnews.cv	1
SECURITYSERVICES	APPLE-ENGINEERING	2
sitechcv.com	proshop.cv	1
CLOUDFLARENET	mydash.cv	1
beyond.pl	semstress.cv	1
unknown	ateliedosorriso.cv	1
efatura.cv	efatura.cv	1
dnscpanel.com	avenida.cv	1
arede.center	amordedeus.cv	1
282, Sector 19	priceliner.cv	1
n0c.com	save-electronic.cv	1
CLOUDFLARENET	hexadus.cv	1
CLOUDFLARENET	dns3001.com	1
282, Sector 19	addmetosearches.cv	1
CLOUDFLARENET	mailum.com	1
giantpanda.com	mailerhost.net	2
dnsaegir.com	pegaso.cv	1
Claranet Limited	prosol.cv	1
CLOUDFLARENET	hostels.cv	1
282, Sector 19	ibuypowers.cv	1
dnscpanel.com	steel.cv	1
ticave.cv	spamexperts.com	1
AMAZON-02	metalica.cv	1
282, Sector 19	ellodiary.cv	1
AMAZON-02	adc.cv	1
AMAZON-02	cireview.cv	1
scriptlexi.cloud	lexitoto.cv	1
sitechcv.com	arcss.cv	1
com.br	cbcplay.cv	1
wtservers.com	maissaude.cv	1
dotster.com	onds.cv	1
wibrido.com	serralhariavidal.cv	1
CDM	summersoftware.cv	1
NOSi	icieg.cv	1
dhosting.pl	dpoczta.pl	1
CDM	ral.cv	1
netim.net	cyberia.zip	1
IS-AS-1	upgradehometips.cv	1
282, Sector 19	mhdtvworld.cv	1
sitechcv.com	sitenergy.cv	1
freehostia.com	GOOGLE	1
wtservers.com	cnps.cv	1
AS-VULTR	caboverdetours.cv	1
ptservidor.net	ucid.cv	1
cvtelecom.cv	sapo.pt	1
ipcom GmbH	Proton AG	1
host-services.com	girassol.cv	1
NOSi	vista.cv	1
CLOUDFLARENET	co.id	1
afraid.org	lifesmart.cv	1
wtservers.com	iwalk.cv	1
koonnect.com	Comercio e Prestacao de Servicos Informaticos, Lda	1
AS-VULTR	ordered.cv	1
awsdns-29.com	ZOHO Corporation B.V	1
CLOUDFLARENET	Zoho Corporation Pvt. Ltd	2
CLOUDFLARENET	biocontrol.cv	1
oei.pt	solarimpact.cv	1
CLOUDFLARENET	centralcv.cv	1
netgocioserver5.com	liftech.cv	1
new-consulting.pt	new-consulting.pt	1
NOSi	besafegroup.cv	1
OVH SAS	onsec.cv	1
unknown	delivery.cv	1
supercp.com	electrotech.cv	1
Host Europe GmbH	secureserver.net	3
websitestore.org	profolio.cv	1
inmotionhosting.com	inova.cv	1
mydnspt.net	ticket.cv	1
282, Sector 19	leadsforweed.cv	1
AMAZON-02	imsoft.cv	1
GOOGLE	ZOHO-AS	1
CLOUDFLARENET	jatour.cv	1
NOSi	acacv.cv	1
CLOUDFLARENET	alexander.cv	1
CLOUDFLARENET	arbeiten.cv	1
CLOUDFLARENET	APPLE-ENGINEERING	9
sitechcv.com	MICROSOFT-CORP-MSN-AS-BLOCK	10
AMAZON-02	ikaza.cv	1
inmotionhosting.com	cv360.cv	1
extrainfra.com	courselite.cv	1
VITAL-DNS	MICROSOFT-CORP-MSN-AS-BLOCK	2
tagadab.com	zohomail.com	1
tino.org	mailpro.cv	1
contabo.net	ailhaverde.cv	1
NUCDN	entorno.es	2
282, Sector 19	noodlemagaziness.cv	1
CDM	cabosys.cv	1
wtservers.com	cfa.cv	1
ativehosting.com	Comercio e Prestacao de Servicos Informaticos, Lda	1
NETWORK-SOLUTIONS-HOSTING	adeco.cv	1
AS-VULTR	b1wendyo3y.cv	1
282, Sector 19	ifunnyy.cv	1
linxisp.net	dtudo1pouco.cv	1
NOSi	importex.cv	1
dns-host-servers.com	MICROSOFT-CORP-MSN-AS-BLOCK	1
282, Sector 19	betikabate.cv	1
282, Sector 19	trustedwrites.cv	1
CLOUDFLARENET	eventgo.cv	1
Claranet Limited	startcv.cv	1
282, Sector 19	cryptoprick.cv	1
alexhost.md	techcampus.cv	1
webhs.org	citybook.cv	1
IS-AS-1	dailypostbiz.cv	1
CLOUDFLARENET	timelapse.cv	1
GOOGLE-CLOUD-PLATFORM	stackmail.com	3
CLOUDFLARENET	hostinger.in	1
scriptlexi.cloud	bambu4d.cv	1
ptwebsite.com	ecomobility.cv	1
BIZLAND-SD	muska.cv	1
contabo.net	agendacultural.cv	1
CVTS1	ministeriopublico.cv	1
AS-VULTR	altaayers.cv	1
BIZLAND-SD	onboard.cv	1
CLOUDFLARENET	arcca.cv	1
hostgator.com	iverde.cv	1
linxisp.net	webzilla.cv	1
282, Sector 19	internetchick.cv	1
CDM	aem.cv	1
Almouroltec Servicos De Informatica E Internet Lda	bottle.cv	1
mydnspt.net	cottonbay.cv	1
edudigital.pt	edudigital.cv	1
282, Sector 19	volumeadd.cv	1
Cloud DNS Ltd	atlanticwaves.cv	1
IS-AS-1	jasabacklinkpro.cv	1
TMAIS	cgd.pt	1
CLOUDFLARENET	your-server.de	2
CLOUDFLARENET	h-email.net	1
282, Sector 19	clasessmax.cv	1
ipcom GmbH	mijndomein.nl	1
ovh.net	OVH SAS	3
282, Sector 19	digitalworkskills.cv	1
mydnspt.net	paodeacucar.cv	1
OVH SAS	electra.cv	1
pointerns.com	intimacy.cv	1
arvancdn.ir	liara.email	1
ping64.net	saltyrentals.cv	1
turismo.cv	GOOGLE	1
AMAZON-02	cadique.cv	1
OVH SAS	edeal.cv	1
zxcs.be	zxcs.nl	2
unknown	fintech.cv	1
282, Sector 19	inewsable.cv	1
dnsuk.net	photographers.cv	1
282, Sector 19	myflexerr.cv	1
afraid.org	butler.cv	1
NOSi	cnis.cv	1
unknown	garcareal.cv	1
AMAZON-02	itwebsolucoes.cv	1
282, Sector 19	updownews.cv	1
282, Sector 19	accuweathers.cv	1
quicns.net	phuquoc.cv	1
NOSi	grupomarcantonio.cv	1
noc40.com	petrole.cv	1
IS-AS-1	powerhealthhub.cv	1
Claranet Limited	euma.cv	1
net4b.pt	net4b.pt	1
linxisp.net	youthconnekt.cv	1
OVH SAS	eme.cv	1
my-control-panel.com	mywebsite.cv	1
hostgator.com	marketer.cv	1
282, Sector 19	genicsociety.cv	1
UNIFIEDLAYER-AS-1	actionteam.cv	1
mydnspt.net	soltur.cv	1
CLOUDFLARENET	share.cv	1
CLOUDFLARENET	reinke.cv	1
282, Sector 19	ignitioncasino.cv	1
wix.com	GOOGLE	1
inmotionhosting.com	viagenscaboverde.cv	1
linxisp.net	ccj.cv	1
ipcom GmbH	webspace.bz	1
NOSi	cbcp.cv	1
arvixeshared.com	working4u.cv	1
AS-VULTR	62annieosh.cv	1
SECURITYSERVICES	Cloudflare London, LLC	1
CLOUDFLARENET	arcglobalservices.cv	1
webglobe.sk	mx-hub.cz	1
mydomain.com	dikor.cv	1
NOSi	technor.cv	1
haeger.pt	MICROSOFT-CORP-MSN-AS-BLOCK	1
dnscpanel.com	emobel.cv	1
unknown	grupofigueiredo.cv	1
NOSi	epaccounting.cv	1
ip-51-255-69.eu	casaviva.cv	1
282, Sector 19	winnyoff.cv	1
CLOUDFLARENET	consultali.cv	1
sitechcv.com	crono.cv	1
NETWORK-SOLUTIONS-HOSTING	interilhas.cv	1
NUCDN	camara.cv	1
hertz.com	MICROSOFT-CORP-MSN-AS-BLOCK	1
PONYNET	stripchat.cv	1
servconfig.com	cvbs.cv	1
AMAZON-02	cleofamily.cv	1
salweb.org	novaweb.cv	1
NOSi	infodigital.cv	1
eolas.fr	eolas.fr	1
dnscpanel.com	infoserv.cv	1
282, Sector 19	tymoff.cv	1
CLOUDFLARENET	clovers.cv	1
mydnspt.net	viceversa.cv	1
AMAZON-02	jay.cv	1
NETWORK-SOLUTIONS-HOSTING	cabohost.cv	1
servconfig.com	cvocean.cv	1
AMAZON-02	made.cv	1
cloudsector.net	MICROSOFT-CORP-MSN-AS-BLOCK	1
BIZLAND-SD	cristinaduarte.cv	1
IS-AS-1	chocolatecosmeticcollective.cv	1
282, Sector 19	thoptvapk.cv	1
arandomserver.com	itrafficdirect.cv	1
CLOUDFLARENET	simplelogin.co	2
CLOUDFLARENET	ZOHO Corporation B.V	2
CVTS1	policianacional.cv	1
ahost.lt	robinhood.cv	1
CLOUDFLARENET	mpproject.cv	1
UNIFIEDLAYER-AS-1	tmv.cv	1
AMAZON-02	jogoscv.cv	1
manageserver.in	keerthan.cv	1
O2switch SAS	real-estate.cv	1
282, Sector 19	lokerown.cv	1
NOSi	museus.cv	1
NSONE	APPLE-ENGINEERING	2
AMAZON-02	ndconsulting.cv	1
282, Sector 19	digitalbabaji.cv	1
sharkhost.co	asianetworks.cv	1
bmgcv.cv	MICROSOFT-CORP-MSN-AS-BLOCK	1
unknown	ellasmais.cv	1
sedo.com	localhost	2
wv.pt	vasconcelos.cv	1
salweb.org	sabia.cv	1
UNIFIEDLAYER-AS-1	rahman.cv	1
CLOUDFLARENET	exo123.cv	1
host-redirect.com	solid.cv	1
282, Sector 19	chikankarikurties.cv	1
servconfig.com	ZOHO-AS	1
NOSi	ordemdosmedicos.cv	1
txobasax.cv	garciacapital.cv	1
Almouroltec Servicos De Informatica E Internet Lda	asb.cv	1
whmwebhosting.com	betaecotour.cv	1
com.br	AUTOMATTIC	3
Comercio e Prestacao de Servicos Informaticos, Lda	mtcv.cv	1
NOSi	adf.cv	1
282, Sector 19	funfactzz.cv	1
com.br	clinicaernestobarbosa.cv	1
gruposafety.pt	cvfire.cv	1
282, Sector 19	denemesports.cv	1
dnsherse.com	crie.cv	1
contabo.net	muzeum.cv	1
NETWORK-SOLUTIONS-HOSTING	limage.cv	1
ORANGEHOST	contec.cv	1
ipcom GmbH	tom.cv	1
wtservers.com	cvma.cv	1
AS-VULTR	3talexandrae1y.cv	1
webhs.org	capitalhumano.cv	1
mydnspt.net	MICROSOFT-CORP-MSN-AS-BLOCK	2
CLOUDFLARENET	turismosab.cv	1
linxisp.net	corin.cv	1
AS-VULTR	eleanorcox.cv	1
inmotionhosting.com	mjtech.cv	1
Host Europe GmbH	paicv.cv	1
NSONE	NAMECHEAP-NET	1
hostgator.com	sabores.cv	1
282, Sector 19	ezinearts.cv	1
com.br	com.br	1
NOSi	kpconsulting.cv	1
com.br	technia.cv	1
NSONE	AUTOMATTIC	1
SECURITYSERVICES	cscdns.net	3
com.br	mib.cv	1
apthost.com	MICROSOFT-CORP-MSN-AS-BLOCK	3
AMAZON-02	8jlizethksi.cv	1
AMAZON-02	madev.cv	1
yourhostingaccount.com	visitcaboverde.cv	1
hostinger.com	CLOUDFLARENET	1
Host Europe GmbH	barracudanetworks.com	2
contabo.net	sipcp.cv	1
CLOUDFLARENET	eugeneinformatique.cv	1
salweb.org	cargoonline.cv	1
AMAZON-02	sorobynchf.cv	1
282, Sector 19	dowtoday.cv	1
inmotionhosting.com	caboverdeup.cv	1
makeitsimple.pt	mycloud.pt	1
afraid.org	undernet.cv	1
Almouroltec Servicos De Informatica E Internet Lda	globalafrica.cv	1
NOSi	obepe.cv	1
pme.pt	capital.cv	1
mydnspt.net	sociave.cv	1
282, Sector 19	toucpaydirect.cv	1
inmotionhosting.com	pivot.cv	1
CLOUDFLARENET	groenehosting.cv	1
UNIFIEDLAYER-AS-1	halcyone.cv	1
wtservers.com	lconsulting.cv	1
NOSi	gruposofia.cv	1
CLOUDFLARENET	marcaria.com	1
AMAZON-02	vivawebhost.com	1
efapel.pt	efapel.cv	1
contabo.net	rtp-pulsa303.cv	1
SECURITYSERVICES	purelymail.com	1
SECURITYSERVICES	uberspace.de	1
282, Sector 19	nettruyenmax.cv	1
Cloud DNS Ltd	gestplain.cv	1
AMAZON-02	nobilia.cv	1
improxy.com	casaesol.cv	1
282, Sector 19	hnadown.cv	1
SECURITYSERVICES	MICROSOFT-CORP-MSN-AS-BLOCK	4
282, Sector 19	scriptlike.cv	1
Almouroltec Servicos De Informatica E Internet Lda	clinitur.cv	1
IS-AS-1	australia.cv	1
mydnspt.net	edu4all.cv	1
rumahweb.com	gading.cv	1
CLOUDFLARENET	tei.cv	1
282, Sector 19	sethbtaube.cv	1
CLOUDFLARENET	azurestaticapps.net	1
NOSi	odjaart.cv	1
inmotionhosting.com	turexpress.cv	1
unknown	nortada.cv	1
dnscpanel.com	stem.cv	1
CLOUDFLARENET	casino.cv	1
CLOUDFLARENET	netsons.net	1
inmotionhosting.com	mjsuporte.cv	1
282, Sector 19	cyberpublicitys.cv	1
282, Sector 19	rehabilitationcentre.cv	1
CLOUDFLARENET	GOOGLE-CLOUD-PLATFORM	1
CLOUDFLARENET	hostingpanel2.com	1
com.br	GOOGLE	2
AMAZON-02	constrol.cv	1
CLOUDFLARENET	biznes.cv	1
NOSi	carlosveiga.cv	1
Claranet Limited	bstage.cv	1
Almouroltec Servicos De Informatica E Internet Lda	piripiri.cv	1
CLOUDFLARENET	tutanota.de	1
CLOUDFLARENET	notletters.com	2
AMAZON-02	chishti.cv	1
wtservers.com	valor-real.cv	1
282, Sector 19	gbnewslive.cv	1
NOSi	womenintech.cv	1
salweb.org	nova.cv	1
282, Sector 19	newsground.cv	1
Cloud DNS Ltd	caboplast.cv	1
AS-VULTR	velazquwez.cv	1
PONYNET	snapchat.cv	1
sitechcv.com	gst.cv	1
NETWORK-SOLUTIONS-HOSTING	ZOHO-AS	2
cloudswebserver.com	marine.cv	1
dn-s.be	tdp.cv	1
co.uk	stackmail.com	1
282, Sector 19	blogrowing.cv	1
NETWORK-SOLUTIONS-HOSTING	blog.cv	1
O2switch SAS	carnaval.cv	1
vultr.com	sw3xhr.cv	1
CLOUDFLARENET	salfino.cv	1
282, Sector 19	chumbacasino.cv	1
AMAZON-02	touch.cv	1
com.br	lec.cv	1
282, Sector 19	dailythanthis.cv	1
282, Sector 19	audioalter.cv	1
PONYNET	redtube.cv	1
wtservers.com	drone.cv	1
282, Sector 19	capgeminie.cv	1
OVH SAS	stif.cv	1
IS-AS-1	bukutamu.cv	1
AMAZON-02	gessoperfil.cv	1
awsdns-09.com	e-residence.cv	1
sitedns.pt	cvr.cv	1
inmotionhosting.com	rdc.cv	1
idp365.net	idp365.net	2
282, Sector 19	brangocasino.cv	1
dnscpanel.com	fama.cv	1
PONYNET	discord.cv	1
com.br	igrejauniversal.cv	1
servconfig.com	lac.cv	1
CLOUDFLARENET	feishu.cn	3
unicv.cv	MICROSOFT-CORP-MSN-AS-BLOCK	1
justhost.com	MICROSOFT-CORP-MSN-AS-BLOCK	1
OVH SAS	focus.cv	1
runhosting.com	ZOHO Corporation B.V	1
AS-VULTR	pilous.cv	1
unknown	openbanking.cv	1
ifastnet.com	standardcreditaccess.cv	1
ibername.com	graciosa.cv	1
second-ns.com	your-server.de	2
grupopie.com	grupopie.com	1
wtservers.com	faturali.cv	1
Claranet Limited	tourofmylife.cv	1
yourhostingaccount.com	iipc.cv	1
CLOUDFLARENET	affiliateprogram.cv	1
wtservers.com	rogerinc.cv	1
mydnspt.net	cvstone.cv	1
NOSi	tadigital.cv	1
SECURITYSERVICES	tinyhost.shop	1
AMAZON-02	jogos.cv	1
Cloud DNS Ltd	digitalnomads.cv	1
servconfig.com	socid.cv	1
CLOUDFLARENET	mailspot.info	1
grupoi.cv	MICROSOFT-CORP-MSN-AS-BLOCK	1
AMAZON-02	mysecurecloudhost.com	1
CLOUDFLARENET	forwardemail.net	2
CLOUDFLARENET	evolved.cv	1
Cloud DNS Ltd	GOOGLE	2
ndigital.cv	ndigital.cv	1
volcengine-dns.com	u-f.top	1
NOSi	morna.cv	1
wv.pt	suporte.cv	1
O2switch SAS	buying.cv	1
whmwebhosting.com	helpdesk.cv	1
acens Technologies, S.L.	numerouno.cv	1
CLOUDFLARENET	cert-gcb.cv	1
mydnspt.net	lojasterranova.cv	1
hostwindsdns.com	hostwindsdns.com	1
salweb.org	MICROSOFT-CORP-MSN-AS-BLOCK	1
CLOUDFLARENET	xitdev.cv	1
OVH SAS	ceu.cv	1
jumpdns.net	fitnes.cv	1
SECURITYSERVICES	smtp.dev	1
go54.com	gerant.cv	1
pro-x-web.com	nosferry.cv	1
dnsip.com	gocname.com	1
UNIFIEDLAYER-AS-1	led.cv	1
webhs.org	allpilates.cv	1
282, Sector 19	truconnection.cv	1
CLOUDFLARENET	xiaoshuo.cv	1
wtservers.com	bocar.cv	1
ptservidor.net	arquipelago.cv	1
NOSi	radiocomercial.cv	1
CLOUDFLARENET	carpilux.cv	1
dnscpanel.com	itom.cv	1
dnscpanel.com	GOOGLE	1
dnspod.com	b666.cn	1
servconfig.com	hotelsolutions.cv	1
AS-VULTR	crossgen.cv	1
sitechcv.com	jpstore.cv	1
GOOGLE	GOOGLE-CLOUD-PLATFORM	1
wv.pt	fragata.cv	1
NOSi	ccdc.cv	1
AUTOMATTIC	ZOHO Corporation B.V	1
CLOUDFLARENET	myhost.com	2
com.br	olim.cv	1
SECURITYSERVICES	github.io	1
example.com	kinoman.cv	1
wtservers.com	imenu.cv	1
CLOUDFLARENET	kaxy.top	1
dnscpanel.com	MICROSOFT-CORP-MSN-AS-BLOCK	1
hostcocoa.com	NAMECHEAP-NET	1
CVTS1	GOOGLE	1
contabo.net	bluetech.cv	1
servconfig.com	tecnocenter.cv	1
282, Sector 19	sketchfabs.cv	1
282, Sector 19	homeworkifye.cv	1
inmotionhosting.com	mck.cv	1
CLOUDFLARENET	3dprint.cv	1
CLOUDFLARENET	i-cv.cv	1
awsdns-07.org	MICROSOFT-CORP-MSN-AS-BLOCK	1
onlinebiz.pt	brilho.cv	1
282, Sector 19	indexedollar.cv	1
CLOUDFLARENET	migadu.com	1
contabo.net	sira.cv	1
AS-VULTR	MICROSOFT-CORP-MSN-AS-BLOCK	2
282, Sector 19	helpfuljournal.cv	1
NETWORK-SOLUTIONS-HOSTING	portonovo.cv	1
282, Sector 19	pricetopoint.cv	1
IS-AS-1	morewebpro.cv	1
282, Sector 19	cellury.cv	1
dnscpanel.com	cidadao.cv	1
truehostdns.com	careersatsynergy.cv	1
NOSi	comprarcasa.cv	1
NSONE	Zoho Corporation Pvt. Ltd	2
sitechcv.com	garrafeira.cv	1
sapo.pt	sapo.pt	1
microsoftonline.com	MICROSOFT-CORP-MSN-AS-BLOCK	2
CLOUDFLARENET	portoeditora.pt	1
282, Sector 19	pharmacylo.cv	1
IS-AS-1	uganda.cv	1
CLOUDFLARENET	bduran.cv	1
infomaniak.com	infomaniak.ch	3
IS-AS-1	domainaged.cv	1
SECURITYSERVICES	ZOHO-AS	5
O2switch SAS	immobilier.cv	1
282, Sector 19	tibetn.cv	1
NOSi	odif.cv	1
AS-VULTR	annettsenn.cv	1
PONYNET	icloud.cv	1
servconfig.com	infocom.cv	1
greengeeks.net	salution.cv	1
CLOUDFLARENET	proton.me	2
Claranet Limited	ayodele.cv	1
wtservers.com	esenssi.cv	1
NOSi	tecnolar.cv	1
CLOUDFLARENET	aliyun.com	1
282, Sector 19	drawits.cv	1
NOSi	mainvest.cv	1
CLOUDFLARENET	yandex.net	1
samsys.net	MICROSOFT-CORP-MSN-AS-BLOCK	1
CLOUDFLARENET	GANDI SAS	1
fluxitubos.pt	fluxitubos.pt	1
delcar.cv	delcar.cv	1
mendolearn.com	mendofinances.cv	1
NOSi	monday.cv	1
282, Sector 19	ontrackblogs.cv	1
NOSi	cardosoauto.cv	1
cvfastferry.com	caboverdeonline.cv	1
cab.cv	GOOGLE	1
282, Sector 19	duolingos.cv	1
NETWORK-SOLUTIONS-HOSTING	ilove.cv	1
282, Sector 19	zozalow.cv	1
Cloud DNS Ltd	lafayette.cv	1
mydnspt.net	rde.cv	1
NOSi	sustentar.cv	1
Almouroltec Servicos De Informatica E Internet Lda	cabocom.cv	1
linxisp.net	irmaoscorreia.cv	1
NOSi	cmsal.cv	1
282, Sector 19	approvedblog.cv	1
NETWORK-SOLUTIONS-HOSTING	cese.cv	1
iaasdns.com	caseirinha.cv	1
AMAZON-02	paulosantos.cv	1
NOSi	domcompany.cv	1
AMAZON-02	lumoluxe.cv	1
webhs.org	hotelmorabeza.cv	1
AMAZON-02	consistencia.cv	1
mydnspt.net	casadoagricultor.cv	1
CLOUDFLARENET	rental.cv	1
282, Sector 19	nashamukt.cv	1
282, Sector 19	dvdplays.cv	1
CLOUDFLARENET	freewebhosting.cv	1
CLOUDFLARENET	cdnhwccmz121.com	1
informan.pt	MICROSOFT-CORP-MSN-AS-BLOCK	1
vivawebhost.com	portoil.cv	1
282, Sector 19	gpforme.cv	1
Almouroltec Servicos De Informatica E Internet Lda	tecv.cv	1
IS-AS-1	maranata.cv	1
blazingfast.io	xdeath.cv	1
prginvestimentos.cv	krinvestments.cv	1
lxsistemas.com	clipcc.cv	1
wtservers.com	emep.cv	1
282, Sector 19	comcastes.cv	1
282, Sector 19	hunteressay.cv	1
dnscpanel.com	efat.cv	1
ptempresas.pt	bancobic.cv	1
health.cv	health.cv	1
CLOUDFLARENET	websitehosting.cv	1
go54.com	comprar.cv	1
runhosting.com	capeverdehomes.cv	1
GANDI SAS	MICROSOFT-CORP-MSN-AS-BLOCK	2
mainservice.pt	cazu.cv	1
dnscpanel.com	mcsolucoes.cv	1
CLOUDFLARENET	igest.cv	1
justhost.com	ffcb.cv	1
grupoimpar.cv	MICROSOFT-CORP-MSN-AS-BLOCK	1
Host Europe GmbH	crm-line.cv	1
empregos.cv	empregos.cv	1
inmotionhosting.com	korpore.cv	1
cmsv.cv	cmsv.cv	1
dnscpanel.com	thefactory.cv	1
Almouroltec Servicos De Informatica E Internet Lda	monnier.cv	1
NOSi	sgai.cv	1
282, Sector 19	chickfilas.cv	1
CLOUDFLARENET	spickler.com	1
tetraedro.pt	MICROSOFT-CORP-MSN-AS-BLOCK	1
serv.best	redirect.cv	1
NOSi	waps.cv	1
IS-AS-1	openmy.cv	1
mozdomains.com	registar.cv	1
BIZLAND-SD	assistec.cv	1
CLOUDFLARENET	OVH SAS	1
dnscpanel.com	zonetech.cv	1
NOSi	mice.cv	1
wtservers.com	anmcv.cv	1
IS-AS-1	canadiancarediscount.cv	1
NOSi	fvc.cv	1
hostgator.com	ofcv.cv	1
CLOUDFLARENET	guardaflix.cv	1
NOSi	protel.cv	1
gigilist.com	avante.cv	1
AMAZON-02	ecoplus.cv	1
dnsaegir.com	mgf.cv	1
hostigohub.nl	kibali.cv	1
TMAIS	tmais.cv	1
servconfig.com	MICROSOFT-CORP-MSN-AS-BLOCK	1
unknown	fit.cv	1
CLOUDFLARENET	hotmail.cv	1
serverbyt.in	stackmail.com	1
O2switch SAS	gospel.cv	1
gruposafety.pt	extintores.cv	1
perf1.com	nameshield.com	1
share-dns.com	cdndns.vip	1
contabo.net	vibra.cv	1
NOSi	tcorauto.cv	1
escolaprofissional.cv	escolaprofissional.cv	1
noc41.com	afrique.cv	1
CLOUDFLARENET	emailowl.com	1
282, Sector 19	elevenlabss.cv	1
AMAZON-02	melicia.cv	1
ptempresas.pt	ptempresas.pt	1
webhs.org	palm.cv	1
IS-AS-1	jualdomain.cv	1
AMAZON-02	tca.cv	1
Almouroltec Servicos De Informatica E Internet Lda	edenroc.cv	1
282, Sector 19	trendcheap.cv	1
Claranet Limited	mardemusica.cv	1
GOOGLE	krafto.cv	1
CLOUDFLARENET	purelymail.com	4
ifastnet.com	omv.cv	1
NOSi	aecar.cv	1
Almouroltec Servicos De Informatica E Internet Lda	hoteldaluz.cv	1
HURRICANE	hoal.cv	1
SECURITYSERVICES	mensager.cv	1
ztomy.com	~	1
SECURITYSERVICES	tigerslot168.cv	1
inmotionhosting.com	metrika.cv	1
beyondimension.pt	Comercio e Prestacao de Servicos Informaticos, Lda	1
NOSi	cpc.cv	1
AMAZON-02	teixeiraengenharia.cv	1
jumpdns.net	crossfit.cv	1
SECURITYSERVICES	mscoaching.cv	1
dnscpanel.com	helpme.cv	1
IS-AS-1	newsaboutterrorism.cv	1
NOSi	covid19.cv	1
AS-VULTR	ctm-srl.cv	1
CLOUDFLARENET	rdjldns.com	1
AMAZON-02	idea.cv	1
fornex.com	whitepage.cv	1
NOSi	iphack.cv	1
dnscpanel.com	prime-r.cv	1
webhs.org	cvfm.cv	1
webhs.org	ZOHO-AS	1
AMAZON-02	igrejabatista.cv	1
dnscpanel.com	electric.cv	1
CLOUDFLARENET	itac.cv	1
282, Sector 19	unityfied.cv	1
O2switch SAS	portal.cv	1
wibrido.com	drogarianacional.cv	1
awsdns-03.org	GANDI SAS	1
org.cv	liberdadereligiosa.cv	1
282, Sector 19	localseo.cv	1
webhs.org	sossir.cv	1
com.br	biblia.cv	1
CDM	specialtours.cv	1
awsdns-07.com	mailgun.org	1
282, Sector 19	seocompanyjaipur.cv	1
Almouroltec Servicos De Informatica E Internet Lda	MICROSOFT-CORP-MSN-AS-BLOCK	1
bcv.cv	bcv.cv	1
webhostingpad.com	acl.cv	1
PONYNET	alipay.cv	1
bptech.pl	realtyart.cv	1
282, Sector 19	rankereports.cv	1
ORANGEHOST	auditec.cv	1
Cloud DNS Ltd	worldweb.ch	1
garantia.cv	MICROSOFT-CORP-MSN-AS-BLOCK	1
linode.com	GOOGLE	1
webhs.org	atlanticbeachresort.cv	1
awardspace.com	harrow.cv	1
CLOUDFLARENET	mail.cv	1
BIZLAND-SD	MICROSOFT-CORP-MSN-AS-BLOCK	1
Claranet Limited	finaconta.cv	1
282, Sector 19	gaseslighting.cv	1
SECURITYSERVICES	Zoho Corporation Pvt. Ltd	2
NOSi	essentialstore.cv	1
private-nameserver.net	sekkin.cv	1
com.br	ccpj.cv	1
dnsiaas.com	california.cv	1
GOOGLE	mxfilter.net	1
Almouroltec Servicos De Informatica E Internet Lda	sogest.cv	1
azure-dns.com	msv1.invalid	1
ukinfotech.com	abudhabi.cv	1
O2switch SAS	buyingproperty.cv	1
NOSi	amsa.cv	1
psengenharia.cv	GOOGLE	1
contabo.net	otium.cv	1
NETWORK-SOLUTIONS-HOSTING	mj.cv	1
IS-AS-1	eternal-challenge.cv	1
wtservers.com	events.cv	1
Cloud DNS Ltd	gbinformatica.cv	1
IS-AS-1	alwaysuniquefabric.cv	1
CLOUDFLARENET	hanime.cv	1
noc40.com	africa.cv	1
dnscpanel.com	duarteauto.cv	1
hostgator.com	charlescompany.cv	1
282, Sector 19	animedaow.cv	1
AMAZON-02	kls.cv	1
fastdomain.com	harmonia.cv	1
282, Sector 19	lemminges.cv	1
oei.pt	economico.cv	1
CLOUDFLARENET	sepehr.cv	1
webstarts.com	hostedemail.com	1
282, Sector 19	jobdirecto.cv	1
O2switch SAS	casas.cv	1
SECURITYSERVICES	audiobloom.info	1
zomro.com	appstat.cv	1
AMAZON-02	icc.cv	1
opensuse.uk	dragoi.cv	1
CLOUDFLARENET	gratishosting.cv	1
CLOUDFLARENET	stackmail.com	1
gruposafety.pt	cv-fire.cv	1
webhs.org	loft.cv	1
AS-VULTR	rtppetir188.cv	1
ORANGEHOST	soca.cv	1
AMAZON-02	batchart.cv	1
CLOUDFLARENET	bestfreehosting.cv	1
CLOUDFLARENET	inteligenciaartificial.cv	1
CLOUDFLARENET	megapersonals.cv	1
282, Sector 19	traductorr.cv	1
lxsistemas.com	MICROSOFT-CORP-MSN-AS-BLOCK	1
Host Europe GmbH	GOOGLE	2
NETWORK-SOLUTIONS-HOSTING	nos.cv	1
NOSi	weblab.cv	1
PONYNET	bestbuy.cv	1
BIZLAND-SD	saudenatural.cv	1
servconfig.com	intersolar.cv	1
the.hosting	rulordfilm.cv	1
Almouroltec Servicos De Informatica E Internet Lda	batuque.cv	1
acenet.us	MICROSOFT-CORP-MSN-AS-BLOCK	1
282, Sector 19	funwithfeetr.cv	1
CLOUDFLARENET	miltonpaiva.cv	1
dnszeus.com	iacv.cv	1
282, Sector 19	myuday.cv	1
ibername.com	spamexperts.com	1
expertmedia.pt	islandhomes.cv	1
Claranet Limited	camarote.cv	1
mota-engil.pt	MICROSOFT-CORP-MSN-AS-BLOCK	1
hostgator.com	GOOGLE	1
BIZLAND-SD	mediamail.cv	1
282, Sector 19	toonstreams.cv	1
inmotionhosting.com	infotecnica.cv	1
IS-AS-1	worldsheadline.cv	1
servconfig.com	cam.cv	1
cvt.cv	cvt.cv	1
wtservers.com	wag.cv	1
AMAZON-02	cesar.cv	1
gimpar.cv	MICROSOFT-CORP-MSN-AS-BLOCK	1
dnscpanel.com	mfgroup.cv	1
justhost.com	GOOGLE	1
Host Europe GmbH	multipedras.cv	1
AMAZON-02	gif.cv	1
wtservers.com	blutek.cv	1
CLOUDFLARENET	larksuite.com	2
BIZLAND-SD	verdefam.cv	1
controlpanel.si	toolbox.cv	1
CLOUDFLARENET	tecmic.pt	1
com.br	cenip.cv	1
NOSi	santacruzdigital.cv	1
fastdomain.com	oponto.cv	1
NOSi	inlab.cv	1
alexhost.md	terraterra.cv	1
com.br	oacv.cv	1
dnsuk.net	photo.cv	1
GOOGLE	csisolutions.cv	1
282, Sector 19	sportsurgers.cv	1
e-learn.cv	GOOGLE	1
biblesocieties.org	MICROSOFT-CORP-MSN-AS-BLOCK	1
com.br	airtel.cv	1
AMAZON-02	ra-po.cv	1
282, Sector 19	streameasty.cv	1
dnshati.com	despachanteoficial.cv	1
dnscpanel.com	fonsecasantos.cv	1
webmaklay.com	excellentnumbers.cv	1
gruposafety.cv	gruposafety.cv	1
AMAZON-02	sapo.pt	1
IS-AS-1	graphitetogreen.cv	1
NOSi	genius.cv	1
CLOUDFLARENET	111915.xyz	1
stablehost.com	firstpass.cv	1
dn-s.nl	balcao-unico.cv	1
CDM	summer.cv	1
282, Sector 19	coative.cv	1
IS-AS-1	toptrendymall.cv	1
CLOUDFLARENET	marinvest.cv	1
282, Sector 19	addmetosearch.cv	1
webhs.org	fic.cv	1
phpnet.org	GOOGLE	1
CLOUDFLARENET	greenhosting.cv	1
CLOUDFLARENET	easytours.cv	1
mydnspt.net	sahida.cv	1
CLOUDFLARENET	agtour.cv	1
supercp.com	MICROSOFT-CORP-MSN-AS-BLOCK	1
CLOUDFLARENET	mpd.cv	1
dnscpanel.com	puragua.cv	1
CLOUDFLARENET	hostinger.pk	1
trusted-dns.com	timnelson.cv	1
282, Sector 19	how2invest.cv	1
OVH SAS	epec.cv	1
empregos.cv	formacao.cv	1
CLOUDFLARENET	movieplex.cv	1
AMAZON-02	flordeliz.cv	1
CLOUDFLARENET	1filmy4wap.cv	1
Host Europe GmbH	MICROSOFT-CORP-MSN-AS-BLOCK	1
AMAZON-02	cvtek.cv	1
CLOUDFLARENET	ame.cv	1
NOSi	adminsolutions.cv	1
servconfig.com	jmholding.cv	1
eugeneinformatique.com	lenerzimoris.cv	1
282, Sector 19	copypastae.cv	1
mydnspt.net	ecofarm.cv	1
webhs.org	snis.cv	1
timeweb.org	timeweb.ru	1
AS-VULTR	onkworks.cv	1
site5.com	accountservergroup.com	1
salweb.org	dna.cv	1
282, Sector 19	darktoguide.cv	1
NOSi	investidor.cv	1
NOSi	fpef.cv	1
dnscpanel.com	rfs.cv	1
NOSi	protour.cv	1
Almouroltec Servicos De Informatica E Internet Lda	ferreira.cv	1
crypto.cv	crypto.cv	1
AMAZON-02	bestfishing.cv	1
CLOUDFLARENET	hostinger.fr	1
O2switch SAS	nazarenos.cv	1
simply.com	simply.com	1
webhs.org	cloud.cv	1
Host Europe GmbH	ispgateway.de	1
Hetzner Online GmbH	hunter.cv	1
NETWORK-SOLUTIONS-HOSTING	web3.cv	1
mydnspt.net	sci.cv	1
SECURITYSERVICES	ma-invest.cv	1
unknown	cis.cv	1
NOSi	ifh.cv	1
NSONE	Cloudflare London, LLC	1
shockhosting.com	learningarchitect.cv	1
mydnspt.net	santacruzbh.cv	1
SECURITYSERVICES	iaprem.fun	1
NOSi	topwash.cv	1
NSONE	amazonaws.com	1
dnscpanel.com	bento.cv	1
NOSi	ipc.cv	1
AMAZON-02	protege.cv	1
linxisp.net	vunku.cv	1
CLOUDFLARENET	smtp.dev	1
iptwins.com	iptwins.com	1
linxisp.net	sigma.cv	1
easyhost.be	livingonthebeach.com	1
NETWORK-SOLUTIONS-HOSTING	aguianet.com	1
AMAZON-02	sdm.cv	1
empregos.cv	jsmedia.cv	1
iaasdns.com	alsosee.cv	1
dnsjupiter.com	chery.cv	1
SECURITYSERVICES	forwardemail.net	1
CLOUDFLARENET	rebuild.cv	1
CLOUDFLARENET	criticalinfo.cv	1
SECURITYSERVICES	CLOUDFLARENET	1
encirca.net	oxcs.net	1
282, Sector 19	aidvantagez.cv	1
dnscpanel.com	proactiva.cv	1
wtservers.com	consultores.cv	1
myfastdns.com	casitodoweb.cv	1
CLOUDFLARENET	support-pia.cv	1
compulab.pt	MICROSOFT-CORP-MSN-AS-BLOCK	1
inmotionhosting.com	csolutions.cv	1
CLOUDFLARENET	Comercio e Prestacao de Servicos Informaticos, Lda	1
CLOUDFLARENET	dreamhost.com	1
Almouroltec Servicos De Informatica E Internet Lda	casinoroyal.cv	1
3gnt.net	MICROSOFT-CORP-MSN-AS-BLOCK	1
hotelperola.cv	MICROSOFT-CORP-MSN-AS-BLOCK	1
unknown	dkaza.cv	1
282, Sector 19	fanslyhub.cv	1
