max.md	AMAZON-AES (AS14618)	43
It Concept Srl	It Concept Srl (AS44388)	920
CLOUDFLARENET	Hetzner Online GmbH (AS24940)	139
CLOUDFLARENET	Hostinger International Limited (AS47583)	327
MivoCloud SRL	MivoCloud SRL (AS39798)	110
CLOUDFLARENET	CLOUDFLARENET (AS13335)	1756
Information Technology and Cyber Security Service	Information Technology and Cyber Security Service (AS28990)	636
directmdemail.com	AMAZON-AES (AS14618)	78
HURRICANE	GRIDFURY-AS (AS40630)	1
Information Technology and Cyber Security Service	Inovare-Prim SRL (AS60602)	20
GOOGLE	MivoCloud SRL (AS39798)	1
StarNet Solutii SRL	StarNet Solutii SRL (AS31252)	58
reg.ru	Domain names registrar REG.RU, Ltd (AS197695)	44
CLOUDFLARENET	StarNet Solutii SRL (AS31252)	20
Information Technology and Cyber Security Service	Ddos-guard Ltd (AS57724)	60
ipcom GmbH	AMAZON-02 (AS16509)	35
neovita.md	Information Technology and Cyber Security Service (AS28990)	1
Inovare-Prim SRL	Ddos-guard Ltd (AS57724)	9
GOOGLE	It Concept Srl (AS44388)	2
AMAZON-02	GOOGLE (AS15169)	40
Information Technology and Cyber Security Service	Hetzner Online GmbH (AS24940)	38
vigbo.site	Hetzner Online GmbH (AS24940)	18
awsdns-01.org	DIGITALOCEAN-ASN (AS14061)	1
CLOUDFLARENET	Ddos-guard Ltd (AS57724)	153
GOOGLE-CLOUD-PLATFORM	20i Limited (AS48254)	3
IM Level 7 SRL	IM Level 7 SRL (AS43588)	239
Arax-Impex s.r.l.	Arax-Impex s.r.l. (AS15836)	14
netim.net	Eurofiber France SAS (AS24935)	144
Inovare-Prim SRL	Inovare-Prim SRL (AS60602)	796
Strato GmbH	Strato GmbH (AS6724)	5
Information Technology and Cyber Security Service	OVH SAS (AS16276)	43
CLOUDFLARENET	GOOGLE-CLOUD-PLATFORM (AS396982)	28
Host Europe GmbH	AMAZON-02 (AS16509)	85
second-ns.com	Hetzner Online GmbH (AS24940)	33
mirohost.net	Internet Invest, Ltd. (AS25393)	6
CLOUDFLARENET	Foxcloud Communications Srl (AS209482)	24
SECURITYSERVICES	CSC (AS19574)	126
digicertdns.com	Akamai Connected Cloud (AS63949)	1
CLOUDFLARENET	AMAZON-02 (AS16509)	176
CLOUDFLARENET	INCAPSULA (AS19551)	86
x10premium.com	SINGLEHOP-LLC (AS32475)	1
Foxcloud Llp	Foxcloud Llp (AS200904)	22
fozzy.com	Webzilla B.V. (AS35415)	36
co.uk	OVH SAS (AS16276)	2
awsdns-12.org	AMAZON-02 (AS16509)	1
register.it	Aruba S.p.A. (AS31034)	2
Information Technology and Cyber Security Service	Servers Tech Fzco (AS216071)	1
GOOGLE-CLOUD-PLATFORM	GOOGLE-CLOUD-PLATFORM (AS396982)	39
MICROSOFT-CORP-MSN-AS-BLOCK	MICROSOFT-CORP-MSN-AS-BLOCK (AS8075)	20
datahost.md	Datahost SRL (AS62071)	14
Hetzner Online GmbH	Hetzner Online GmbH (AS24940)	164
host-age.ro	My Server Media Srl (AS31244)	2
AMAZON-02	OVH SAS (AS16276)	30
Information Technology and Cyber Security Service	It Concept Srl (AS44388)	15
Information Technology and Cyber Security Service	Information Technology and Cyber Security Service (AS39279)	52
Information Technology and Cyber Security Service	StarNet Solutii SRL (AS31252)	14
awsdns-16.com	AMAZON-AES (AS14618)	1
CLOUDFLARENET	GMO Internet Group, Inc. (AS58791)	2
GANDI SAS	GANDI SAS (AS29169)	68
Trellian Pty. Limited	Trellian Pty. Limited (AS133618)	10
frigo.md	DANIS SRL (AS43870)	1
Host Europe GmbH	CLOUDFLARENET (AS13335)	1
ROMARG SRL	ROMARG SRL (AS205275)	156
markmonitor.zone	AMAZON-02 (AS16509)	9
igordobinda.com	OVH SAS (AS16276)	2
netim.net	Telia Lietuva, AB (AS43811)	2
netim.net	GOOGLE (AS15169)	8
sedoparking.com	SEDO GmbH (AS47846)	146
AMAZON-02	Team Internet AG (AS61969)	60
awsdns-22.org	AMAZON-02 (AS16509)	2
kvint.md	INTERDNESTRKOM, Sovmestnoe Zakrytoe Aktsionernoe Obshchestvo (AS1547)	1
MICROSOFT-CORP-MSN-AS-BLOCK	GO-DADDY-COM-LLC (AS398101)	1
NSONE	AMAZON-02 (AS16509)	139
markmonitor.com	AMAZON-02 (AS16509)	103
CLOUDFLARENET	UNIFIEDLAYER-AS-1 (AS46606)	52
CLOUDFLARENET	Arax-Impex s.r.l. (AS15836)	2
wolverinedns.com	ASACENET1 (AS22878)	1
CLOUDFLARENET	AMAZON-AES (AS14618)	21
GOOGLE	Wix.com Ltd. (AS58182)	113
senzor.md	Information Technology and Cyber Security Service (AS28990)	1
cscudns.com	Austrian Airlines AG (AS44594)	2
cyberfolks.ro	Cyber_Folks SRL (AS44043)	19
Hetzner Online GmbH	Inovare-Prim SRL (AS60602)	18
ns14.net	PlusServer GmbH (AS61157)	1
CLOUDFLARENET	DREAMHOST-AS (AS26347)	19
Webhost LLC	Webhost LLC (AS44094)	53
Information Technology and Cyber Security Service	Orange Moldova S.A. (AS25454)	10
Safenames Ltd.	Safenames Ltd. (AS60819)	39
ns14.net	MARCANT AG (AS15726)	1
Pq Hosting Plus S.r.l.	Pq Hosting Plus S.r.l. (AS44477)	6
okens.domains	Team Internet AG (AS61969)	2
web-solutions.dk	Sentia Denmark A/S (AS47292)	2
nmk.md	Information Technology and Cyber Security Service (AS28990)	1
CLOUDFLARENET	Moldtelecom SA (AS8926)	17
mteam-ssc.com	Upnet IT SRL (AS202822)	1
Hetzner Online GmbH	Contabo GmbH (AS51167)	18
123ns.de	'ingenit GmbH & Co. KG' (AS57376)	4
euroweb.ro	Euroweb Romania S.R.L. (AS6663)	1
cerzal.space	DIGITALOCEAN-ASN (AS14061)	2
kasserver.com	Neue Medien Muennich GmbH (AS34788)	3
CLOUDFLARENET	Inovare-Prim SRL (AS60602)	28
securepod.com	Easyhost Srl (AS39756)	1
w2kzx80.net	Hetzner Online GmbH (AS24940)	1
SCAAM0001	Host Europe GmbH (AS8972)	2
MICROSOFT-CORP-MSN-AS-BLOCK	GIONA (AS22838)	1
Information Technology and Cyber Security Service	AMAZON-02 (AS16509)	39
CLOUDFLARENET	DIGITALOCEAN-ASN (AS14061)	122
CLOUDFLARENET	Information Technology and Cyber Security Service (AS39279)	6
Alexhost Srl	Alexhost Srl (AS200019)	42
hostland.ru	Hostland LTD (AS62082)	7
Information Technology and Cyber Security Service	Host Europe GmbH (AS21499)	1
SECURITYSERVICES	MICROSOFT-CORP-MSN-AS-BLOCK (AS8075)	5
Host Europe GmbH	Simpals SRL (AS51954)	76
Information Technology and Cyber Security Service	GTT Communications Inc. (AS3257)	2
MICROSOFT-CORP-MSN-AS-BLOCK	GOOGLE-CLOUD-PLATFORM (AS396982)	2
kenwood.md	Orange Moldova S.A. (AS25454)	1
It Concept Srl	Cloudflare London, LLC (AS209242)	1
netim.net	Cloudflare London, LLC (AS209242)	2
getspace.us	Hetzner Online GmbH (AS24940)	1
CLOUDFLARENET	Dotro Telecom Srl (AS43376)	1
Inovare-Prim SRL	FASTLY (AS54113)	5
a5.ru	RETN Limited (AS9002)	2
YANDEX LLC	Ddos-guard Ltd (AS57724)	6
SECURITYSERVICES	UUNET (AS701)	2
Information Technology and Cyber Security Service	uvensys GmbH (AS58010)	1
CLOUDFLARENET	It Concept Srl (AS44388)	17
registrar-servers.com	Green Floid LLC (AS59729)	1
MICROSOFT-CORP-MSN-AS-BLOCK	Betty Ice SRL (AS48930)	2
Information Technology and Cyber Security Service	FASTLY (AS54113)	17
Information Technology and Cyber Security Service	Arax-Impex s.r.l. (AS15836)	15
Akamai International B.V.	ADP1 (AS14299)	1
ZONER a.s.	ZONER a.s. (AS34222)	12
akzonobel.com	AMAZON-02 (AS16509)	2
IONOS SE	united-domains GmbH (AS202108)	46
digcloud.ru	I-servers Ltd (AS209641)	2
SECURITYSERVICES	Bayerische Motoren Werke Aktiengesellschaft (AS8590)	2
OVH SAS	P.a.g.m. Ou (AS198068)	30
Signet B.V.	Signet B.V. (AS20857)	56
YANDEX LLC	Information Technology and Cyber Security Service (AS28990)	3
zahid.host	MVPS LTD (AS202448)	18
datacontrol.md	StarNet Solutii SRL (AS31252)	1
ihoster24.com	Voxility LLP (AS3223)	3
Host Europe GmbH	SEDO GmbH (AS47846)	2
Hosting Ukraine LTD	Hetzner Online GmbH (AS24940)	11
fornex.com	Fornex Hosting S.L. (AS44051)	20
GOOGLE	Arax-Impex s.r.l. (AS15836)	5
Information Technology and Cyber Security Service	CLOUDFLARENET (AS13335)	35
handyhost.ru	Hetzner Online GmbH (AS24940)	19
constellix.com	DIGICERT (AS16552)	1
dnsitalia.net	genesys informatica srl (AS24994)	1
Host Europe GmbH	Host Europe GmbH (AS21499)	8
sprinthost.net	Sprinthost.ru LLC (AS35278)	7
ANEXIA Internetdienstleistungs GmbH	Tarhely.Eu Szolgaltato Kft. (AS43359)	1
awsdns-23.net	AMAZON-02 (AS16509)	1
timeweb.org	TimeWeb LLC (AS9123)	50
plusserver.com	PlusServer GmbH (AS61157)	2
CLOUDFLARENET	Beget LLC (AS198610)	4
Beget LLC	Beget LLC (AS198610)	127
It Concept Srl	Ddos-guard Ltd (AS57724)	17
AMAZON-02	WHG Hosting Services Ltd (AS36454)	1
fastdns.hosting	Hosting Ukraine LTD (AS200000)	1
NetActuate, Inc	StarNet Solutii SRL (AS31252)	7
hostgator.com	Orange Moldova S.A. (AS31204)	10
glbns.com	Servergarden Kft. (AS47381)	5
Hetzner Online GmbH	Ddos-guard Ltd (AS57724)	4
glt.ro	IONOS SE (AS8560)	3
Host Europe GmbH	Digi Romania S.A. (AS8708)	1
professor.md	Hetzner Online GmbH (AS24940)	1
second-ns.com	OVH SAS (AS16276)	1
Information Technology and Cyber Security Service	DIGITALOCEAN-ASN (AS14061)	15
SECURITYSERVICES	Alexhost Srl (AS200019)	1
spaceweb.pro	SpaceWeb Ltd (AS44112)	8
nexloc.ro	Exim Host SRL (AS211611)	7
awsdns-17.org	AMAZON-02 (AS16509)	2
OVH SAS	OVH SAS (AS16276)	42
SECURITYSERVICES	dogado GmbH (AS47215)	1
co.uk	SECURITYSERVICES (AS12008)	1
Foxcloud Llp	Foxcloud Communications Srl (AS209482)	29
cloudns.net	Iomart Cloud Services Limited (AS20860)	1
a1.net	Nessus GmbH (AS47692)	1
hasdeu.md	Moldtelecom SA (AS8926)	1
Inovare-Prim SRL	Arax-Impex s.r.l. (AS15836)	1
nameshield.net	Nameshield SAS (AS20756)	8
Information Technology and Cyber Security Service	GOOGLE (AS15169)	14
unknown	Inovare-Prim SRL (AS60602)	11
awsdns-06.com	AMAZON-AES (AS14618)	1
myukcloud.com	UKDedicated LTD (AS34282)	1
cloudns.net	Societatea Comerciala ACER-COM S.R.L. (AS57713)	2
webus.md	StarNet Solutii SRL (AS31252)	4
proinit.md	OVH SAS (AS16276)	3
abs.md	Orange Moldova S.A. (AS25454)	1
trouble-free.net	IS-AS-1 (AS19318)	2
Information Technology and Cyber Security Service	Contabo GmbH (AS51167)	10
register.it	Register S.p.A. (AS39729)	26
HURRICANE	StarNet Solutii SRL (AS31252)	4
lnhi.net	LNH-INC (AS20021)	1
Societatea cu Raspundere Limitata ITGROUP & SERVICES	Societatea cu Raspundere Limitata ITGROUP & SERVICES (AS202966)	16
adns.md	Hetzner Online GmbH (AS24940)	2
gnt.md	Global Network Technology Srl (AS34529)	10
domains.ch	Sunrise GmbH (AS6730)	1
com.ar	OVH SAS (AS16276)	1
adminvps.net	Hostkey B.v. (AS57043)	4
awsdns-13.org	Cloudflare London, LLC (AS209242)	1
CLOUDFLARENET	FASTLY (AS54113)	17
nic.ru	HLL LLC (AS51115)	1
CLOUDFLARENET	Orange Moldova S.A. (AS25454)	9
MICROSOFT-CORP-MSN-AS-BLOCK	OVH SAS (AS16276)	1
CLOUDFLARENET	MivoCloud SRL (AS39798)	6
Hosting Ukraine LTD	Hosting Ukraine LTD (AS200000)	25
awsdns-06.net	Hetzner Online GmbH (AS24940)	1
rapidlink.md	S.A.Rapid Link S.R.L. (AS50084)	1
webdesignagency.ro	Cyber_Folks SRL (AS44043)	1
CLOUDFLARENET	SQUARESPACE (AS53831)	10
awsdns-07.org	GOOGLE (AS15169)	2
CLOUDFLARENET	Information Technology and Cyber Security Service (AS28990)	5
HURRICANE	Information Technology and Cyber Security Service (AS28990)	1
Seonet Multimedia s.r.o.	Seonet Multimedia s.r.o. (AS59925)	3
argewebhosting.com	Accenture B. V. (AS8315)	2
Hetzner Online GmbH	Trabia SRL (AS43289)	1
agfa.be	Agfa Gevaert NV (AS31612)	1
providedns.com	HVC-AS (AS29802)	1
esppharma.md	AHOSTING (AS54163)	1
SECURITYSERVICES	NAMECHEAP-NET (AS22612)	27
ROMARG SRL	Ddos-guard Ltd (AS57724)	1
UNIFIEDLAYER-AS-1	UNIFIEDLAYER-AS-1 (AS46606)	10
CLOUDFLARENET	OPUS-INTERACTIVE-HIO1 (AS14380)	1
YANDEX LLC	Societatea Comerciala ACER-COM S.R.L. (AS57713)	1
Inovare-Prim SRL	CLOUDFLARENET (AS13335)	6
awsdns-47.net	AMAZON-02 (AS16509)	1
Yuan-Jhen Info., Co., Ltd	Yuan-Jhen Info., Co., Ltd (AS131149)	5
CLOUDFLARENET	Simpals SRL (AS51954)	8
registrar-servers.com	Cloudflare London, LLC (AS209242)	1
Information Technology and Cyber Security Service	Hetzner Online GmbH (AS212317)	1
CLOUDFLARENET	IM Level 7 SRL (AS43588)	14
Moldcell S.A.	Moldcell S.A. (AS43925)	7
v8.md	Orange Moldova S.A. (AS25454)	2
domeny.tv	Dataspace P.s.a. (AS50599)	17
gmg.md	General Media Group SRL (AS8917)	2
MICROSOFT-CORP-MSN-AS-BLOCK	Moldtelecom SA (AS8926)	1
giantpanda.com	Akamai Connected Cloud (AS63949)	2
contabo.net	Contabo GmbH (AS51167)	19
egontek.net	Technology Transfer Intercontinental S.R.L (AS44567)	1
dopla.eu	VANCIS Vancis Advanced ICT Services (AS1126)	1
serveriai.lt	UAB Interneto vizija (AS212531)	11
se.md	Hetzner Online GmbH (AS24940)	1
CLOUDFLARENET	GO-DADDY-COM-LLC (AS398101)	2
S.c.logigrup Srl	S.c.logigrup Srl (AS43818)	16
NSONE	Akamai International B.V. (AS213120)	1
for-ns.biz	Hetzner Online GmbH (AS24940)	3
vscale.io	JSC Selectel (AS49505)	1
prohosting.md	Hetzner Online GmbH (AS24940)	7
OVH SAS	Hetzner Online GmbH (AS24940)	23
cloudns.net	terralink networks GmbH (AS59507)	1
atvirtual.com	Festo Management SE (AS41700)	1
CLOUDFLARENET	Hosterion Srl (AS43927)	7
JSC RTComm.RU	GHOSTnet GmbH (AS12586)	3
CLOUDFLARENET	AS-VULTR (AS20473)	4
OVH SAS	Internet Invest, Ltd. (AS25393)	2
CLOUDFLARENET	Stichting Hivos (AS60526)	1
guardfox.com	HVC-AS (AS29802)	1
GOOGLE	GOOGLE (AS15169)	8
awsdns-01.com	Wix.com Ltd. (AS58182)	1
mldnet.com	Orange Moldova S.A. (AS25454)	6
Information Technology and Cyber Security Service	Moldtelecom SA (AS8926)	6
netim.net	netcup GmbH (AS197540)	1
cloudns.net	Signet B.V. (AS20857)	1
Host Europe GmbH	Information Technology and Cyber Security Service (AS39279)	2
fastdirectadminserver.com	OVH SAS (AS16276)	4
registrar-servers.com	NAMECHEAP-NET (AS22612)	12
Information Technology and Cyber Security Service	Alex Group LLC (AS212165)	1
Hetzner Online GmbH	GTS Telecom SRL (AS5606)	7
dveejok.com	MivoCloud SRL (AS39798)	3
awsdns-16.net	AMAZON-02 (AS16509)	2
continent.md	StarNet Solutii SRL (AS31252)	2
serveriai.lt	AMAZON-02 (AS16509)	1
firstvds.ru	JSC IOT (AS29182)	4
register.it	Ddos-guard Ltd (AS57724)	1
porsche.asia	MICROSOFT-CORP-MSN-AS-BLOCK (AS8075)	1
awsdns-12.net	AMAZON-02 (AS16509)	2
w3line.fr	OVH SAS (AS16276)	1
viz.md	Information Technology and Cyber Security Service (AS28990)	1
awsdns-12.com	AMAZON-02 (AS16509)	3
hostgator.com	NETWORK-SOLUTIONS-HOSTING (AS19871)	7
net.in	Arvid Logicum OU (AS202376)	5
Hetzner Online GmbH	CLOUDFLARENET (AS13335)	6
afraid.org	Orange Moldova S.A. (AS25454)	1
mserwis.pl	Dataspace P.s.a. (AS50599)	1
gmb.ro	GMB Computers SRL (AS31017)	2
leaseweb.nl	LeaseWeb Netherlands B.V. (AS60781)	1
CLOUDFLARENET	MICROSOFT-CORP-MSN-AS-BLOCK (AS8075)	3
controlpanel.si	SIEL, d.o.o. (AS51790)	1
lexsynergy.info	Akamai Connected Cloud (AS63949)	1
a2dns.com	A2HOSTING (AS55293)	2
Information Technology and Cyber Security Service	Pq Hosting Plus S.r.l. (AS44477)	7
DIGICERT	DIGICERT (AS16552)	7
vpbx.md	Moldtelecom SA (AS8926)	1
Paynet Services SRL	Paynet Services SRL (AS61334)	3
CLOUDFLARENET	Tilda Publishing Ltd. (AS205282)	34
domaintechnik.at	AUTOMATTIC (AS2635)	1
It Concept Srl	NETH LLC (AS202302)	1
newtekdns.com	CRYSTALTECH (AS14992)	1
CLOUDFLARENET	Arvid Logicum OU (AS202376)	2
LLC VK	JSC IOT (AS29182)	2
YANDEX LLC	Moldtelecom SA (AS8926)	3
Hangzhou Alibaba Advertising Co.,Ltd.	Tencent Building, Kejizhongyi Avenue (AS132203)	2
ns14.net	InterNetX GmbH (AS15456)	6
gts.ro	MICROSOFT-CORP-MSN-AS-BLOCK (AS8075)	1
xData Cloud SRL	xData Cloud SRL (AS213400)	9
lagmar.md	It Concept Srl (AS44388)	1
CLOUDFLARENET	Wix.com Ltd. (AS58182)	3
Information Technology and Cyber Security Service	LVLT-3549 (AS3549)	1
ucoz.net	Webhost LLC (AS44094)	5
IM Level 7 SRL	StarNet Solutii SRL (AS31252)	2
proservice.md	Orange Moldova S.A. (AS25454)	1
CLOUDFLARENET	NETWORK-SOLUTIONS-HOSTING (AS19871)	6
OVH SAS	Hostpro Lab LLC (AS196645)	1
bisping.de	Bisping & Bisping GmbH & Co KG (AS20686)	2
domainoo.fr	Planet Service SARL (AS61168)	3
Information Technology and Cyber Security Service	Agentia Transcor SRL (AS12450)	3
hesburger.fi	DNA Oyj (AS16086)	1
ns14.net	WIIT AG (AS24961)	1
do-ex.com	INTAC Services GmbH (AS44076)	1
SECURITYSERVICES	Inovare-Prim SRL (AS60602)	1
CLOUDFLARENET	OVH SAS (AS16276)	30
CLOUDFLARENET	ROMARG SRL (AS205275)	2
awsdns-02.net	DALTON-UTILITIES-OPTILINK (AS30165)	1
net.ua	Zemlyaniy Dmitro Leonidovich (AS42159)	4
renam.md	Universitatea de Stat din Moldova (AS214788)	1
ns14.net	Sunrise GmbH (AS6730)	1
lemarit.de	AMAZON-02 (AS16509)	1
OVH SAS	BIZNESSHOSTING-DBA-VOLICO (AS33724)	5
hostgator.com	ORACLE-BMC-31898 (AS31898)	2
da.direct	IM Level 7 SRL (AS43588)	3
CLOUDFLARENET	RENAM Public Association (AS9199)	8
osipov.md	Information Technology and Cyber Security Service (AS28990)	1
vb.md	Cb Victoriabank Jsc (AS205606)	2
Hosterion Srl	Hosterion Srl (AS43927)	22
rebel.com	AMAZON-AES (AS14618)	3
kei.pl	Cyber_Folks S.A. (AS29522)	1
AUTOMATTIC	AUTOMATTIC (AS2635)	10
Arvid Logicum OU	Arvid Logicum OU (AS202376)	11
dnsprotect.com	DIMENOC (AS33182)	2
ACTIVE 24, s.r.o.	WebSupport s.r.o. (AS51013)	8
moron.marketing	LIQUIDWEB (AS32244)	1
the.hosting	Pq Hosting Plus S.r.l. (AS44477)	4
Host Europe GmbH	GOOGLE (AS15169)	2
opora.md	MivoCloud SRL (AS39798)	1
net.ua	Content Delivery Network Ltd (AS13188)	1
pyrexhosting.com	SHARKTECH (AS46844)	1
GTS Telecom SRL	GTS Telecom SRL (AS5606)	25
bpo.md	Hetzner Online GmbH (AS24940)	1
Clodo Cloud Service Co. L.L.C	Clodo Cloud Service Co. L.L.C (AS216154)	9
gransy.com	CASABLANCA INT a.s. (AS15685)	11
vivo.md	Information Technology and Cyber Security Service (AS28990)	1
Information Technology and Cyber Security Service	Universitatea de Stat de Medicina si Farmacie Nicolae Testemitanu din Republica Moldova (AS208671)	1
CLOUDFLARENET	M247 Europe SRL (AS9009)	2
exum.eu	OVH SAS (AS16276)	1
CLOUDFLARENET	Trabia SRL (AS43289)	4
noc40.com	Binary Racks Limited (AS59895)	2
AMAZON-02	GOOGLE-CLOUD-PLATFORM (AS396982)	11
co.uk	IONOS SE (AS8560)	3
CLOUDFLARENET	ASN-CXA-ALL-CCI-22773-RDC (AS22773)	1
domain.com	Hetzner Online GmbH (AS24940)	3
user.md	Agentia Transcor SRL (AS12450)	2
punct.org	Hetzner Online GmbH (AS24940)	1
co.uk	MICROSOFT-CORP-MSN-AS-BLOCK (AS8075)	1
GOOGLE	METANET AG (AS21069)	1
server-dns.name	Arvid Logicum OU (AS202376)	4
nic53.de	Telecom Liechtenstein AG (AS20634)	1
cloudns.net	JSC Selectel (AS49505)	1
GOOGLE	FASTLY (AS54113)	2
IONOS SE	IONOS SE (AS8560)	13
webng.md	Information Technology and Cyber Security Service (AS28990)	2
dnshigh.com	Server Plan S.r.l. (AS52030)	1
kru.pl	ITH sp. z o.o. (AS207668)	1
co.uk	Hetzner Online GmbH (AS24940)	2
iskyhost.net	Hetzner Online GmbH (AS24940)	2
netim.net	FASTLY (AS54113)	3
fidushost.ro	Quantcom, a.s. (AS29208)	1
SECURITYSERVICES	Entain Services Austria GmbH (AS13008)	4
commerzbank.com	Commerzbank Aktiengesellschaft (AS16365)	1
JSC Selectel	JSC Selectel (AS49505)	7
barbero.zone	IBH IT-Service GmbH (AS15372)	2
CLOUDFLARENET	JSC Mediasoft ekspert (AS48347)	1
fastfox.pro	JSC Selectel (AS49505)	2
G-Core Labs S.A.	XRUI TECHNOLOGY LIMITED (AS153494)	4
freehosting.com	Hetzner Online GmbH (AS24940)	6
OVH SAS	CLOUDFLARENET (AS13335)	2
Host Europe GmbH	MICROSOFT-CORP-MSN-AS-BLOCK (AS8075)	1
wfolio.com	Clodo Cloud Service Co. L.L.C (AS216154)	5
wedoit.md	Hetzner Online GmbH (AS24940)	1
NUCDN	Datacenter Luxembourg S.A. (AS24611)	24
Hetzner Online GmbH	OVH SAS (AS16276)	1
nethouse.ru	Hosting Ltd (AS43362)	3
HURRICANE	netcup GmbH (AS197540)	3
CLOUDFLARENET	Hostkey B.v. (AS57043)	7
awsdns-29.net	AMAZON-02 (AS16509)	1
Science Production Company Trifle Ltd.	RENAM Public Association (AS9199)	5
netim.net	AMAZON-02 (AS16509)	7
fornex.com	Datasource AG (AS51395)	3
studium.md	Information Technology and Cyber Security Service (AS28990)	1
HURRICANE	ORACLE-BMC-31898 (AS31898)	1
GANDI SAS	MICROSOFT-CORP-MSN-AS-BLOCK (AS8069)	4
YANDEX LLC	Webzilla B.V. (AS35415)	1
yolo.md	Arax-Impex s.r.l. (AS15836)	1
Inovare-Prim SRL	RENDER (AS397273)	3
CLOUDFLARENET	ORACLE-BMC-31898 (AS31898)	8
byethost26.org	Wildcard UK Limited (AS34119)	1
oppomobile.md	Orange Moldova S.A. (AS25454)	1
draexlmaier.de	DIGITALOCEAN-ASN (AS14061)	1
Information Technology and Cyber Security Service	AMAZON-AES (AS14618)	9
railway.md	Arax-Impex s.r.l. (AS15836)	2
Orange Moldova S.A.	Orange Moldova S.A. (AS25454)	15
NUCDN	Team Internet AG (AS61969)	13
wfolio.com	Haicom Limited (AS48988)	3
servercount.com	Hetzner Online GmbH (AS24940)	1
MICROSOFT-CORP-MSN-AS-BLOCK	DIGITALOCEAN-ASN (AS14061)	3
awsdns-00.net	IDC Frontier Inc. (AS4694)	1
netim.net	CLOUDFLARENET (AS13335)	5
ORACLE-BMC-31898	Fiberstream 87 AG (AS60016)	1
com.br	NETWORK-SOLUTIONS-HOSTING (AS19871)	2
StarNet Solutii SRL	RENAM Public Association (AS9199)	1
awsdns-02.org	JSC Selectel (AS49505)	1
CLOUDFLARENET	Baykov Ilya Sergeevich (AS41745)	1
Inovare-Prim SRL	DIGITALOCEAN-ASN (AS14061)	3
icp100.net	CLOUDFLARENET (AS13335)	1
hostpapa.com	HOSTP-LA (AS23273)	1
hostinteligente.com	NETWORK-SOLUTIONS-HOSTING (AS19871)	1
Akamai International B.V.	Akamai International B.V. (AS20940)	11
LLC Smart Ape	LLC Smart Ape (AS56694)	12
porsche.asia	Dr. Ing. h.c. F. Porsche AG (AS33848)	1
enter-system.com	AMAZON-02 (AS16509)	3
Host Europe GmbH	WINDSTREAM (AS7029)	1
hola.md	Inovare-Prim SRL (AS60602)	1
peugeot.md	Orange Moldova S.A. (AS25454)	1
Akamai International B.V.	AMAZON-02 (AS16509)	3
StarNet Solutii SRL	Hetzner Online GmbH (AS24940)	12
markmonitor.com	HILTON-E (AS26529)	1
kh.md	Guardfox SRL (AS25455)	1
It Concept Srl	OVH SAS (AS16276)	2
awsdns-00.net	Hetzner Online GmbH (AS24940)	1
ltslodge.com	GTS Telecom SRL (AS5606)	1
awsdns-32.com	AMAZON-02 (AS16509)	2
ultra.md	UNIFIEDLAYER-AS-1 (AS46606)	3
tld.pl	Cyber_Folks S.A. (AS43758)	3
facebook.com	FACEBOOK (AS32934)	2
combell.net	Combell NV (AS34762)	3
itservice.md	Societatea cu Raspundere Limitata ITGROUP & SERVICES (AS202966)	3
Hostpoint AG	Hostpoint AG (AS29097)	5
spatiul.ro	Space Ro SRL (AS50939)	6
seti.by	Seti Plus Ltd. (AS60367)	1
SECURITYSERVICES	Telia Company AB (AS3308)	1
Information Technology and Cyber Security Service	GOOGLE-CLOUD-PLATFORM (AS396982)	4
ipcom GmbH	AGORA CALYCE SpAS (AS47833)	1
dav.md	Hetzner Online GmbH (AS24940)	1
mxserver.ro	Cyber_Folks SRL (AS44043)	4
EuroByte LLC	Iron Hosting Centre LTD (AS216139)	7
NetActuate, Inc	MICROSOFT-CORP-MSN-AS-BLOCK (AS8075)	6
rightsdns.com	AMAZON-02 (AS16509)	1
unknown	WorldStream B.V. (AS49981)	1
MICROSOFT-CORP-MSN-AS-BLOCK	NETH LTD (AS198362)	1
Orange Moldova S.A.	Simpals SRL (AS51954)	1
croakingtoad.com	LEASEWEB-USA-WDC (AS30633)	1
agrozootehnie.ro	GTS Telecom SRL (AS5606)	1
rene-meye.de	netcup GmbH (AS197540)	1
infomaniak.ch	Infomaniak Network SA (AS29222)	1
Information Technology and Cyber Security Service	KKM IT Limited (AS60922)	8
emirates.com	AMAZON-02 (AS16509)	1
unknown	Internet Vikings International AB (AS51747)	1
Information Technology and Cyber Security Service	Orange Moldova S.A. (AS31204)	1
GOOGLE	Hetzner Online GmbH (AS24940)	2
Inovare-Prim SRL	Enflow B.V. (AS209626)	1
JSC RTComm.RU	JSC RTComm.RU (AS8342)	5
do-ex.com	FASTLY (AS54113)	1
megatel.md	OVH SAS (AS16276)	6
byteopt.com	ByteOpt SLLC (AS210746)	1
CLOUDFLARENET	Cloudflare London, LLC (AS209242)	9
secureserver.net	GO-DADDY-COM-LLC (AS398101)	2
mvps-hosted.com	MVPS LTD (AS202448)	1
svd.md	Arax-Impex s.r.l. (AS15836)	1
moldhost.md	Tes Euro Media SRL (AS51295)	16
CLOUDFLARENET	Ava Host Srl (AS48753)	1
kd.md	Corbina Telecom Llc. (AS48438)	1
awsdns-28.com	AMAZON-02 (AS16509)	1
dynect.net	DIGIKEY (AS14738)	1
Host Europe GmbH	Ddos-guard Ltd (AS57724)	7
agb.md	IGT Communications S.R.L (AS31557)	1
serverhostgroup.com	OVH SAS (AS16276)	2
x10premium.com	GOOGLE-CLOUD-PLATFORM (AS396982)	1
namebox.ro	Cyber_Folks SRL (AS44043)	4
YANDEX LLC	FASTLY (AS54113)	1
Information Technology and Cyber Security Service	DATABANK-LATISYS (AS29863)	1
RENAM Public Association	RENAM Public Association (AS9199)	6
zomro.com	Inovare-Prim SRL (AS60602)	1
akuma.org	PONYNET (AS53667)	3
CLOUDFLARENET	KKM IT Limited (AS60922)	1
avon.com	AVON (AS27263)	1
ANEXIA Internetdienstleistungs GmbH	Tele2 SWIPnet (AS1257)	8
Akamai International B.V.	MASTER-7-AS (AS26380)	1
awsdns-19.net	AMAZON-02 (AS16509)	3
rombit.ro	ROMARG SRL (AS205275)	2
SECURITYSERVICES	Cyber_Folks SRL (AS44043)	1
awsdns-05.com	AMAZON-02 (AS16509)	1
avhoster.com	AMAZON-AES (AS14618)	2
Inovare-Prim SRL	AMAZON-02 (AS16509)	12
web365.ro	Hetzner Online GmbH (AS24940)	1
centos-webpanel.com	Hetzner Online GmbH (AS24940)	3
CLOUDFLARENET	Domain names registrar REG.RU, Ltd (AS197695)	2
Hetzner Online GmbH	Arax-Impex s.r.l. (AS15836)	4
grundfos.com	Grundfos Holding A/s (AS31131)	1
o2switch.net	OVH SAS (AS16276)	1
awsdns-15.com	AMAZON-02 (AS16509)	3
MICROSOFT-CORP-MSN-AS-BLOCK	StarNet Solutii SRL (AS31252)	4
do-ex.com	AMAZON-02 (AS16509)	1
awsdns-02.org	Moldtelecom SA (AS8926)	1
jino.ru	JSC RTComm.RU (AS8342)	2
Agentia Transcor SRL	Agentia Transcor SRL (AS12450)	6
stabletransit.com	Hetzner Online GmbH (AS24940)	4
onix.md	Moldtelecom SA (AS8926)	1
awsdns-16.org	GOOGLE-CLOUD-PLATFORM (AS396982)	1
1and1.com	IONOS SE (AS8560)	1
td-test.stream	HOSTHATCH (AS63473)	1
ognes.md	Information Technology and Cyber Security Service (AS28990)	1
whshost.com	Atman Sp. z o.o. (AS15694)	1
awsdns-05.com	JSC Center of Financial Technologies (AS8848)	1
ralexm.cloud	OVH SAS (AS16276)	2
gazduire.net	Tes Euro Media SRL (AS51295)	4
hostiq.ua	PE Skurykhin Mukola Volodumurovuch (AS56851)	5
softhost.ro	GTS Telecom SRL (AS5606)	2
awsdns-04.org	AMAZON-02 (AS16509)	3
Host Europe GmbH	GO-DADDY-COM-LLC (AS398101)	8
adminvps.net	Scientific-Production Center Monitoring, Ltd (AS25129)	1
simplenet.ro	ROMARG SRL (AS205275)	1
awsdns-34.com	AMAZON-02 (AS16509)	1
Host Europe GmbH	UUNET (AS701)	2
web4u.cz	AMAZON-02 (AS16509)	1
CLOUDFLARENET	TimeWeb LLC (AS9123)	8
CLOUDFLARENET	Infomaniak Network SA (AS29222)	2
dnsimple.com	AS-VULTR (AS20473)	1
YANDEX LLC	Contabo GmbH (AS51167)	1
Information Technology and Cyber Security Service	PE Skurykhin Mukola Volodumurovuch (AS56851)	1
eventim.de	CTS Eventim Solutions GmbH (AS204253)	2
uaprom.net	Evo Cloud LLC (AS43896)	1
AS-VULTR	AS-VULTR (AS20473)	7
quicns.cloud	OVH SAS (AS16276)	2
It Concept Srl	Riscom S.A. (AS8474)	1
Information Technology and Cyber Security Service	GTS Telecom SRL (AS5606)	1
lost.md	Hetzner Online GmbH (AS24940)	1
dig.com	AMAZON-02 (AS16509)	3
renault.fr	Datahost SRL (AS62071)	1
Host Europe GmbH	Host Europe GmbH (AS21501)	2
Inovare-Prim SRL	Moldtelecom SA (AS8926)	2
CLOUDFLARENET	Cyber_Folks SRL (AS44043)	1
arabesque.md	Arax-Impex s.r.l. (AS15836)	1
Host Europe GmbH	RouteLabel V.O.F. (AS198203)	3
systems.md	Societatea cu Raspundere Limitata ITGROUP & SERVICES (AS202966)	3
registrar-servers.com	Contabo GmbH (AS51167)	1
AMAZON-02	A2HOSTING (AS55293)	10
lpmtr.net	DIGITALOCEAN-ASN (AS14061)	4
rcs-rds.ro	Digi Romania S.A. (AS8708)	2
Hetzner Online GmbH	AMAZON-02 (AS16509)	2
CLOUDFLARENET	AS40676 (AS40676)	3
devi.md	Information Technology and Cyber Security Service (AS28990)	1
Foxcloud Llp	INTERDNESTRKOM, Sovmestnoe Zakrytoe Aktsionernoe Obshchestvo (AS1547)	1
CLOUDFLARENET	Alexhost Srl (AS200019)	3
math.md	RENAM Public Association (AS9199)	1
awsdns-05.net	GTS Telecom SRL (AS5606)	1
weblium.com	GOOGLE-CLOUD-PLATFORM (AS396982)	2
nearlyfreespeech.net	GRIDFURY-AS (AS40630)	1
Hetzner Online GmbH	CLAUS WEB srl (AS203053)	11
1gb.ua	Hostlab LLC (AS51734)	1
domserver.de	Hetzner Online GmbH (AS24940)	1
axis.com	Axis Communications AB (AS39731)	1
globehosting.net	Key-Systems GmbH (AS196763)	2
wurst.md	Guardfox SRL (AS25455)	1
awsdns-34.net	AMAZON-02 (AS16509)	1
nunta.md	Moldtelecom SA (AS8926)	1
CLOUDFLARENET	Fastmail Pty Ltd (AS151847)	2
YANDEX LLC	JSC Selectel (AS49505)	2
CLOUDFLARENET	Contabo GmbH (AS51167)	4
worktravel.md	Information Technology and Cyber Security Service (AS28990)	1
OVH SAS	PrJSC VF UKRAINE (AS21497)	1
SECURITYSERVICES	CENTURYLINK-LEGACY-SAVVIS (AS3561)	2
It Concept Srl	Tilda Publishing Ltd. (AS205282)	4
shopping.md	Leaseweb Deutschland GmbH (AS28753)	1
catsmedia.com	AMAZON-02 (AS16509)	1
MivoCloud SRL	Green Floid LLC (AS204957)	7
Nessus GmbH	dogado GmbH (AS8648)	1
vervehosting.com	HVC-AS (AS29802)	2
awsdns-06.com	AMAZON-02 (AS16509)	2
websitewelcome.com	NETWORK-SOLUTIONS-HOSTING (AS19871)	1
co.kr	SK Broadband Co Ltd (AS9318)	1
Akamai International B.V.	LENOVO-NET (AS20111)	1
MICROSOFT-CORP-MSN-AS-BLOCK	AMAZON-02 (AS16509)	5
pet-house.md	Hetzner Online GmbH (AS24940)	1
bk.e-enter	GTS Telecom SRL (AS5606)	2
CLOUDFLARENET	Netinternet Bilisim Teknolojileri AS (AS51559)	2
gameplay.md	Internet Vikings International AB (AS51747)	1
netim.net	Hetzner Online GmbH (AS24940)	2
lxhost.net	Hetzner Online GmbH (AS24940)	7
OVH SAS	Hosting Ukraine LTD (AS200000)	2
pixelhub-cdn.eu	Hetzner Online GmbH (AS24940)	1
MICROSOFT-CORP-MSN-AS-BLOCK	Information Technology and Cyber Security Service (AS28990)	3
24datahost.com	Radeon Service S.R.L. (AS60405)	2
SECURITYSERVICES	SECURITYSERVICES (AS12008)	9
classit.ro	Inovare-Prim SRL (AS60602)	1
name-services.com	A2HOSTING (AS55293)	2
namehero.com	NAMEHERO-KCDC (AS399250)	1
awsdns-10.com	AMAZON-02 (AS16509)	2
Orange Moldova S.A.	Moldtelecom SA (AS8926)	1
hostgator.com	CONFLUENCE-NETWORK-INC (AS40034)	1
JSC Selectel	Alexhost Srl (AS200019)	1
cloudns.net	Hetzner Online GmbH (AS24940)	6
bnamed.eu	Opera Norway AS (AS39832)	1
SECURITYSERVICES	CSC Administrative Services Limited (AS34922)	3
stop.md	Hetzner Online GmbH (AS24940)	1
cartel.md	Cartel-Sistem SRL (AS25527)	2
cronon.de	Strato GmbH (AS6724)	1
managed-ip.com	InterNetX GmbH (AS15456)	9
awsdns-13.com	AMAZON-02 (AS16509)	1
lemarit.de	AS-VULTR (AS20473)	5
proinit.md	Arax-Impex s.r.l. (AS15836)	1
rzhosting.net	Vodafone GmbH (AS3209)	1
mithrilnetwork.com	DFW-DATACENTER (AS30277)	1
alfahosting.info	dogado GmbH (AS45012)	1
registru.md	Information Technology and Cyber Security Service (AS39279)	1
jumpvps.org	Delta HighTech Ltd. (AS8860)	1
interlink.md	Interlink Comunicatii SRL (AS51267)	3
datalink.md	Akamai Connected Cloud (AS63949)	4
serviciifunerare.net	GTS Telecom SRL (AS5606)	4
tatrahost.com	AMAZON-02 (AS16509)	1
dailyinter.com	Orange Moldova S.A. (AS25454)	1
dntrust.com	Host Europe GmbH (AS8972)	1
max.md	CDC1 (AS13897)	1
Information Technology and Cyber Security Service	JSC Selectel (AS49505)	6
CLOUDFLARENET	MULTA-ASN1 (AS35916)	1
digicertdns.com	Inovare-Prim SRL (AS60602)	1
ipcom GmbH	InterNetworX Management GmbH (AS48596)	11
awsdns-04.org	AMAZON-AES (AS14618)	1
CLOUDFLARENET	DigiRock, Inc. (AS37907)	2
dnsimple.com	AMAZON-02 (AS16509)	3
CLOUDFLARENET	Alwaysdata Sarl (AS60362)	1
SECURITYSERVICES	Optimizely AB (AS30811)	1
infomaniak.com	Infomaniak Network SA (AS29222)	2
YANDEX LLC	Belarusian Cloud Technologies LLC (AS60330)	1
edns1.com	RELIABLESITE (AS23470)	1
linode.com	Akamai Connected Cloud (AS63949)	6
globvill.de	Delticom Ag (AS57533)	2
SECURITYSERVICES	INCAPSULA (AS19551)	3
1000kw.md	Inovare-Prim SRL (AS60602)	1
co.uk	AMAZON-02 (AS16509)	15
rackspace.com	RACKSPACE (AS27357)	3
DIGICERT	AS-VULTR (AS20473)	1
opinia.md	Moldtelecom SA (AS8926)	1
solei.md	Hetzner Online GmbH (AS24940)	2
1nk.co	NETWORK-SOLUTIONS-HOSTING (AS19871)	2
CLOUDFLARENET	JSC IOT (AS29182)	2
GOOGLE	GOOGLE-CLOUD-PLATFORM (AS396982)	9
directmdemail.com	WEEBLY (AS27647)	1
adminvps.net	AdminVPS OOO (AS211183)	1
itsp.md	Hetzner Online GmbH (AS24940)	1
cloudns.net	StarNet Solutii SRL (AS31252)	4
fozzy.com	WZ-US-40824 (AS40824)	1
Information Technology and Cyber Security Service	SQUARESPACE (AS53831)	8
surm.md	Information Technology and Cyber Security Service (AS28990)	1
grserver.gr	Combell NV (AS34762)	2
servidoresdns.net	IONOS SE (AS8560)	1
dodns.net	Hetzner Online GmbH (AS24940)	1
atw.hu	ATW Internet Kft. (AS41075)	1
nike.com	AMAZON-02 (AS16509)	1
CLOUDFLARENET	Voxility LLP (AS3223)	1
YANDEX LLC	IM Level 7 SRL (AS43588)	2
awsdns-02.net	GOOGLE (AS15169)	1
creathieves.ro	GTS Telecom SRL (AS5606)	1
cpt.md	Inovare-Prim SRL (AS60602)	1
MICROSOFT-CORP-MSN-AS-BLOCK	Banca De Finante Si Comert S.A. (AS211807)	2
YANDEX LLC	Hetzner Online GmbH (AS24940)	11
multiscreen.md	Moldtelecom SA (AS8926)	1
SECURITYSERVICES	SSASN2 (AS20454)	1
traducere.md	Arax-Impex s.r.l. (AS15836)	1
directmdemail.com	RMH-14 (AS33070)	1
1azy.net	Hetzner Online GmbH (AS24940)	2
delaval.com	Optimizely AB (AS30811)	1
awsdns-07.com	AMAZON-02 (AS16509)	1
netclip-hosting.com	CHML Web Services SRL (AS40975)	1
bnm.md	Banca Nationala a Moldovei (AS200189)	1
Inovare-Prim SRL	StarNet Solutii SRL (AS31252)	1
time4vps.com	StarNet Solutii SRL (AS31252)	1
directmdemail.com	GOOGLE-CLOUD-PLATFORM (AS396982)	1
oo.md	Alexhost Srl (AS200019)	1
SECURITYSERVICES	COGECO-PEER1 (AS13768)	5
Hetzner Online GmbH	FASTLY (AS54113)	1
o2switch.net	O2switch SAS (AS50474)	1
hh.md	Hetzner Online GmbH (AS24940)	4
ihc.ru	EuroByte LLC (AS210079)	2
CLOUDFLARENET	Akamai Connected Cloud (AS63949)	1
awsdns-04.org	Leica Geosystems AG (AS208065)	1
lite-host.in	OVH SAS (AS16276)	4
betrend.com	NTT PC Communications, Inc. (AS2514)	1
nk.md	StarNet Solutii SRL (AS31252)	1
NSONE	Hetzner Online GmbH (AS24940)	1
ultra.md	Beget LLC (AS198610)	1
lenjerie.md	Moldtelecom SA (AS8926)	1
NSONE	COGENT-174 (AS174)	1
warnerbros.com	AMAZON-02 (AS16509)	2
HURRICANE	Moldtelecom SA (AS8926)	1
x10hosting.com	SINGLEHOP-LLC (AS32475)	2
Host Europe GmbH	GO-DADDY-COM-LLC (AS400754)	2
awsdns-15.net	Paynet Services SRL (AS61334)	1
Host Europe GmbH	Hetzner Online GmbH (AS24940)	1
ZONER a.s.	VSHosting s.r.o. (AS43541)	1
solutii-it.eu	StarNet Solutii SRL (AS31252)	3
Hetzner Online GmbH	Cloudi Nextgen Sl (AS49635)	1
registrar-servers.com	E-Mind Srl (AS49535)	1
OVH SAS	AMAZON-02 (AS16509)	3
eolas.fr	FASTLY (AS54113)	1
amzndns.com	AMAZON-02 (AS16509)	1
awsdns-01.com	AMAZON-AES (AS14618)	4
Information Technology and Cyber Security Service	Alexhost Srl (AS200019)	2
Information Technology and Cyber Security Service	Enflow B.V. (AS209626)	4
netim.net	23M GmbH (AS47447)	1
host89.info	Nav Communications Srl (AS6718)	2
ernu.md	Orange Moldova S.A. (AS31204)	1
markmonitor.com	InterNetX GmbH (AS15456)	2
Inovare-Prim SRL	Hetzner Online GmbH (AS24940)	2
SECURITYSERVICES	EG-USWEST (AS54018)	2
SECURITYSERVICES	Safenames Ltd. (AS60819)	1
hoststar.hosting	Hetzner Online GmbH (AS24940)	1
mastershop.md	Pq Hosting Plus S.r.l. (AS44477)	1
DIGITALOCEAN-ASN	DIGITALOCEAN-ASN (AS14061)	6
arteom.md	Contabo GmbH (AS51167)	2
awsdns-20.org	AMAZON-02 (AS16509)	2
nswebhost.com	NTHL (AS11042)	2
is-fun.net	Deutsche Telekom AG (AS3320)	1
markmonitor.com	Deutsche Telekom AG (AS3320)	2
inmotionhosting.com	IMH-IAD (AS54641)	4
awsdns-28.net	AMAZON-02 (AS16509)	1
Leaseweb Deutschland GmbH	Leaseweb Deutschland GmbH (AS28753)	5
foxcdn.net	Foxcloud Communications Srl (AS209482)	3
ipcom GmbH	DXC-AS3360 (AS3360)	1
byethost12.org	Wildcard UK Limited (AS34119)	1
netim.net	MICROSOFT-CORP-MSN-AS-BLOCK (AS8075)	1
Information Technology and Cyber Security Service	Wix.com Ltd. (AS58182)	2
reliabledns.org	CYBERCON (AS7393)	1
CLOUDFLARENET	Hosting Ukraine LTD (AS200000)	1
Hetzner Online GmbH	Simpals SRL (AS51954)	1
4m-concept.ro	Space Ro SRL (AS50939)	1
zoneedit.com	Cloudflare London, LLC (AS209242)	1
GOOGLE	CLOUDFLARENET (AS13335)	5
riscom.net	Riscom S.A. (AS8474)	2
promovare.md	Information Technology and Cyber Security Service (AS28990)	1
garcev.com	UAB Interneto vizija (AS212531)	1
OVH SAS	OOO VPS (AS200487)	1
YANDEX LLC	YANDEX LLC (AS13238)	1
yourhostingaccount.com	BIZLAND-SD (AS29873)	2
plante.md	Scalaxy B.V. (AS58061)	1
grove.de	HKN GmbH (AS12676)	1
openprovider.be	Hetzner Online GmbH (AS24940)	1
3m.com	AMAZON-02 (AS16509)	2
issociate.de	InterNetX GmbH (AS15456)	1
cifnet.com	CIFNET (AS14585)	1
It Concept Srl	Moldtelecom SA (AS8926)	1
popa.md	Hetzner Online GmbH (AS24940)	1
Inovare-Prim SRL	AMAZON-AES (AS14618)	1
hostgator.com	INCAPSULA (AS19551)	1
com.ua	Hetzner Online GmbH (AS24940)	5
CLOUDFLARENET	LIQUIDWEB (AS32244)	1
42.pl	Andrei Tiberiu Holt (AS211462)	1
xname.org	GOOGLE (AS15169)	1
acc.md	Moldtelecom SA (AS8926)	1
awsdns-02.net	AMAZON-02 (AS16509)	2
registrar-servers.com	SQUARESPACE (AS53831)	1
CLOUDFLARENET	BHN-33363 (AS33363)	1
Information Technology and Cyber Security Service	NAMECHEAP-NET (AS22612)	2
dditservices.com	JWE S.a r.l. (AS34655)	2
CLOUDFLARENET	Infopact Netwerkdiensten B.V. (AS21221)	1
Information Technology and Cyber Security Service	AS-VULTR (AS20473)	3
MICROSOFT-CORP-MSN-AS-BLOCK	INCAPSULA (AS19551)	1
tehno-market.md	Information Technology and Cyber Security Service (AS28990)	1
impervasecuredns.net	INCAPSULA (AS19551)	2
GANDI SAS	Inovare-Prim SRL (AS60602)	1
freshmarket.md	MivoCloud SRL (AS39798)	1
StarNet Solutii SRL	Ddos-guard Ltd (AS57724)	1
lovellsnames.org	Hosting.de GmbH (AS12574)	1
GOOGLE	Combell NV (AS34762)	1
hostfly.by	Support Chain LLC (AS60591)	1
levi.com	GTT Communications Inc. (AS3257)	1
nortek.md	Moldtelecom SA (AS8926)	1
thermo.md	Hetzner Online GmbH (AS24940)	1
Information Technology and Cyber Security Service	Interlink Comunicatii SRL (AS51267)	2
OVH SAS	Volia-Cable LLC (AS35680)	1
rehau.com	REHAU Industries SE & Co. KG (AS204138)	1
dnshost.net	GleSYS AB (AS42708)	3
platformalp.ru	JSC Selectel (AS50340)	2
perf1.com	Nameshield SAS (AS20756)	5
as13157.net	Jungheinrich AG (AS212961)	1
tut.md	Host-Telecom.com s.r.o. (AS51248)	2
websas.hu	Magyar Telekom Plc. (AS5483)	1
servicio-online.net	GOOGLE-CLOUD-PLATFORM (AS396982)	1
Information Technology and Cyber Security Service	CLOUD-SOUTH (AS13886)	1
Inovare-Prim SRL	INTROSERV d.o.o (AS203466)	3
IM Level 7 SRL	Ddos-guard Ltd (AS57724)	3
markmonitor.zone	CLOUDFLARENET (AS13335)	1
cloudns.net	Paynet Services SRL (AS61334)	3
fest.md	Hetzner Online GmbH (AS24940)	1
Hetzner Online GmbH	Cloudflare London, LLC (AS209242)	2
vps.ua	PE Skurykhin Mukola Volodumurovuch (AS56851)	1
cloudns.net	OVH SAS (AS16276)	1
temok.com	NOCIX (AS33387)	1
trueserver.nl	Signet B.V. (AS20857)	1
osn.de	OSN Online Service Nuernberg GmbH (AS8859)	1
registrar-servers.com	FASTLY (AS54113)	2
HURRICANE	FASTLY (AS54113)	2
acvilin.com	Hetzner Online GmbH (AS24940)	1
audi.de	AMAZON-02 (AS16509)	1
GOOGLE	AMAZON-02 (AS16509)	2
simply.com	team.blue Denmark A/S (AS48854)	1
purple.md	MivoCloud SRL (AS39798)	1
second-ns.com	Orange Moldova S.A. (AS25454)	1
awsdns-01.org	Nextgen Communications Srl (AS48161)	1
eximbank.md	INCAPSULA (AS19551)	1
shneider-host.ru	Hetzner Online GmbH (AS24940)	1
awsdns-42.org	AMAZON-02 (AS16509)	1
daac.md	MICROSOFT-CORP-MSN-AS-BLOCK (AS8075)	1
awsdns-31.net	AMAZON-AES (AS14618)	1
dcodax.co	Contabo GmbH (AS51167)	1
cloudns.net	Inovare-Prim SRL (AS60602)	3
1984.is	Stichting Hivos (AS60526)	2
checkdomain.de	Hetzner Online GmbH (AS24940)	2
sunshine.md	MivoCloud SRL (AS39798)	1
myhost.ro	GOOGLE-CLOUD-PLATFORM (AS396982)	1
Information Technology and Cyber Security Service	Zepter IT Sp. z o.o. (AS35785)	1
keepinhosting.com	Hetzner Online GmbH (AS24940)	1
noc40.com	OVH SAS (AS16276)	1
cloudns.net	NForce Entertainment B.V. (AS43350)	5
awsdns-08.org	AMAZON-AES (AS14618)	1
awsdns-05.org	AMAZON-02 (AS16509)	4
awsdns-17.com	AMAZON-02 (AS16509)	3
rsmgserver.net	AMAZON-02 (AS16509)	1
netim.net	FLY (AS40509)	1
lpmtr.net	Servicepipe LLC (AS201706)	5
gbwebhosts.com	EVOCATIVE-GLOBAL (AS4213)	1
bog.ge	JSCB Bank of Georgia (AS48393)	2
ports.se	Tele2 SWIPnet (AS1257)	3
deliss.md	Guardfox SRL (AS25455)	1
SECURITYSERVICES	NWLRBD (AS20384)	1
unknown	Cyber_Folks SRL (AS34358)	1
ecb.md	BC EuroCreditBank SA (AS51141)	1
izzydns.net	Hetzner Online GmbH (AS24940)	2
brainstorm.md	Hostinger International Limited (AS47583)	1
volkswagen.de	AMAZON-02 (AS16509)	1
vasiliev.md	Arax-Impex s.r.l. (AS15836)	1
MICROSOFT-CORP-MSN-AS-BLOCK	METANET AG (AS21069)	1
ncite.net	INMOTION (AS22611)	1
IONOS SE	NorthC Deutschland GmbH (AS15598)	1
siteprotect.com	AFFINITY-INTER (AS18447)	1
ir.md	NOAVARAN SHABAKEH SABZ MEHREGAN (Ltd.) (AS59441)	1
firstfind.nl	CLDIN B.V. (AS48635)	1
awsdns-16.net	AMAZON-AES (AS14618)	1
CLOUDFLARENET	TrueFullstaq B.V. (AS15703)	1
OVH SAS	Giveme Cloud Sp Z O O (AS208566)	1
ns14.net	Deutsche Glasfaser Wholesale GmbH (AS60294)	1
ultra.md	Orange Moldova S.A. (AS25454)	3
Safenames Ltd.	AMAZON-02 (AS16509)	1
cid.com	FASTLY (AS54113)	1
platformalp.ru	JSC Selectel (AS49505)	4
001.md	Radeon Service S.R.L. (AS60405)	4
CLOUDFLARENET	INFOTECHSYS (AS6943)	1
PRIVATESYSTEMS	PRIVATESYSTEMS (AS63410)	6
cloudns.net	PS Internet Company LLP (AS48716)	1
MICROSOFT-CORP-MSN-AS-BLOCK	Trabia SRL (AS43289)	2
bitmex.network	AMAZON-02 (AS16509)	1
is-fun.net	TelemaxX Telekommunikation GmbH (AS12843)	5
mwcore.xyz	Hetzner Online GmbH (AS24940)	1
autodoctor.md	Orange Moldova S.A. (AS25454)	1
Foxcloud Llp	Information Technology and Cyber Security Service (AS28990)	1
LLC VK	ROMARG SRL (AS205275)	1
aktgdc.com	MICROSOFT-CORP-MSN-AS-BLOCK (AS8075)	1
atom.com	AMAZON-AES (AS14618)	1
hyperhost.ua	Green Floid LLC (AS21100)	1
awsdns-36.org	AMAZON-02 (AS16509)	1
CLOUDFLARENET	Florian Kolb (AS58087)	2
CLOUDFLARENET	Srl Roxnet-com (AS49527)	4
Information Technology and Cyber Security Service	Tilda Publishing Ltd. (AS205282)	4
abbviedns.com	SECURITYSERVICES (AS12008)	2
jlc.md	DANIS SRL (AS43870)	1
hostpapa.com	CLOUDFLARENET (AS13335)	1
netim.net	GOOGLE-CLOUD-PLATFORM (AS396982)	2
lds.md	It Concept Srl (AS44388)	1
knipp.de	Knipp Medien und Kommunikation GmbH (AS8391)	1
Inovare-Prim SRL	OVH SAS (AS16276)	2
Information Technology and Cyber Security Service	Republican Unitary Telecommunication Enterprise Beltelecom (AS6697)	1
CLOUDFLARENET	DFM SRL (AS43285)	1
123ns.de	DIGITALOCEAN-ASN (AS14061)	3
papaki.gr	Hetzner Online GmbH (AS24940)	1
awsdns-12.net	Hetzner Online GmbH (AS24940)	1
CLOUDFLARENET	GOOGLE (AS15169)	8
CLOUDFLARENET	Orange Moldova S.A. (AS31204)	2
cyprusgroup.net	SUCURI-SEC (AS30148)	1
WIBO Baltic UAB	WIBO Baltic UAB (AS59939)	11
easymedical.md	Hetzner Online GmbH (AS24940)	1
xado.com	Hetzner Online GmbH (AS24940)	1
awsdns-03.com	AMAZON-02 (AS16509)	3
rony.md	StarNet Solutii SRL (AS31252)	1
CLOUDFLARENET	Pride System SRL (AS216303)	6
INTERDNESTRKOM, Sovmestnoe Zakrytoe Aktsionernoe Obshchestvo	INTERDNESTRKOM, Sovmestnoe Zakrytoe Aktsionernoe Obshchestvo (AS1547)	6
Information Technology and Cyber Security Service	INTERDNESTRKOM, Sovmestnoe Zakrytoe Aktsionernoe Obshchestvo (AS1547)	2
3dlampe.md	Moldtelecom SA (AS8926)	1
NetActuate, Inc	IM Level 7 SRL (AS43588)	2
volter.md	Pq Hosting Plus S.r.l. (AS44477)	1
happykids.md	DANIS SRL (AS43870)	2
zammad.com	Hetzner Online GmbH (AS24940)	1
transworld.md	StarNet Solutii SRL (AS31252)	1
com.ua	TheHost LLC (AS56485)	1
awardspace.com	Zetta Hosting Solutions LLC. (AS44476)	2
Orange Moldova S.A.	AMAZON-02 (AS16509)	1
CLOUDFLARENET	AUTOMATTIC (AS2635)	1
host-vision.com	GTS Telecom SRL (AS5606)	2
posta.md	Moldtelecom SA (AS8926)	2
drivers.md	Hetzner Online GmbH (AS24940)	1
multihost.ru	JSC IOT (AS29182)	1
nadns1.com	Nameshield SAS (AS20756)	4
hyp.net	Blix Solutions AS (AS50304)	1
iucosoft.com	Hetzner Online GmbH (AS24940)	3
dmitriev.md	Hetzner Online GmbH (AS24940)	1
sequoia.md	Alexhost Srl (AS200019)	1
wolter.md	Pq Hosting Plus S.r.l. (AS44477)	1
reaganmedical.com	DIGITALOCEAN-ASN (AS14061)	1
ri.fi	GOOGLE-CLOUD-PLATFORM (AS396982)	1
Arax-Impex s.r.l.	Hetzner Online GmbH (AS24940)	2
NSONE	CLOUDFLARENET (AS13335)	2
radiocom.md	Information Technology and Cyber Security Service (AS28990)	1
YANDEX LLC	Inovare-Prim SRL (AS60602)	6
Inovare-Prim SRL	Foxcloud Communications Srl (AS209482)	1
example.com	Rostelecom (AS24699)	1
scientology.net	CSI (AS7914)	3
CLOUDFLARENET	DANIS SRL (AS43870)	2
ilkari.tech	Internet Vikings International AB (AS51747)	1
fabrikagency.md	MivoCloud SRL (AS39798)	1
Agentia Transcor SRL	Information Technology and Cyber Security Service (AS28990)	1
NUCDN	AMAZON-02 (AS16509)	1
awsdns-46.com	Cloudflare London, LLC (AS209242)	1
shop.md	Hetzner Online GmbH (AS24940)	1
YANDEX LLC	It Concept Srl (AS44388)	2
awsdns-22.com	AMAZON-02 (AS16509)	1
awsdns-05.net	Cloudflare London, LLC (AS209242)	1
Host Europe GmbH	It Concept Srl (AS44388)	1
HURRICANE	Inovare-Prim SRL (AS60602)	1
antonasplund.com	Hetzner Online GmbH (AS24940)	1
ipcom GmbH	Deutsche Telekom AG (AS3320)	1
ritual.md	Information Technology and Cyber Security Service (AS28990)	1
neotec.md	Information Technology and Cyber Security Service (AS28990)	1
NSONE	GOOGLE (AS15169)	3
awsdns-25.net	AMAZON-02 (AS16509)	5
awsdns-04.net	BANGO.NET Ltd (AS62145)	1
vivawebhost.com	Telehouse EAD (AS57344)	1
awsdns-42.com	AMAZON-AES (AS14618)	1
CLOUDFLARENET	Korea Telecom (AS4766)	1
zooclub.md	Guardfox SRL (AS25455)	1
Nessus GmbH	Nessus GmbH (AS47692)	3
prodomaines.com	Bdl Systemes SAS (AS38926)	1
Host Europe GmbH	Inovare-Prim SRL (AS60602)	1
Information Technology and Cyber Security Service	AltusHost B.V. (AS51430)	1
com.ua	NETH LLC (AS202302)	2
illuminaryarts.com	NETWORK-SOLUTIONS-HOSTING (AS19871)	1
112.md	Information Technology and Cyber Security Service (AS28990)	1
extralan.md	Wix.com Ltd. (AS58182)	1
efs.md	Information Technology and Cyber Security Service (AS28990)	1
edgedns.co	Yandex.Cloud LLC (AS200350)	1
hostiman.ru	OVH SAS (AS16276)	6
CLOUDFLARENET	Metical SRL (AS48506)	1
domain.io	AMAZON-02 (AS16509)	3
delink.de	Hetzner Online GmbH (AS24940)	1
davitech.md	Hetzner Online GmbH (AS24940)	1
hostgator.com	UNIFIEDLAYER-AS-1 (AS46606)	6
rminds.io	Signet B.V. (AS20857)	2
dawbenta.ro	Digi Romania S.A. (AS8708)	2
standardvision.md	Information Technology and Cyber Security Service (AS28990)	1
Hetzner Online GmbH	Beget LLC (AS198610)	1
solutiiinovative.com	DIGITALOCEAN-ASN (AS14061)	1
lolipop.jp	GMO Internet Group, Inc. (AS58791)	1
CLOUDFLARENET	Banca Comerciala ENERGBANK SA (AS60127)	1
idvdns.com	AS-COLOCROSSING (AS36352)	1
link-host.net	Hetzner Online GmbH (AS24940)	2
teliko.net	KEVAG Telekom GmbH (AS29037)	1
wix.com	Wix.com Ltd. (AS58182)	3
Information Technology and Cyber Security Service	Cloudflare London, LLC (AS209242)	3
CLOUDFLARENET	LLC Renome-Service (AS34187)	1
supershop.md	Pq Hosting Plus S.r.l. (AS44477)	1
hp.com	AMAZON-02 (AS16509)	2
stanki.md	Information Technology and Cyber Security Service (AS28990)	1
td-fn.net	Cyber_Folks SRL (AS44043)	1
Hetzner Online GmbH	Moldtelecom SA (AS8926)	1
moldovagaz.md	Hetzner Online GmbH (AS24940)	1
bodis.com	AMAZON-02 (AS16509)	7
GOOGLE	LH.pl Sp. z o.o. (AS203417)	1
internic.ca	SQUARESPACE (AS53831)	1
MICROSOFT-CORP-MSN-AS-BLOCK	Inovare-Prim SRL (AS60602)	2
zone.ee	Zone Media OU (AS49604)	1
auth-nameserver.com	Trabia SRL (AS43289)	2
aurelia.md	OVH SAS (AS16276)	1
CLOUDFLARENET	Exim Host SRL (AS211611)	1
Information Technology and Cyber Security Service	P.a.g.m. Ou (AS198068)	1
awsdns-07.org	UUNET (AS702)	1
IONOS SE	GTT Communications Inc. (AS3257)	1
awsdns-01.com	AMAZON-02 (AS16509)	2
Serverius Holding B.V.	Serverius Holding B.V. (AS50673)	8
SECURITYSERVICES	noris network AG (AS12337)	1
Nazwa.pl Sp.z.o.o.	Nazwa.pl Sp.z.o.o. (AS15967)	4
awsdns-02.org	DIGICERT (AS16552)	1
SECURITYSERVICES	UPMC-AS122 (AS122)	1
lobi.md	JSC Selectel (AS50340)	1
directmdemail.com	HVC-AS (AS29802)	1
EuroByte LLC	EuroByte LLC (AS210079)	2
atlantasoft.net	Cyber_Folks SRL (AS44043)	1
dializa.md	Orange Moldova S.A. (AS25454)	1
awsdns-17.net	AMAZON-AES (AS14618)	1
autoelectric.md	Information Technology and Cyber Security Service (AS28990)	1
RENAM Public Association	Inovare-Prim SRL (AS60602)	1
philips.com	AMAZON-02 (AS16509)	1
It Concept Srl	Orange Moldova S.A. (AS25454)	3
itnet.ro	Hetzner Online GmbH (AS24940)	2
ihub.md	Hetzner Online GmbH (AS24940)	1
bnamed.eu	AMAZON-02 (AS16509)	2
CLOUDFLARENET	SINGLEHOP-LLC (AS32475)	1
awsdns-25.org	AMAZON-02 (AS16509)	1
accenture.com	ACCENTURE (AS3573)	1
lemarit.de	Liebherr-IT Services GmbH (AS30915)	1
bosch.de	Robert Bosch Gesellschaft mit Beschraenkter Haftung (AS9183)	1
nscluster.eu	AMAZON-02 (AS16509)	1
dbroker.info	Akamai Connected Cloud (AS63949)	1
awsdns-01.net	AMAZON-02 (AS16509)	1
HURRICANE	Hetzner Online GmbH (AS213230)	1
cloudns.net	CLOUDFLARENET (AS13335)	2
monopost.com	Greysom Limited (AS12678)	2
Orange Moldova S.A.	Hetzner Online GmbH (AS24940)	2
soko.nl	Vodafone Libertel B.V. (AS33915)	1
Information Technology and Cyber Security Service	IONOS SE (AS8560)	1
CLOUDFLARENET	Hetzner Online GmbH (AS213230)	1
easymedia.ro	Easy Media SRL (AS44544)	2
mixpay.md	It Concept Srl (AS44388)	1
provincial.md	Hetzner Online GmbH (AS24940)	1
infohub.md	Moldtelecom SA (AS8926)	1
CLOUDFLARENET	VPSOR-GLOBAL (AS138538)	1
una.md	Orange Moldova S.A. (AS25454)	1
shopcenter.md	Pq Hosting Plus S.r.l. (AS44477)	1
iphoster.net	OVH SAS (AS16276)	1
securednshost.com	ASN-FLEXENTIAL (AS13649)	1
hostriver.ro	Tilda Publishing Ltd. (AS205282)	1
GOOGLE	Scaleway S.a.s. (AS12876)	1
win-3jk5chn1r32.	Prime Telecom srl (AS39737)	1
awsdns-15.net	AMAZON-02 (AS16509)	1
SECURITYSERVICES	CLOUDFLARENET (AS13335)	2
It Concept Srl	Hetzner Online GmbH (AS24940)	3
Cloud DNS Ltd	Hetzner Online GmbH (AS24940)	5
Information Technology and Cyber Security Service	Hostpro Lab LLC (AS196645)	1
awsdns-13.net	AMAZON-02 (AS16509)	4
lpmotor.ru	Servicepipe LLC (AS201706)	9
CLOUDFLARENET	Datacamp Limited (AS60068)	2
ihc.ru	Seti Weba Ltd (AS196750)	1
It Concept Srl	Contabo GmbH (AS51167)	1
buddyns.com	FRONTIER-FRTR (AS5650)	1
CLOUDFLARENET	firstcolo GmbH (AS44066)	1
web-solutions.dk	T-Mobile Czech Republic a.s. (AS13036)	1
teletrade-dj.com	Hetzner Online GmbH (AS24940)	1
simpra.org	Hetzner Online GmbH (AS24940)	1
dominiando.asia	Register S.p.A. (AS39729)	3
hostgator.com	SQUARESPACE (AS53831)	1
Akamai International B.V.	AMERICAN-EXPRESS (AS6307)	1
CLOUDFLARENET	RENDER (AS397273)	2
Information Technology and Cyber Security Service	Simpals SRL (AS51954)	1
CLOUDFLARENET	Hetzner Online GmbH (AS212317)	1
bpay.md	Bpay SRL (AS204421)	3
awsdns-03.org	Beget LLC (AS198610)	1
fozzy.ru	Edinaya Set Limited Liability Company (AS39134)	1
DIGICERT	GOOGLE (AS15169)	1
fti-corp.com	EVOCATIVE-GLOBAL (AS4213)	1
srvcontrol.com	Hetzner Online GmbH (AS24940)	1
gransy.com	Zeus Packaging Limited (AS204210)	1
cloudns.net	Orange Moldova S.A. (AS25454)	3
runhosting.com	Zetta Hosting Solutions LLC. (AS44476)	2
netim.net	De-Host Bilisim ve Yazilim Hizmetleri (AS47516)	1
proxymo.net	3W Infra B.V. (AS60144)	2
zomro.com	Zomro B.V. (AS204601)	3
Information Technology and Cyber Security Service	Distinct New Media SRL (AS48067)	1
guardfox.net	IM Level 7 SRL (AS43588)	2
baic.md	DIGITALOCEAN-ASN (AS14061)	1
headoff.biz	NOCIX (AS33387)	1
HURRICANE	GTS Telecom SRL (AS5606)	1
awsdns-18.com	DATACANOPY-SFO01 (AS33197)	1
curaden-hosting.ch	Hosting eXperts Switzerland AG (AS200979)	1
SECURITYSERVICES	Akamai International B.V. (AS20940)	1
rofilena.md	Inovare-Prim SRL (AS60602)	1
cloudns.net	GOOGLE (AS15169)	1
Deutsche Telekom AG	Hetzner Online GmbH (AS24940)	1
helloly.com	helloly GmbH (AS208689)	1
OVH SAS	Ddos-guard Ltd (AS57724)	1
It Concept Srl	TimeWeb LLC (AS9123)	1
mangohost.net	''it Fruit'' S.r.l. (AS56380)	2
xtom.com	xTom GmbH (AS3214)	1
awsdns-41.org	Cloudflare London, LLC (AS209242)	1
awsdns-09.net	AMAZON-02 (AS16509)	1
online.pro	home.pl S.A. (AS12824)	1
rdm.md	DANIS SRL (AS43870)	1
kayaking.md	LeaseWeb Netherlands B.V. (AS60781)	1
HURRICANE	velia.net Internetdienste GmbH (AS29066)	1
IONOS SE	Wix.com Ltd. (AS58182)	1
globvill.de	Global Village GmbH (AS13039)	2
colibridesign.eu	Inovare-Prim SRL (AS60602)	1
barbero.zone	Akamai Connected Cloud (AS63949)	1
maronini.md	Guardfox SRL (AS25455)	1
Information Technology and Cyber Security Service	Hostinger International Limited (AS47583)	3
iok.net	IONOS SE (AS8560)	1
awsdns-26.net	INCAPSULA (AS19551)	1
Inovare-Prim SRL	Signet B.V. (AS20857)	1
frienddns.info	Green Floid LLC (AS59729)	1
Information Technology and Cyber Security Service	MivoCloud SRL (AS39798)	2
liderit.ro	Lider 4 IT Junior SRL (AS44807)	1
Information Technology and Cyber Security Service	OPENFACE (AS11478)	1
Societatea cu Raspundere Limitata ITGROUP & SERVICES	GOOGLE-CLOUD-PLATFORM (AS396982)	1
ipcom GmbH	TWL-Kom GmbH (AS9022)	1
flexbe.ru	JSC Selectel (AS50340)	3
Information Technology and Cyber Security Service	RENDER (AS397273)	1
shneider-host.ru	Serverius Holding B.V. (AS50673)	2
CLOUDFLARENET	Fiord Networks, UAB (AS28917)	2
mlc.md	Arax-Impex s.r.l. (AS15836)	1
SECURITYSERVICES	AMAZON-02 (AS16509)	3
its.md	Hetzner Online GmbH (AS24940)	2
sus.md	Ddos-guard Ltd (AS57724)	1
Foxcloud Llp	Trusted Network LLC (AS202696)	3
continent.md	Toyota Motor Europe SA (AS31154)	1
youbesc.com	Moldcell S.A. (AS43925)	1
metanet.ch	METANET AG (AS21069)	1
pc-service.md	Inovare-Prim SRL (AS60602)	3
Akamai International B.V.	Safenames Ltd. (AS60819)	1
ps.kz	PS Internet Company LLP (AS48716)	2
DIGICERT	SOFTLAYER (AS36351)	1
interna.me	IONOS SE (AS8560)	3
abdns.biz	Aruba S.p.A. (AS31034)	3
apoteka.md	Orange Moldova S.A. (AS25454)	1
fakro.pl	OVH SAS (AS16276)	1
mtc.md	Moldtelecom SA (AS8926)	1
johncotton.pl	SGK Projekt sp. z o.o. spolka komandytowa (AS203685)	1
baycix.de	Hosterion Srl (AS43927)	1
awsdns-16.com	AMAZON-02 (AS16509)	1
HURRICANE	COMCAST-7922 (AS7922)	1
awsdns-13.net	AMAZON-AES (AS14618)	1
datacenter.ro	Nav Communications Srl (AS6718)	1
ultra.md	AMAZON-02 (AS16509)	1
Moldtelecom SA	Moldtelecom SA (AS8926)	4
phase8.net	Team Blue Internet Services Uk Limited (AS8622)	1
Inovare-Prim SRL	It Concept Srl (AS44388)	2
ns14.net	webgo GmbH (AS48324)	1
abbott.com	SSASN2 (AS20454)	1
easydns.com	EDNS (AS16686)	2
HURRICANE	Societatea Comerciala ACER-COM S.R.L. (AS57713)	1
nominalia.com	Register S.p.A. (AS39729)	1
afraid.org	GOOGLE (AS15169)	1
CLOUDFLARENET	FLY (AS40509)	1
hostinger.ru	Hostinger International Limited (AS47583)	2
Host Europe GmbH	Host Europe GmbH (AS20773)	1
JSC Selectel	Miran Ltd. (AS41722)	1
iphh.de	IPHH Internet Port Hamburg GmbH (AS12731)	1
guardfox.com	Guardfox SRL (AS25455)	2
wpbuzz.io	TIER-NET (AS397423)	1
SECURITYSERVICES	GOOGLE-CLOUD-PLATFORM (AS396982)	1
hpe.com	HPINC (AS2165)	1
GOOGLE	GTS Telecom SRL (AS5606)	1
acwebconnecting.com	SC Web Software Development SRL (AS47836)	2
indweb.net	CLAUS WEB srl (AS203053)	1
webhostinghub.com	INMOTION (AS22611)	1
CLOUDFLARENET	UAB Interneto vizija (AS212531)	1
DIGICERT	NETACTUATE (AS394344)	1
orgasm.md	Hetzner Online GmbH (AS24940)	1
vt9solutions.com	OVH SAS (AS16276)	1
docke.md	TimeWeb LLC (AS9123)	1
CLOUDFLARENET	ASN-DIS (AS393398)	1
ht-systems.ru	Citytelecom LLC (AS12616)	1
namebox.ro	GTS Telecom SRL (AS5606)	2
YANDEX LLC	Larom TV SRL (AS57916)	3
iurd.ru	Rostelecom (AS42610)	1
dnsimple.com	CLOUDFLARENET (AS13335)	1
kasperskylabs.net	Kaspersky Lab Switzerland GmbH (AS200107)	1
introdns.com	Tngnet B.v. (AS47690)	1
aftermarket.com	AMAZON-02 (AS16509)	1
vacan-soleil.md	Signet B.V. (AS20857)	1
panmobili.md	MivoCloud SRL (AS39798)	1
moldcell.md	Moldcell S.A. (AS43925)	1
webimmoflux.ro	Akamai Connected Cloud (AS63949)	1
krystal.uk	Krystal Hosting Ltd (AS12488)	1
themsgctr.net	DIGITALOCEAN-ASN (AS14061)	2
awsdns-28.net	Hetzner Online GmbH (AS24940)	1
CLOUDFLARENET	RICAWEBSERVICES (AS26832)	1
hostven07.com	Arvid Logicum OU (AS202376)	1
inn.md	Moldtelecom SA (AS8926)	1
hyppocampus.	Digi Romania S.A. (AS8708)	1
afraid.org	Cyber_Folks SRL (AS44043)	1
grawe.at	Grazer Wechselseitige Versicherung AG (AS35646)	1
yahoo.com	AMAZON-02 (AS16509)	2
wplcloud.com	OVH SAS (AS16276)	1
accent.md	It Concept Srl (AS44388)	1
skyhost.ro	Voxility LLP (AS3223)	1
pizzart.md	Hetzner Online GmbH (AS24940)	1
netim.net	Eurofiber France SAS (AS35625)	1
urlnameserver.com	ASN-CXA-ALL-CCI-22773-RDC (AS22773)	1
MICROSOFT-CORP-MSN-AS-BLOCK	Infomaniak Network SA (AS29222)	2
dnspod.net	FASTLY (AS54113)	1
foundationdns.com	CLOUDFLARENET (AS13335)	1
ipmanagerinc.net	AMAZON-02 (AS16509)	1
nsh.ro	GTS Telecom SRL (AS5606)	1
megadrive.md	OVH SAS (AS16276)	1
mso.md	Information Technology and Cyber Security Service (AS28990)	1
bhphoto.com	BHPHOTO (AS17116)	1
holcim.com	AMAZON-02 (AS16509)	2
microsoftinternetsafety.net	MICROSOFT-CORP-AS (AS3598)	1
awsdns-10.com	Hetzner Online GmbH (AS24940)	1
liquidweb.com	NEXCESS-NET (AS36444)	1
ozgoz.com	GOOGLE-CLOUD-PLATFORM (AS396982)	1
Host Europe GmbH	AS-VULTR (AS20473)	1
coinbank.md	NAMECHEAP-NET (AS22612)	1
romstal.md	It Concept Srl (AS44388)	1
raqmix.cloud	LINKdotNET (AS24863)	1
combell.net	DIGITALOCEAN-ASN (AS14061)	1
Deutsche Telekom AG	Deutsche Telekom AG (AS3320)	1
Inovare-Prim SRL	Orange Moldova S.A. (AS25454)	3
awsdns-05.com	GOOGLE-CLOUD-PLATFORM (AS396982)	1
awsdns-03.org	AMAZON-02 (AS16509)	2
Host Europe GmbH	GO-DADDY-COM-LLC (AS398787)	1
awsdns-30.net	Inovare-Prim SRL (AS60602)	1
avhoster.com	AUTOMATTIC (AS2635)	1
avto.md	StarNet Solutii SRL (AS31252)	2
studioaws.com	Srl Roxnet-com (AS49527)	1
apple.com	APPLE-ENGINEERING (AS714)	1
extralan.md	Orange Moldova S.A. (AS25454)	2
brv.net	Mittwald CM Service GmbH & Co. KG (AS15817)	1
netim.net	AMAZON-AES (AS14618)	1
unlim.com	OVH SAS (AS16276)	1
CLOUDFLARENET	Hangzhou Alibaba Advertising Co.,Ltd. (AS37963)	1
YANDEX LLC	Sc Itns.net Srl (AS35346)	2
banahosting.com	SERVERCENTRAL (AS23352)	2
Hetzner Online GmbH	Netzware Handels- und IT-Dienstleistungs GmbH (AS47576)	1
thednscompany.com	LeaseWeb Netherlands B.V. (AS60781)	1
spnel.com	Ddos-guard Ltd (AS57724)	1
Hostinger International Limited	Hostinger International Limited (AS47583)	4
datahost.md	AMAZON-02 (AS16509)	1
insales.ru	HLL LLC (AS51115)	2
CLOUDFLARENET	wilhelm.tel GmbH (AS15943)	1
CLOUDFLARENET	Webzilla B.V. (AS35415)	2
hostserv.eu	hosttech GmbH (AS207143)	1
atakdomain.com	Superonline Iletisim Hizmetleri A.S. (AS34984)	1
edns.de	PlusServer GmbH (AS61157)	1
registrar-servers.com	MICROSOFT-CORP-MSN-AS-BLOCK (AS8075)	1
oraclecloud.net	ORACLE-BMC-31898 (AS31898)	1
afraid.org	SHARKTECH (AS46844)	3
SECURITYSERVICES	AMAZON-AES (AS14618)	3
domserver.de	InterNetX GmbH (AS15456)	1
runpay.com	Orange Moldova S.A. (AS25454)	1
trio.md	Information Technology and Cyber Security Service (AS28990)	1
vervehosting.com	AMAZON-02 (AS16509)	1
sto.com	Deutsche Telekom AG (AS3320)	1
Beget LLC	Ddos-guard Ltd (AS57724)	2
e-ns.org	EUROHOSTER Ltd. (AS207728)	3
p-dns.biz	Scalaxy B.V. (AS58061)	1
dns24.online	365.partners INC (AS198178)	1
inbox.md	Datahost SRL (AS62071)	3
HURRICANE	Hetzner Online GmbH (AS24940)	6
mirax.md	Inovare-Prim SRL (AS60602)	1
123ns.eu	FASTLY (AS54113)	1
upress.io	uPress Inc (AS209622)	1
server263.com	ICDSoft Ltd. (AS8739)	1
ihordns.net	First Server Limited (AS50113)	1
It Concept Srl	Inovare-Prim SRL (AS60602)	1
gbs.md	DIGITALOCEAN-ASN (AS14061)	1
ami.md	StarNet Solutii SRL (AS31252)	1
pixelx.de	Pixel X e.K. (AS60380)	1
dreamvalleygolf.md	Hetzner Online GmbH (AS24940)	1
gustapro.md	OVH SAS (AS16276)	1
366.md	Orange Moldova S.A. (AS25454)	1
lukoil.md	HLL LLC (AS51115)	1
site.be	Bastiaan Mathijs Brink (AS215248)	1
verolog.net	Contabo GmbH (AS51167)	1
zoneedit.com	Hetzner Online GmbH (AS24940)	1
Host Europe GmbH	Tinext Cloud SA (AS197352)	1
Information Technology and Cyber Security Service	netcup GmbH (AS197540)	1
CLOUDFLARENET	netcup GmbH (AS197540)	1
kellerholz.md	Guardfox SRL (AS25455)	1
okapi.md	Orange Moldova S.A. (AS25454)	1
justhost.com	UNIFIEDLAYER-AS-1 (AS46606)	1
dnspod.net	IT7NET (AS25820)	1
Information Technology and Cyber Security Service	TimeWeb LLC (AS9123)	6
elpo.md	Inovare-Prim SRL (AS60602)	1
co.kr	AMAZON-02 (AS16509)	1
speedweb.sk	SWAN, a.s. (AS5578)	1
Information Technology and Cyber Security Service	JSC ER-Telecom Holding (AS41668)	1
ines.ro	iNES GROUP SRL (AS12310)	1
CLOUDFLARENET	Yandex.Cloud LLC (AS200350)	2
organhall.md	Information Technology and Cyber Security Service (AS28990)	1
booker.md	Orange Moldova S.A. (AS25454)	1
netinfo.md	Netinfo SRL (AS49691)	2
IM Level 7 SRL	ORACLE-BMC-31898 (AS31898)	1
icndns.net	SuperHosting.BG Ltd. (AS49699)	1
AS-VULTR	Contabo GmbH (AS51167)	1
fidushost.ro	efectRO SRL (AS48571)	2
perf1.com	Hermes Europe GmbH (AS29042)	3
registrar-servers.com	RAILWAY (AS400940)	1
myregisteredsite.com	NETWORK-SOLUTIONS-HOSTING (AS19871)	1
clamehost.com	Naquadria S.R.L. (AS201333)	1
accent.md	Information Technology and Cyber Security Service (AS28990)	1
superhosting.bg	SuperHosting.BG Ltd. (AS201200)	2
boilies.md	MivoCloud SRL (AS39798)	1
hitrost.net	Hitrost.com Internet Storitve d.o.o. (AS59834)	1
awsdns-22.net	AMAZON-AES (AS14618)	1
ipcom GmbH	Information Technology and Cyber Security Service (AS28990)	1
bellsouth.net	HOSTWINDS (AS54290)	1
checkdomain.de	Xirra GmbH (AS51191)	1
Beget LLC	ADCIL-ASN-01 (AS401152)	1
hosttech.de	hosttech GmbH (AS207143)	1
cristal.md	Moldtelecom SA (AS8926)	1
agb.md	Arax-Impex s.r.l. (AS15836)	1
lkw-1.de	ITP-Solutions GmbH & Co. KG (AS213250)	1
dnsvisa.com	CLOUDFLARENET (AS13335)	1
doorhan.com	TimeWeb LLC (AS9123)	1
datahost.md	Telemach Hrvatska d.o.o. (AS34594)	1
dataserver.ro	ROMARG SRL (AS205275)	4
AMAZON-02	Intesa Sanpaolo S.p.A. (AS13253)	1
Hetzner Online GmbH	Societatea cu Raspundere Limitata ITGROUP & SERVICES (AS202966)	3
linode.com	AS-VULTR (AS20473)	1
OVH SAS	ROMARG SRL (AS205275)	1
cyberfolks.pl	MICROSOFT-CORP-MSN-AS-BLOCK (AS8075)	1
register.it	TIM (AS20746)	2
adatahost.net	Hetzner Online GmbH (AS24940)	2
nmugroup.com	Nordisk Media Utveckling AB (AS204074)	1
JSC Selectel	Bradler & Krantz GmbH & Co. KG (AS29141)	1
byet.org	Wildcard UK Limited (AS34119)	1
NUCDN	Adam EcoTech, S.A (AS15699)	1
123ns.de	LKW Walter Internationale Transportorganisation AG (AS34735)	4
CLOUDFLARENET	SAKURA Internet Inc. (AS9370)	1
zoneedit.com	EDNS (AS16686)	1
moldnet.md	Orange Moldova S.A. (AS25454)	1
CLOUDFLARENET	JSC Selectel (AS49505)	1
omnis.com	OMNIS (AS19237)	1
nameshield.net	AMAZON-AES (AS14618)	1
HURRICANE	LIMESTONENETWORKS (AS46475)	1
ericsson.se	MICROSOFT-CORP-MSN-AS-BLOCK (AS8075)	1
hostpro.ua	Magnus Ng LLC (AS24872)	1
awsdns-06.org	StarNet Solutii SRL (AS31252)	1
rezolvit.cloud	My Server Media Srl (AS31244)	1
register.com	CENTURYLINK-LEGACY-SAVVIS (AS3561)	1
ahost.md	Hetzner Online GmbH (AS24940)	1
nsentry.de	InterNetX GmbH (AS15456)	1
mijndomein.nl	GOOGLE-CLOUD-PLATFORM (AS396982)	1
register.it	AMAZON-02 (AS16509)	1
renam.md	It Concept Srl (AS44388)	1
HURRICANE	Orange Moldova S.A. (AS31204)	1
mayo.edu	MAYO (AS7973)	2
eurocreditbank.md	BC EuroCreditBank SA (AS51141)	1
transdns.eu	Signet B.V. (AS20857)	1
climax.md	MivoCloud SRL (AS39798)	1
itassist.ro	IT Assist Services SRL (AS58023)	1
lps.md	Contabo GmbH (AS51167)	1
credit-suisse.com	UBS Group AG (AS8729)	2
Information Technology and Cyber Security Service	THEROCKETSCIENCEGROUP (AS14782)	1
sedo.com	SEDO GmbH (AS47846)	2
abovers.net	Orange (AS3215)	1
kivial.it	Engineering D.HUB S.p.A. (AS21176)	1
register.it	Retelit Digital Services S.p.A. (AS12850)	1
poliexpert.md	Hetzner Online GmbH (AS24940)	1
qinddns.nl	BIT BV (AS12859)	1
markmonitor.com	Optimizely AB (AS30811)	1
vinograd.md	Information Technology and Cyber Security Service (AS28990)	1
prim-ns.de	PlusServer GmbH (AS61157)	1
ultra.md	Inovare-Prim SRL (AS60602)	1
its.md	Trabia SRL (AS43289)	1
MICROSOFT-CORP-MSN-AS-BLOCK	IM Level 7 SRL (AS43588)	1
awsdns-08.org	AMAZON-02 (AS16509)	2
easydns.com	AUTOMATTIC (AS2635)	1
AMAZON-02	AMAZON-02 (AS16509)	1
Hangzhou Alibaba Advertising Co.,Ltd.	Datahost SRL (AS62071)	1
gov.md	Information Technology and Cyber Security Service (AS39279)	1
NetActuate, Inc	Inovare-Prim SRL (AS60602)	1
airstream.md	Airstream Srl (AS204467)	1
NUCDN	CSC (AS19574)	1
Orange Moldova S.A.	Ddos-guard Ltd (AS57724)	1
ns14.de	InterNetX GmbH (AS15456)	1
loopia.se	Loopia AB (AS39570)	1
GOOGLE	Livehosting Datacenter Srl (AS41635)	1
ipcom GmbH	Bauer Systems KG (AS24868)	2
cloudns.net	RACKSPACE (AS19994)	1
unknown	Digi Romania S.A. (AS8708)	1
fornex.com	Fornex Hosting S.L. (AS16003)	2
awsdns-08.com	AMAZON-02 (AS16509)	2
ns0.com	PAIR-NETWORKS (AS7859)	2
pictor.md	Information Technology and Cyber Security Service (AS28990)	1
pimlive.com	LIQUIDWEB (AS32244)	1
netim.net	RENDER (AS397273)	1
Safenames Ltd.	Cloud4com s.r.o. (AS201730)	1
constellix.com	GOOGLE-CLOUD-PLATFORM (AS396982)	1
opalstack.com	Akamai Connected Cloud (AS63949)	1
iveco.md	Information Technology and Cyber Security Service (AS28990)	1
austrogate.net	KraftCom Service GmbH (AS12453)	1
SECURITYSERVICES	Bahnhof AB (AS8473)	1
Information Technology and Cyber Security Service	MICROSOFT-CORP-MSN-AS-BLOCK (AS8075)	3
ispvds.com	JSC IOT (AS29182)	1
my-hosting-panel.com	WHG Hosting Services Ltd (AS14670)	1
GOOGLE	MICROSOFT-CORP-MSN-AS-BLOCK (AS8075)	1
nearlyfreespeech.net	AUTOMATTIC (AS2635)	1
safenet.md	GOOGLE-CLOUD-PLATFORM (AS396982)	1
excedonet.net	GleSYS AB (AS42708)	2
dnsexit.com	StarNet Solutii SRL (AS31252)	1
awsdns-07.com	CLOUDFLARENET (AS13335)	1
archive.is	AS-COLOCROSSING (AS36352)	1
webhostmost.com	WEB-HOST-MOST-ASN-1 (AS401605)	1
ukit.com	Ddos-guard Ltd (AS57724)	2
nic.sk	Webglobe, s.r.o. (AS29134)	1
Moldtelecom SA	Hetzner Online GmbH (AS24940)	1
CLOUDFLARENET	Misaka Network, Inc. (AS35487)	1
awsdns-23.com	AMAZON-02 (AS16509)	1
eberspaecher.md	Orange Moldova S.A. (AS25454)	1
twinservers.net	PE Skurykhin Mukola Volodumurovuch (AS56851)	2
mteam-ssc.com	Ddos-guard Ltd (AS57724)	3
cloud86.nl	Duocast B.V. (AS31477)	1
speedydns.net	UKDedicated LTD (AS34282)	1
sportex.md	MivoCloud SRL (AS39798)	1
CLOUDFLARENET	IONOS SE (AS8560)	1
awsdns-21.org	AMAZON-02 (AS16509)	1
awsdns-28.org	Wix.com Ltd. (AS58182)	1
rackspace.com	RMH-14 (AS33070)	2
sjn-ag.de	Host Europe GmbH (AS8972)	1
stelaj.md	Information Technology and Cyber Security Service (AS28990)	1
MICROSOFT-CORP-MSN-AS-BLOCK	Information Technology and Cyber Security Service (AS39279)	2
as41887.eu	Prolocation B.V. (AS41887)	2
nic.ru	JSC Avantel (AS25227)	1
NetActuate, Inc	GOOGLE-CLOUD-PLATFORM (AS396982)	1
AMAZON-02	WHG Hosting Services Ltd (AS216180)	1
Akamai International B.V.	Koninklijke Luchtvaart Maatschappij N.V. (AS28806)	1
It Concept Srl	CLOUDFLARENET (AS13335)	2
Information Technology and Cyber Security Service	Scaleway S.a.s. (AS12876)	1
Beget LLC	Partner Hosting LTD (AS215826)	1
renam.md	RENAM Public Association (AS9199)	3
atvirtual.com	AMAZON-02 (AS16509)	1
netim.net	DIGITALOCEAN-ASN (AS14061)	2
toshiba-europe.com	CLOUDFLARENET (AS13335)	1
abedns.net	Tele2 SWIPnet (AS1257)	1
contentfleet.com	Content Fleet GmbH (AS200183)	1
com.ua	Hostinger International Limited (AS47583)	1
YANDEX LLC	DIGITALOCEAN-ASN (AS14061)	2
YANDEX LLC	OVH SAS (AS16276)	1
unite.md	Moldtelecom SA (AS8926)	1
atom.md	Orange Moldova S.A. (AS25454)	1
mavi-net.ro	IRUM SA (AS210343)	2
Deutsche Telekom AG	Mittwald CM Service GmbH & Co. KG (AS15817)	1
loopiagroup.com	Loopia AB (AS41528)	1
AMAZON-02	WHG Hosting Services Ltd (AS51713)	1
mwebdns.de	Artfiles New Media GmbH (AS8893)	1
aljebro.com	JSC IOT (AS29182)	1
lezzetler.com	WIIT AG (AS24961)	1
ANEXIA Internetdienstleistungs GmbH	FASTLY (AS54113)	1
indomco.com	CSC (AS19574)	1
hostgator.com	AMAZON-02 (AS16509)	1
deffield.com	Octava Defence, LLC (AS213198)	1
nic.ru	Servicepipe LLC (AS201706)	1
IM Level 7 SRL	Inovare-Prim SRL (AS60602)	1
checkdomain.de	dogado GmbH (AS45012)	1
winhost.com	HOSTCOLLECTIVE (AS14415)	1
top.md	Hetzner Online GmbH (AS24940)	1
registrar-servers.com	Moldtelecom SA (AS8926)	2
ist.ro	GTS Telecom SRL (AS5606)	1
unigs.de	WIIT AG (AS24961)	1
novonordisk.com	MICROSOFT-CORP-MSN-AS-BLOCK (AS8075)	1
Inovare-Prim SRL	Serverius Holding B.V. (AS50673)	1
rightsdns.com	GOOGLE-CLOUD-PLATFORM (AS396982)	2
ipcom GmbH	froxlor GmbH (AS207048)	1
managed-ip.com	Host Europe GmbH (AS8972)	1
awsdns-11.org	AMAZON-02 (AS16509)	1
CLOUDFLARENET	ANTHROPIC (AS399358)	2
CLOUDFLARENET	LIQUIDNETLTD1 (AS14555)	1
ezhostingserver.com	CYBERCON (AS7393)	1
rgfi.net	dogado GmbH (AS45012)	1
ns14.net	MICROSOFT-CORP-MSN-AS-BLOCK (AS8075)	1
OVH SAS	WNET (AS1820)	1
aspcloudhost.com	Leaseweb Deutschland GmbH (AS28753)	1
Akamai International B.V.	AKAMAI-AS (AS16625)	1
hostsila.com	Atman Sp. z o.o. (AS24723)	1
OVH SAS	Gutkin Vladyslav (AS58066)	1
SECURITYSERVICES	Telia Company AB (AS3301)	1
leadhost.biz	Societatea cu Raspundere Limitata ITGROUP & SERVICES (AS202966)	1
photon.info	InterNetX GmbH (AS15456)	1
inmotionhosting.com	INMOTION (AS22611)	1
webempresa.eu	Combell NV (AS34762)	1
SECURITYSERVICES	Silverhill Group Holding Ltd (AS202492)	1
bem.md	Moldtelecom SA (AS8926)	1
CLOUDFLARENET	Universitatea de Stat de Medicina si Farmacie Nicolae Testemitanu din Republica Moldova (AS208671)	1
it-lab.md	DANIS SRL (AS43870)	1
SECURITYSERVICES	UPS (AS12217)	1
netim.net	SQUARESPACE (AS53831)	1
LLC VK	Foxcloud Llp (AS200904)	1
registrar-servers.com	StarNet Solutii SRL (AS31252)	2
fozzy.com	JSC Selectel (AS49505)	1
z-ns.net	Hetzner Online GmbH (AS24940)	3
mshop.md	Inovare-Prim SRL (AS60602)	1
ns14.net	M-net Telekommunikations GmbH (AS8767)	1
libertyhost.eu	Arax-Impex s.r.l. (AS15836)	2
startcontabil.md	Alexhost Srl (AS200019)	1
fastweb.it	Fastweb (AS12874)	1
chroot.ro	Chroot Network SRL (AS56430)	2
Foxcloud Llp	AMAZON-02 (AS16509)	1
mydomain.com	BIZLAND-SD (AS29873)	3
directmdemail.com	VERISIGN-ILG1 (AS30060)	1
opportunity.de	Aixit GmbH (AS29551)	2
rehau.com	Hetzner Online GmbH (AS24940)	1
gazduire.ro	GTS Telecom SRL (AS5606)	2
ipcom GmbH	T-Systems International GmbH (AS34086)	1
schindler.com	Bluewin (AS3303)	1
site4now.net	SHARKTECH (AS46844)	1
posta.md	Information Technology and Cyber Security Service (AS28990)	1
otpbank.md	OTP Bank S.A. (AS52097)	1
lastrada.md	StarNet Solutii SRL (AS31252)	1
itgroup.kz	PS Internet Company LLP (AS48716)	1
Information Technology and Cyber Security Service	Institutia Publica Universitatea Tehnica a Moldovei - IP UTM (AS216137)	2
freehostia.com	LIQUIDNETLTD1 (AS14555)	3
ecoride.md	Orange Moldova S.A. (AS25454)	1
web-host.ro	Chroot Network SRL (AS56430)	1
max.md	Cloudflare London, LLC (AS209242)	1
euroasia.md	DANIS SRL (AS43870)	1
gradus.md	DANIS SRL (AS43870)	1
managed-vps.net	Telehouse EAD (AS57344)	3
timeweb.org	Ddos-guard Ltd (AS57724)	1
garmtech.com	Garmtech Lp (AS43108)	1
register.be	Combell NV (AS34762)	1
designinterioriasi.ro	Hetzner Online GmbH (AS24940)	1
hitcloud.pl	Hetzner Online GmbH (AS24940)	1
YANDEX LLC	M247 Europe SRL (AS9009)	1
stackdns.com	20i Limited (AS48254)	1
no-ip.com	AUTOMATTIC (AS2635)	1
argewebhosting.com	Vancis IP B.V. (AS15879)	1
ipcom GmbH	Envia Tel GmbH (AS21413)	1
unknown	Miss Hosting AB (AS200719)	2
ultahost.com	firstcolo GmbH (AS44066)	1
YANDEX LLC	Coresystem Sasu (AS42369)	1
ve.md	Hetzner Online GmbH (AS24940)	1
profnet.md	Caghet-plus Srl (AS43783)	2
soldi.md	MivoCloud SRL (AS39798)	1
iiko.md	Hetzner Online GmbH (AS24940)	1
xservers.ro	Cyber_Folks SRL (AS44043)	1
turbify.com	AMAZON-AES (AS14618)	1
CLOUDFLARENET	A2HOSTING (AS55293)	1
elvsoft.net	Hosterion Srl (AS43927)	1
awsdns-00.org	AMAZON-02 (AS16509)	2
volkswagen.de	Volkswagen AG (AS206618)	1
gamestop.md	Orange Moldova S.A. (AS25454)	1
powweb.com	BIZLAND-SD (AS29873)	1
awsdns-01.org	AMAZON-AES (AS14618)	2
Akamai International B.V.	DEERE (AS10846)	2
bingo.md	Hetzner Online GmbH (AS24940)	1
registrar-servers.com	Ddos-guard Ltd (AS57724)	1
maxcluster.net	AMAZON-02 (AS16509)	1
nshost2.de	TelemaxX Telekommunikation GmbH (AS12843)	1
G-Core Labs S.A.	Tencent Building, Kejizhongyi Avenue (AS132203)	1
awsdns-23.org	AMAZON-02 (AS16509)	1
altusdns.com	AltusHost B.V. (AS51430)	1
webhouse.sk	VNET a.s. (AS29405)	1
satlabs.md	Orange Moldova S.A. (AS25454)	1
aiwebhost.net	Serverius Holding B.V. (AS50673)	1
Information Technology and Cyber Security Service	Ultra-nordnet Srl (AS211531)	1
clara.net	Hetzner Online GmbH (AS24940)	1
manet.de	Host Europe GmbH (AS34011)	1
woo.md	Orange Moldova S.A. (AS25454)	1
It Concept Srl	AMAZON-02 (AS16509)	3
lemarit.de	LEMARIT GmbH (AS204135)	1
cloudns.net	AMAZON-02 (AS16509)	1
progen.md	Information Technology and Cyber Security Service (AS28990)	1
cloudns.net	Shinjiru Technology Sdn Bhd (AS45839)	1
netim.net	Seflow s.r.l. (AS49367)	1
globehosting.net	Voxility LLP (AS3223)	1
CLOUDFLARENET	Pq Hosting Plus S.r.l. (AS44477)	1
Host Europe GmbH	Akamai Connected Cloud (AS63949)	1
cloudns.net	Moldtelecom SA (AS8926)	3
fornex.com	Cloudflare London, LLC (AS209242)	1
awsdns-00.com	StarNet Solutii SRL (AS31252)	1
flokinet.net	FlokiNET ehf (AS200651)	1
AMAZON-02	Contabo Asia Private Limited (AS141995)	1
co.uk	CSC (AS19574)	1
tipce.md	Moldtelecom SA (AS8926)	1
buburuza.md	Arax-Impex s.r.l. (AS15836)	1
registrar-servers.com	It Concept Srl (AS44388)	1
Hosting Ukraine LTD	OVH SAS (AS16276)	1
ginnovate.net	Nav Communications Srl (AS6718)	1
awsdns-08.com	Arax-Impex s.r.l. (AS15836)	1
premix.md	Information Technology and Cyber Security Service (AS28990)	1
hostens.com	Cloudflare London, LLC (AS209242)	1
nic.ru	INTERDNESTRKOM, Sovmestnoe Zakrytoe Aktsionernoe Obshchestvo (AS1547)	1
Information Technology and Cyber Security Service	IM Level 7 SRL (AS43588)	1
net-siter.com	ROMARG SRL (AS205275)	1
ase.md	RENAM Public Association (AS9199)	1
efapel.pt	Dominios, S.A. (AS33876)	1
ns.gold	Hosting Ukraine LTD (AS200000)	1
awsdns-53.org	AMAZON-02 (AS16509)	1
second-ns.com	Ddos-guard Ltd (AS57724)	1
cloudns.net	FASTLY (AS54113)	1
host27.info	Arvid Logicum OU (AS202376)	2
zone.ee	Aktsiaselts WaveCom (AS34702)	1
ford.com	MICROSOFT-CORP-MSN-AS-BLOCK (AS8075)	1
ANEXIA Internetdienstleistungs GmbH	AMAZON-02 (AS16509)	1
cloudns.net	M247 Europe SRL (AS9009)	1
it24x7.ru	Beget LLC (AS198610)	1
DIGICERT	AMAZON-AES (AS14618)	3
dnsimple.com	ML-1432-54994 (AS54994)	1
notar.md	Hetzner Online GmbH (AS24940)	1
misto.cloud	AMAZON-02 (AS16509)	1
aspmdinc.com	AMAZON-AES (AS14618)	1
nadns1.com	Hetzner Online GmbH (AS24940)	2
paypal.md	Hetzner Online GmbH (AS24940)	1
guardfox.net	Arax-Impex s.r.l. (AS15836)	1
CLOUDFLARENET	Hostup AB (AS214640)	1
f5clouddns.com	F5 Networks SARL (AS35280)	1
awsdns-10.org	AMAZON-02 (AS16509)	1
Safenames Ltd.	MICROSOFT-CORP-MSN-AS-BLOCK (AS8075)	1
host-vision.com	Cyber_Folks SRL (AS44043)	3
awsdns-10.net	AMAZON-02 (AS16509)	1
Beget LLC	Scalaxy B.V. (AS58061)	1
domene.si	Eurofiber France SAS (AS24935)	1
urban.md	Information Technology and Cyber Security Service (AS28990)	1
servconfig.com	IMH-IAD (AS54641)	1
data102.com	D102-COS-1 (AS33302)	1
publica.md	General Media Group SRL (AS8917)	1
onlinemagazin.md	Hetzner Online GmbH (AS24940)	1
DIGICERT	Hetzner Online GmbH (AS24940)	1
Inovare-Prim SRL	Information Technology and Cyber Security Service (AS28990)	1
taxadvice.md	Information Technology and Cyber Security Service (AS28990)	1
Information Technology and Cyber Security Service	Moldcell S.A. (AS43925)	1
awsdns-27.net	AMAZON-02 (AS16509)	1
It Concept Srl	JSC Selectel (AS49505)	2
prosano.md	Information Technology and Cyber Security Service (AS28990)	1
Host Europe GmbH	Host Europe GmbH (AS8972)	1
urbanpost.md	Orange Moldova S.A. (AS25454)	2
Information Technology and Cyber Security Service	Stichting DIGI NL (AS206281)	1
wwe.com	AMAZON-AES (AS14618)	1
Orange Moldova S.A.	Inovare-Prim SRL (AS60602)	1
magnific.md	Information Technology and Cyber Security Service (AS28990)	1
shockhosting.com	SHOCK-1 (AS395092)	1
JSC Selectel	Hetzner Online GmbH (AS24940)	1
iquer.net	iquer.net GmbH & Co KG (AS201955)	1
yk.md	Inovare-Prim SRL (AS60602)	1
scor.md	MivoCloud SRL (AS39798)	1
dutyfree.md	NETWORK-SOLUTIONS-HOSTING (AS19871)	1
Information Technology and Cyber Security Service	Netsons s.r.l. (AS60087)	1
awsdns-04.com	AMAZON-02 (AS16509)	1
vps-dns.info	Arvid Logicum OU (AS202376)	1
faces.md	Hetzner Online GmbH (AS24940)	1
webhostingpad.com	ASN-GIGENET (AS32181)	1
Information Technology and Cyber Security Service	Domain names registrar REG.RU, Ltd (AS197695)	1
CLOUDFLARENET	rack.black Verein (AS34182)	1
Host Europe GmbH	AS-26496-GO-DADDY-COM-LLC (AS26496)	1
Host Europe GmbH	Host Europe GmbH (AS34011)	2
my-servers.us	Saeid Shahrokhi (AS212607)	1
CLOUDFLARENET	Qrator Labs CZ s.r.o. (AS209671)	1
awsdns-19.org	AMAZON-02 (AS16509)	2
world4you.at	World4You Internet Services GmbH (AS38955)	2
bearingpoint.com	MICROSOFT-CORP-MSN-AS-BLOCK (AS8075)	1
Beget LLC	TimeWeb LLC (AS9123)	1
awsdns-26.org	WBD-AS40703 (AS40703)	1
dotnice.asia	AMAZON-02 (AS16509)	1
axhost.org	Hetzner Online GmbH (AS24940)	3
opalstack.com	Leaseweb Deutschland GmbH (AS28753)	1
aruba.it	Aruba S.p.A. (AS31034)	2
pro-it.md	Moldtelecom SA (AS8926)	1
as41887.eu	Hetzner Online GmbH (AS24940)	1
home.pl	home.pl S.A. (AS12824)	2
Information Technology and Cyber Security Service	DANIS SRL (AS43870)	1
linode.com	VERISIGN-ILG1 (AS30060)	1
zoneedit.com	LIQUIDWEB (AS32244)	1
afraid.org	Hetzner Online GmbH (AS24940)	1
fasttrackdns.com	AMAZON-02 (AS16509)	1
CLOUDFLARENET	Fornex Hosting S.L. (AS44051)	1
hertz.com	Information Technology and Cyber Security Service (AS28990)	1
oberhost.com	Denis Pavlovich Semenyuk (AS44820)	1
ORACLE-BMC-31898	Jakobstadsnejdens Telefon Ab (AS24751)	1
Beget LLC	OVH SAS (AS16276)	2
Orange Moldova S.A.	DIGITALOCEAN-ASN (AS14061)	1
Information Technology and Cyber Security Service	Its Integra SAS (AS8723)	1
CLOUDFLARENET	DOMUS TELECOM (AS61696)	1
linevast.de	Droptop GmbH (AS201206)	1
awsdns-02.com	AMAZON-02 (AS16509)	2
hyp.net	AMAZON-AES (AS14618)	1
dataserver.ro	Cyber_Folks SRL (AS44043)	2
ipcom GmbH	net.de AG (AS15743)	2
Deutsche Telekom AG	Telekom Deutschland GmbH (AS20570)	1
Hostpoint AG	MBL International East Computerland-Kiev Ltd (AS200049)	1
site5.com	UNIFIEDLAYER-AS-1 (AS46606)	2
hostingru.net	JSC Selectel (AS49505)	1
afraid.org	StarNet Solutii SRL (AS31252)	2
ns35.de	SpaceNet AG (AS5539)	1
MICROSOFT-CORP-MSN-AS-BLOCK	Mittwald CM Service GmbH & Co. KG (AS15817)	1
getinnovation.dev	Contabo GmbH (AS51167)	1
cadastru.md	Information Technology and Cyber Security Service (AS39279)	1
work.ro	Imedia Plus Group SA (AS57098)	1
netflix.net	AMAZON-02 (AS16509)	1
quicns.com	OVH SAS (AS16276)	2
managed-ip.com	Neue Medien Muennich GmbH (AS34788)	1
server.ro	Nav Communications Srl (AS6718)	1
It Concept Srl	IM Level 7 SRL (AS43588)	1
awsdns-12.net	Cloudflare London, LLC (AS209242)	2
sigma.md	Information Technology and Cyber Security Service (AS28990)	1
MICROSOFT-CORP-MSN-AS-BLOCK	COLOSOLUTIONS (AS16557)	1
imarke.ro	ROMARG SRL (AS205275)	1
DIGICERT	LIQUIDWEB (AS53824)	1
awsdns-09.com	AMAZON-02 (AS16509)	1
awsdns-10.org	AMAZON-AES (AS14618)	1
awsdns-08.com	Moldtelecom SA (AS8926)	1
elita.im	Trabia SRL (AS43289)	1
Information Technology and Cyber Security Service	MVPS LTD (AS202448)	1
medic.md	Hetzner Online GmbH (AS24940)	1
taho.md	Orange Moldova S.A. (AS25454)	1
sim-networks.com	Netversor GmbH (AS200081)	1
cloudns.net	Contabo GmbH (AS51167)	1
G-Core Labs S.A.	LUOGELANG FRANCE LIMITED (AS142286)	1
Information Technology and Cyber Security Service	RENAM Public Association (AS9199)	3
a1.net	OVH SAS (AS16276)	1
awsdns-13.org	ASN-TEKTRONIX (AS10406)	1
nameserver1.works	P.a.g.m. Ou (AS198068)	1
telekom-domains.de	AMAZON-AES (AS14618)	1
zooku.com	GTS Telecom SRL (AS5606)	1
SECURITYSERVICES	UAB Interneto vizija (AS212531)	1
autobus24.md	Quantcom, a.s. (AS29208)	1
CLOUDFLARENET	AS-COLOCROSSING (AS36352)	1
co.il	O.m.c. Computers & Communications Ltd (AS44709)	1
pesticide.md	Information Technology and Cyber Security Service (AS28990)	1
awsdns-36.org	MICROSOFT-CORP-MSN-AS-BLOCK (AS8075)	1
mmc.com	NTTDATA (AS10848)	1
CLOUDFLARENET	Surfplanet GmbH (AS33984)	1
rcs-rds.ro	Deutsche Telekom AG (AS3320)	1
Hetzner Online GmbH	HOSTROCKET (AS23535)	1
registrar-servers.com	Gamma Communications Nederland B.V. (AS44187)	1
co.uk	Digi Romania S.A. (AS8708)	1
Inovare-Prim SRL	Zone Media OU (AS49604)	1
adminvps.net	AdminVPS OOO (AS211642)	1
nominus.com	INCAPSULA (AS19551)	1
premium.md	Hetzner Online GmbH (AS24940)	1
rti.md	Hetzner Online GmbH (AS24940)	1
alfasoft.md	Moldtelecom SA (AS8926)	1
MICROSOFT-CORP-MSN-AS-BLOCK	It Concept Srl (AS44388)	1
hostiman.ru	JSC Selectel (AS50340)	1
chery.md	DIGITALOCEAN-ASN (AS14061)	1
megahost.ro	CHML Web Services SRL (AS40975)	1
c0d.org	Leaseweb Deutschland GmbH (AS28753)	1
gazduire.ro	Vercom S.A. (AS29205)	1
wbind.com	Sabiedriba ar ierobezotu atbildibu DELSKA Latvia (AS12993)	1
greengeeks.net	SINGLEHOP-LLC (AS32475)	1
profadmin.md	Alexhost Srl (AS200019)	1
ns14.net	Plusnet GmbH (AS20676)	1
bigcommerce.com	BIGCOMMERCE (AS399566)	1
awsdns-08.org	Paynet Services SRL (AS61334)	1
ccit.ro	GTS Telecom SRL (AS5606)	1
bunny.net	Datacamp Limited (AS60068)	1
CLOUDFLARENET	LUCENT-CIO (AS10455)	1
Orange Moldova S.A.	It Concept Srl (AS44388)	2
MICROSOFT-CORP-MSN-AS-BLOCK	AMAZON-AES (AS14618)	1
dns1.de	Key-Systems GmbH (AS13246)	1
vivantis.md	Information Technology and Cyber Security Service (AS28990)	1
tahograf.md	Orange Moldova S.A. (AS25454)	1
cloudns.net	SYNERGY WHOLESALE PTY LTD (AS45638)	1
register.be	GTT Communications Inc. (AS3257)	1
siresoft.net	COMCAST-7922 (AS7922)	1
Information Technology and Cyber Security Service	Studio An-tv Srl (AS211504)	2
elisa.net	Elisa Oyj (AS719)	1
moldcell.md	AMAZON-AES (AS14618)	1
netio.cz	MasterDC s.r.o. (AS24971)	1
YANDEX LLC	Orange Moldova S.A. (AS25454)	1
amgwebhosting7.com	PRIVATESYSTEMS (AS63410)	1
SECURITYSERVICES	AKAMAI-AS (AS16625)	1
aga.md	Orange Moldova S.A. (AS31204)	1
ne.kr	Korea Telecom (AS4766)	1
domainrobot.hu	Invitech ICT Services Kft. (AS12301)	1
rsnx.ru	LLC astra Cloud (AS6903)	1
CLOUDFLARENET	LEASEWEB-USA-WDC (AS30633)	1
MICROSOFT-CORP-MSN-AS-BLOCK	Hetzner Online GmbH (AS24940)	1
awsdns-14.org	GOOGLE-CLOUD-PLATFORM (AS396982)	1
sonik.md	MivoCloud SRL (AS39798)	1
YANDEX LLC	StarNet Solutii SRL (AS31252)	1
Information Technology and Cyber Security Service	FEELB SARL (AS207992)	2
CLOUDFLARENET	Banca Comerciala MOLDOVA-AGROINDBANK SA (AS62232)	1
gsys.md	Contabo GmbH (AS51167)	1
yandex.md	YANDEX LLC (AS13238)	1
Host Europe GmbH	ASN-CXA-ALL-CCI-22773-RDC (AS22773)	1
MICROSOFT-CORP-MSN-AS-BLOCK	CENTURYLINK-TIER3-CLOUD (AS6640)	1
Hosterion Srl	DATABANK-DFW (AS13767)	1
lite-host.in	Chernyshov Aleksandr Aleksandrovich (AS202984)	1
tevapharm.com	SECURITYSERVICES (AS12008)	1
AMAZON-02	WHG Hosting Services Ltd (AS209341)	2
nameresolve.com	INTERNAP-BLOCK-4 (AS14744)	1
awsdns-09.org	AMAZON-AES (AS14618)	1
mayoral.com	Orange Espagne SA (AS12479)	2
MICROSOFT-CORP-MSN-AS-BLOCK	Host Europe GmbH (AS8972)	1
Information Technology and Cyber Security Service	ORACLE-BMC-31898 (AS31898)	1
JSC Selectel	Reliable Software, Ltd. (AS35594)	1
webhouse.sk	SH.cz s.r.o. (AS39392)	1
GOOGLE	ROMARG SRL (AS205275)	1
swarmwebhosting.com	NETWORK-SOLUTIONS-HOSTING (AS19871)	1
gbsauto.md	DIGITALOCEAN-ASN (AS14061)	1
Societatea cu Raspundere Limitata ITGROUP & SERVICES	Moldtelecom SA (AS8926)	1
markmonitor.com	MICROSOFT-CORP-MSN-AS-BLOCK (AS8075)	1
auto-vision.ru	Hetzner Online GmbH (AS24940)	1
StarNet Solutii SRL	MivoCloud SRL (AS39798)	1
Akamai International B.V.	GOOGLE-CLOUD-PLATFORM (AS396982)	1
Information Technology and Cyber Security Service	GO-DADDY-COM-LLC (AS398787)	1
smartid.ro	Vodafone Romania S.A. (AS12302)	1
ROMARG SRL	CLOUDFLARENET (AS13335)	1
delice.md	MivoCloud SRL (AS39798)	1
dnsimple.com	GOOGLE-CLOUD-PLATFORM (AS396982)	1
Deutsche Telekom AG	T-Systems International GmbH (AS6878)	1
atthost.pl	Nazwa.pl Sp.z.o.o. (AS15967)	1
OVH SAS	netcup GmbH (AS197540)	1
awsdns-26.org	AMAZON-02 (AS16509)	2
cubit.md	Orange Moldova S.A. (AS25454)	1
ns14.net	Hetzner Online GmbH (AS24940)	1
netex.ro	Hetzner Online GmbH (AS24940)	1
markmonitor.com	AVAYA (AS18676)	1
CLOUDFLARENET	Digi Romania S.A. (AS8708)	1
cloudns.net	REPRISE-HOSTING (AS62838)	1
ifa.md	RENAM Public Association (AS9199)	1
servint.com	LEASEWEB-USA-WDC (AS30633)	1
CLOUDFLARENET	Gigaclear Limited (AS56329)	1
keller-holz.md	Guardfox SRL (AS25455)	1
Host Europe GmbH	GITHUB (AS36459)	1
bytecamp.net	e.discom Telekommunikation GmbH (AS12693)	1
managed-ip.com	OVH SAS (AS16276)	1
Information Technology and Cyber Security Service	IT.Gate S.p.A. (AS12779)	1
nic.ru	CLOUDFLARENET (AS13335)	1
awsdns-16.com	Cloudflare London, LLC (AS209242)	1
Hetzner Online GmbH	Eurofiber France SAS (AS24935)	1
Information Technology and Cyber Security Service	EdgeCenter LLC (AS210756)	1
Information Technology and Cyber Security Service	EuroByte LLC (AS210079)	1
awsdns-35.org	GOOGLE (AS15169)	1
wwdh.hu	Hetzner Online GmbH (AS24940)	1
superhost.pl	OVH SAS (AS16276)	1
astarta.md	Inovare-Prim SRL (AS60602)	1
opalstack.com	LEASEWEB-USA-SFO (AS7203)	1
sirnet.it	Aruba S.p.A. (AS31034)	1
datahost.md	MICROSOFT-CORP-MSN-AS-BLOCK (AS8075)	1
It Concept Srl	KKM IT Limited (AS60922)	1
MICROSOFT-CORP-MSN-AS-BLOCK	Roedl & Partner GmbH Wirtschaftspruefungsgesellschaft (AS212225)	1
elmas.ro	Vodafone Romania S.A. (AS12302)	1
CLOUDFLARENET	SYNERGY WHOLESALE PTY LTD (AS45638)	1
NUCDN	Hosting.de GmbH (AS48823)	1
vau.md	AS-COLOCROSSING (AS36352)	1
it7.sk	DIGITALOCEAN-ASN (AS14061)	1
zdobsizdub.md	Hetzner Online GmbH (AS24940)	1
sysm.dev	DIGITALOCEAN-ASN (AS14061)	1
LLC VK	Information Technology and Cyber Security Service (AS28990)	1
secured.md	IM Level 7 SRL (AS43588)	1
biketours.md	LeaseWeb Netherlands B.V. (AS60781)	1
managed-ip.com	MICROSOFT-CORP-MSN-AS-BLOCK (AS8075)	1
afraid.org	SOFTLAYER (AS36351)	2
hosttech.ch	BSE Software GmbH (AS9044)	1
awsdns-17.com	CLOUDFLARENET (AS13335)	1
zooland.md	Hetzner Online GmbH (AS24940)	1
usarb.md	Moldtelecom SA (AS8926)	1
AMAZON-02	COMCAST-7922 (AS7922)	1
Hostpoint AG	Ops One AG (AS198249)	1
scw.cloud	Scaleway S.a.s. (AS12876)	1
openprovider.be	CLDIN B.V. (AS48635)	1
teamviewer.com	ANEXIA Internetdienstleistungs GmbH (AS42473)	1
wpc.md	Guardfox SRL (AS25455)	1
fiqs.ro	Digi Romania S.A. (AS8708)	1
invoicer.md	Alexhost Srl (AS200019)	1
hoster909.com	ICDSoft Ltd. (AS8739)	1
SCAAM0001	HCL Technologies Sweden AB (AS209236)	1
headoff.biz	i-Wet Ltd. (AS29122)	1
inetadmin.cz	VNET a.s. (AS29405)	1
MICROSOFT-CORP-MSN-AS-BLOCK	RENAM Public Association (AS9199)	1
hostsila.com	Hostpro Lab LLC (AS196645)	3
afraid.org	SERVERCENTRAL (AS23352)	1
jimdo-server.com	Hetzner Online GmbH (AS24940)	1
esldns.com	Hetzner Online GmbH (AS24940)	1
awsdns-14.net	AMAZON-02 (AS16509)	1
orangehost.com	ORANGEHOST (AS19853)	1
stabletransit.com	DIGITALOCEAN-ASN (AS14061)	1
glavan.md	Hetzner Online GmbH (AS24940)	1
list.md	Inovare-Prim SRL (AS60602)	1
voce.md	Moldcell S.A. (AS43925)	1
one.com	One.com A/S (AS51468)	1
mre.md	Information Technology and Cyber Security Service (AS28990)	1
awsdns-14.org	AMAZON-02 (AS16509)	1
io.tl	Hostinger International Limited (AS47583)	1
softmagazin.ro	INVITE Systems SRL (AS60118)	1
Information Technology and Cyber Security Service	EPIK-LLC (AS394456)	1
Inovare-Prim SRL	Tilda Publishing Ltd. (AS205282)	3
HURRICANE	Digi Romania S.A. (AS8708)	2
hythost.com	oklako Srl (AS211180)	1
hostpapa.com	WEBINT (AS11989)	1
a-plus.md	MivoCloud SRL (AS39798)	1
CLOUDFLARENET	Plus Hosting Grupa d.o.o. (AS12417)	1
emag.ro	AMAZON-02 (AS16509)	1
ROMARG SRL	AMAZON-02 (AS16509)	1
shockmedia.nl	Previder B.V. (AS20847)	1
AMAZON-02	One Hungary Ltd. (AS21334)	1
no-ip.com	AMAZON-AES (AS14618)	1
level3.net	MERCK (AS7054)	1
endava.com	MICROSOFT-CORP-MSN-AS-BLOCK (AS8075)	1
CLOUDFLARENET	Hosting Dunyam Bilisim Teknolojileri Ticaret Limited Sirketi (AS212219)	1
intrabit.ro	Inovo Solutions Srl (AS49023)	1
certificat.md	MivoCloud SRL (AS39798)	1
xserver.jp	Xserver Inc. (AS131965)	1
topteh.md	Alexhost Srl (AS200019)	1
paradismedia.md	Information Technology and Cyber Security Service (AS28990)	1
news24.md	Hetzner Online GmbH (AS24940)	1
CLOUDFLARENET	Lansoft Data Srl (AS31554)	1
neoadvanced.com	Guardfox SRL (AS25455)	1
allonx.ro	GTS Telecom SRL (AS5606)	1
proinit.md	StarNet Solutii SRL (AS31252)	1
Alexhost Srl	Orange Moldova S.A. (AS25454)	1
qac.ro	ECHO-SP (AS327693)	1
Hetzner Online GmbH	MICROSOFT-CORP-MSN-AS-BLOCK (AS8075)	1
afraid.org	Contabo GmbH (AS51167)	1
unknown	Host Europe GmbH (AS21499)	1
zoneedit.com	StarNet Solutii SRL (AS31252)	1
fornex.com	Fornex Hosting S.L. (AS48040)	1
skoda-auto.cz	SKODA AUTO a.s. (AS20708)	1
eventus.md	MivoCloud SRL (AS39798)	1
f5clouddns.com	Inovare-Prim SRL (AS60602)	1
nic.ru	VTB Bank (Public Joint-Stock Company) (AS41551)	1
kuantero.com	Chroot Network SRL (AS56430)	1
lexsynergy.net	Akamai Connected Cloud (AS63949)	1
reg.ru	JSC Selectel (AS49505)	1
domaintechnik.at	Ledl.net GmbH (AS25575)	1
efficient.it	Pixel X e.K. (AS60380)	1
matex.md	Serverius Holding B.V. (AS50673)	1
vacansoleil.md	Signet B.V. (AS20857)	1
nytro.md	MivoCloud SRL (AS39798)	1
SECURITYSERVICES	FASTLY (AS54113)	1
CLOUDFLARENET	Equinix (EMEA) Acquisition Enterprises B.V. (AS15830)	1
netim.net	Combell NV (AS34762)	1
netim.net	Akamai Connected Cloud (AS63949)	1
cards.md	Moldtelecom SA (AS8926)	1
dollardns.net	Rackforest Zrt. (AS62214)	1
corpinter.de	AMAZON-02 (AS16509)	1
lolipop.jp	GMO Internet Group, Inc. (AS7506)	1
cloudns.net	SERVERCENTRAL (AS23352)	1
directmdemail.com	IMH-IAD (AS54641)	1
rento.md	Radeon Service S.R.L. (AS60405)	1
namemaster.de	ANEXIA Internetdienstleistungs GmbH (AS40980)	1
awsdns-07.org	GOOGLE-CLOUD-PLATFORM (AS396982)	1
domain.com	Orange Moldova S.A. (AS25454)	1
CLOUDFLARENET	PE Fedinyak Sergey Vyacheslavovich (AS203087)	1
sec-ns.de	PlusServer GmbH (AS61157)	1
HURRICANE	TALKIE-COMMUNICATIONS (AS12183)	1
ipcom GmbH	KNAPP AG (AS41437)	1
CLOUDFLARENET	FRONTIER-FRTR (AS5650)	1
forumcenter.md	MivoCloud SRL (AS39798)	1
SECURITYSERVICES	GALLUP1 (AS15263)	1
porsche.asia	Host Europe GmbH (AS20773)	1
SECURITYSERVICES	MICROSOFT-CORP-MSN-AS-BLOCK (AS8069)	1
StarNet Solutii SRL	JSC Selectel (AS49505)	1
awsdns-36.net	AMAZON-02 (AS16509)	1
HURRICANE	Florian Kolb (AS58087)	1
blendbyte.net	Maxnet Telecomunicatii SRL (AS34517)	1
aircatering.md	Arax-Impex s.r.l. (AS15836)	1
spectrumbrands.eu	Ans Academy Limited (AS61323)	1
hoster.ru	Citytelecom LLC (AS12616)	1
ip-plus.net	MICROSOFT-CORP-MSN-AS-BLOCK (AS8075)	1
afraid.org	Moldcell S.A. (AS43925)	1
glipac.ch	Bluewin (AS3303)	1
angryhosting.com	ATT-INTERNET4 (AS7018)	1
matrix.md	Global Network Technology Srl (AS34529)	1
Hostpoint AG	Cloudflare London, LLC (AS209242)	1
vrvy.net	MOJOHOST (AS27589)	1
name-services.com	AMAZON-02 (AS16509)	1
lotto.md	Hetzner Online GmbH (AS24940)	1
thinline.cz	PRO-ZETA a.s. (AS60606)	1
doteasy.com	WHG Hosting Services Ltd (AS36218)	1
CLOUDFLARENET	interneX GmbH (AS44453)	1
bhghosting3.com	UNIFIEDLAYER-AS-1 (AS46606)	1
home.pl	LH.pl Sp. z o.o. (AS203417)	1
Information Technology and Cyber Security Service	Ava Host Srl (AS48753)	1
shopmania.org	M247 Europe SRL (AS9009)	1
directmdemail.com	GO-DADDY-COM-LLC (AS398787)	1
webglobe.cz	Webglobe, s.r.o. (AS29134)	1
nameshield.net	AMAZON-02 (AS16509)	1
ip-plus.net	dogado GmbH (AS47215)	1
Hetzner Online GmbH	EDGECAST (AS15133)	1
awsdns-05.net	AMAZON-02 (AS16509)	1
cryptosoft.biz	DREAMHOST-AS (AS26347)	1
vip.md	Hetzner Online GmbH (AS24940)	1
digicertdns.com	GOOGLE (AS15169)	1
lemarit.de	SOPRADO GmbH (AS20546)	1
domeny.tv	T-Mobile Polska S.A. (AS12912)	1
example.com	Scalaxy B.V. (AS58061)	1
markmonitor.com	GOOGLE-CLOUD-PLATFORM (AS396982)	1
linode.com	OVH SAS (AS16276)	1
awsdns-29.org	AMAZON-02 (AS16509)	1
softempire.ro	Cyber_Folks SRL (AS44043)	1
CLOUDFLARENET	CTS Computers and Telecommunications Systems SAS (AS35393)	1
Host Europe GmbH	FIRSTDIGITAL (AS13415)	1
CLOUDFLARENET	Guardfox SRL (AS25455)	1
domain.tld	OVH SAS (AS16276)	1
telco.md	Moldtelecom SA (AS8926)	1
uriage.md	Information Technology and Cyber Security Service (AS28990)	1
ambianta.md	Orange Moldova S.A. (AS25454)	1
Alexhost Srl	P.a.g.m. Ou (AS198068)	1
Safenames Ltd.	LeaseWeb Netherlands B.V. (AS60781)	1
ns14.net	AMAZON-02 (AS16509)	1
dline-hosting.ru	Goroshko Evgeniy Andreevich (AS50284)	1
tlh.ro	Cyber_Folks SRL (AS34358)	1
hostx.ro	GTS Telecom SRL (AS5606)	1
apples.md	MivoCloud SRL (AS39798)	1
Arax-Impex s.r.l.	ZAO Web Hosting (AS30943)	1
samsung.com	SamsungSDS Inc. (AS6619)	1
MICROSOFT-CORP-MSN-AS-BLOCK	NTG-AS (AS20355)	1
megagroup.ru	Megagroup.ru LLC (AS60357)	1
ordipat.fr	AMAZON-02 (AS16509)	1
vodafonenet.ro	Zipper Services SRL (AS56432)	1
