CLOUDFLARENET	lunanode.net	1
50webs.com	GOOGLE	2
curaden-hosting.ch	curaden-hosting.ch	2
SECURITYSERVICES	SECURITYSERVICES	82
cronio.sv	cronio.sv	1
AMAZON-02	MICROSOFT-CORP-MSN-AS-BLOCK	9
AMAZON-02	GOOGLE-CLOUD-PLATFORM	22
CLOUDFLARENET	CLOUDFLARENET	33
CLOUDFLARENET	APPLE-ENGINEERING	6
AMAZON-02	andersen.sv	1
AMAZON-02	mdc.sv	1
servinetsa.com	sait.sv	1
MILLICOM CABLE EL SALVADOR S.A. DE C.V.	MICROSOFT-CORP-MSN-AS-BLOCK	4
hostopya.com	CLOUDFLARENET	12
CLOUDFLARENET	chillibeans.sv	1
lineadns.com	GOOGLE	1
nominalia.com	nominalia.com	2
hostgator.com	GOOGLE	2
hostgator.com	buho.sv	1
CLOUDFLARENET	GOOGLE	57
Host Europe GmbH	MICROSOFT-CORP-MSN-AS-BLOCK	10
whc.ca	raiz.sv	1
CLOUDFLARENET	Proton AG	4
SERVERCENTRAL	turismo.sv	1
CLOUDFLARENET	seales.sv	1
combell.net	mailprotect.be	1
CLOUDFLARENET	mailchannels.net	8
hstgr.cloud	fmp.sv	1
fasttrackdns.com	CLOUDFLARENET	1
CLOUDFLARENET	MICROSOFT-CORP-MSN-AS-BLOCK	21
jayilserver.com	iaestudio.sv	1
CLOUDFLARENET	iersa.sv	1
markmonitor.zone	MICROSOFT-CORP-MSN-AS-BLOCK	3
trouble-free.net	ik2.com	1
CLOUDFLARENET	AUTOMATTIC	6
Host Europe GmbH	pphosted.com	1
cloudns.net	ZOHO-AS	1
DIGICERT	MICROSOFT-CORP-MSN-AS-BLOCK	2
SECURITYSERVICES	mimecast.com	1
birdnetworks.net	dd-ix.de	2
AMAZON-02	bitcoins.sv	1
Safenames Ltd.	idp365.net	4
Soluciones Corporativas IP, SL	ZOHO-AS	1
CLOUDFLARENET	iphmx.com	1
GOOGLE	netplay.sv	1
Host Europe GmbH	helitours.sv	1
PRIVATESYSTEMS	ZOHO-AS	5
bb-online.biz	co.uk	3
com.sv	diario1.com	1
MICROSOFT-CORP-MSN-AS-BLOCK	MICROSOFT-CORP-MSN-AS-BLOCK	9
udag.de	NorthC Deutschland GmbH	6
NETWORK-SOLUTIONS-HOSTING	padecomsmcredito.sv	1
GOOGLE	GOOGLE	5
micasino.sv	micasino.sv	1
irondns.de	man.de	1
registrar-servers.com	MICROSOFT-CORP-MSN-AS-BLOCK	1
Hetzner Online GmbH	regery.net	2
abovedomains.com	above.com	2
Soluciones Corporativas IP, SL	dondominio.com	1
lineadns.com	origenes.sv	1
awsdns-12.net	poxipol.sv	1
CLOUDFLARENET	messagingengine.com	3
SECURITYSERVICES	speednames.com	2
Host Europe GmbH	GOOGLE	5
panelbox.net	empoderar.sv	1
AMAZON-02	GOOGLE	4
netfirms.com	lavinoteca.sv	1
f5clouddns.com	exacttarget.com	1
GOOGLE	privateemail.com	1
ui-dns.biz	ionos.com	3
MICROSOFT-CORP-MSN-AS-BLOCK	swatchgroup.com	3
whc.ca	campus.sv	1
CLOUDFLARENET	instacredit.com	1
dnsimple.com	GOOGLE	1
webhostbox.net	lsys.sv	1
AMAZON-02	electrolit.sv	1
grupoinverdose.com	MICROSOFT-CORP-MSN-AS-BLOCK	1
afraid.org	haciendacuscatlan.sv	1
markmonitor.com	MICROSOFT-CORP-MSN-AS-BLOCK	3
vivawebhost.com	superalameda.sv	1
awsdns-37.com	ma.sv	1
aplus.net	INFB2-AS	7
safenames.com	idp365.net	2
lacasadeinternet.sv	isoc.sv	1
SECURITYSERVICES	NAMECHEAP-NET	7
conective.sv	GOOGLE	1
liquidweb.com	hotelpayaya.sv	1
servidoresph.com	ecommerceday.sv	1
looktotheright.com	uponlytrading.sv	1
rgfi.net	tente.sv	1
nscluster.ee	nameweb.biz	1
caritas.sv	securelans.net	1
MILLICOM CABLE EL SALVADOR S.A. DE C.V.	tigo.sv	1
lineadns.com	aragon.sv	1
CLOUDFLARENET	abogados.sv	1
trouble-free.net	grupohera.sv	1
colombiahosting.com	greenknow.sv	1
dns1.de	krannich-solar.sv	1
domainoo.fr	domainoo.fr	1
name-services.com	GOOGLE	1
CLOUDFLARENET	calvo.cz	1
CLOUDFLARENET	ZOHO-AS	11
looktotheright.com	complex1.sv	1
interdomain.net	telxius.sv	1
gtm.sv	MICROSOFT-CORP-MSN-AS-BLOCK	1
NSONE	AMAZON-02	9
AMAZON-02	chep.sv	1
tangomail.net	arbore.sv	1
awsdns-03.com	pphosted.com	1
com.sv	com.sv	2
AMAZON-02	expomed.sv	1
tnnet.fi	tnnet.fi	1
inmotionhosting.com	acofinges.sv	1
tured.sv	puertowifi.cl	1
com.sv	GOOGLE	1
hostgator.com	clubahorro.sv	1
servicio-online.net	lactovit.sv	1
CLOUDFLARENET	heraldos.sv	1
lineadns.com	sivarlife.sv	1
AMAZON-02	inrico.sv	1
indomco.com	SECURITYSERVICES	4
dynamica.biz	labosuisse.sv	1
HVC-AS	mir.sv	1
HVC-AS	hosting.sv	1
HVC-AS	MICROSOFT-CORP-MSN-AS-BLOCK	2
CLOUDFLARENET	tickets.sv	1
abdns.biz	arubabusiness.it	2
AMAZON-02	diversion.sv	1
td-fn.net	teledata-fn.de	1
tangomail.net	artea.sv	1
tecnoempresarial.com	carloscisneros.sv	1
nsresponse.com	agroprecision.sv	1
AMAZON-02	trojanbattery.sv	1
goldensilver.sv	GOOGLE	1
SECURITYSERVICES	improvmx.com	1
awsdns-10.net	MICROSOFT-CORP-MSN-AS-BLOCK	1
NSONE	GOOGLE	3
NSONE	sportgana.sv	1
GOOGLE	euroinnova.sv	1
com.sv	MICROSOFT-CORP-MSN-AS-BLOCK	3
rackspace.com	solucionweb.com	1
AMAZON-02	andersentax.sv	1
hostmonster.com	geodata.sv	1
linode.com	6.sv	1
lacasadeinternet.sv	unpocodehistoria.sv	1
hostgator.com	mundovision.sv	1
NUCDN	entorno.es	3
Akamai International B.V.	co.uk	1
credomatic.com	MICROSOFT-CORP-MSN-AS-BLOCK	1
ipower.com	bpc.sv	1
liquidweb.com	ontheborder.sv	1
exacttarget.com	exacttarget.com	2
factdigital.net	mailgun.org	1
inmotionhosting.com	ZOHO-AS	1
maxonline.de	CLOUDFLARENET	1
afraid.org	com.sv	1
awsdns-14.org	GOOGLE	1
Host Europe GmbH	secureserver.net	1
AMAZON-02	omnilife.sv	1
Host Europe GmbH	ares.sv	1
hostgator.com	properties.sv	1
hostgator.mx	universidadnuevosiglo.sv	1
HVC-AS	host.sv	1
hostmar.com	hospitalsanmiguel.sv	1
kasserver.com	kasserver.com	3
dnsguatemala7.com	plastihogar.sv	1
lnc03vshosting.	ZOHO-AS	1
looktotheright.com	up0nlytrading.sv	1
nameshield.net	nameshield.com	5
SECURITYSERVICES	MICROSOFT-CORP-MSN-AS-BLOCK	1
easydns.ca	easydns.com	2
a2hosting.com	ghost.sv	1
linode.com	v.sv	1
hostgator.com	pink.sv	1
jayilserver.com	irreverent.sv	1
AMAZON-02	dabank.sv	1
webmastersv.com	NAMECHEAP-NET	1
AMAZON-02	bustv.sv	1
GANDI SAS	GANDI SAS	12
cloudns.net	dynu.com	1
CLOUDFLARENET	miniso.sv	1
AMAZON-02	jumpingland.sv	1
hostilimitado.com	GOOGLE	1
hostgator.com	benelli.sv	1
hostgator.mx	institutodepodologia.sv	1
sedoparking.com	localhost	1
Host Europe GmbH	subastasventura.sv	1
constellix.com	emailsrvr.com	1
iptwins.com	iptwins.com	2
SERVERCENTRAL	midoctor.sv	1
hostgator.com	MICROSOFT-CORP-MSN-AS-BLOCK	1
CLOUDFLARENET	mail.ru	2
AMAZON-02	glc.sv	1
CLOUDFLARENET	doctoronline.sv	1
hostmonster.com	ZOHO-AS	1
hostmonster.com	siis.sv	1
AMAZON-02	krediya.sv	1
awsdns-04.net	GOOGLE	1
linode.com	w.sv	1
hetzner.com	GOOGLE	1
GOOGLE	flynet.sv	2
NETWORK-SOLUTIONS-HOSTING	surf.sv	1
safebrands.com	kickers.sv	1
f5clouddns.com	MICROSOFT-CORP-MSN-AS-BLOCK	2
lineadns.com	actum.sv	1
awsdns-11.net	GOOGLE	1
awsdns-04.org	kapa7.com	1
AMAZON-02	metapwr.sv	1
hostgator.com	felixysusana.sv	1
elsalvadormaps.sv	GOOGLE	1
cloudserver22.com	rmi.sv	1
AMAZON-02	inricosolutions.sv	1
AMAZON-02	arthurandersen.sv	1
AMAZON-02	nanosonics.sv	1
cloudns.net	blue.sv	1
extremecomputadoras.net	babycottons.sv	1
regzone.cz	metro.lu	1
fcomet.com	fcomet.com	1
nameshield.net	boehringer-ingelheim.com	2
serverstack.com	xvideos.sv	1
AMAZON-02	hyundai-ce.sv	1
AMAZON-02	paybit.sv	1
HVC-AS	farmaciasolidaria.sv	1
cyberfuel.com	facturar.sv	1
GOOGLE-CLOUD-PLATFORM	stackmail.com	4
mijndnsserver.nl	MICROSOFT-CORP-MSN-AS-BLOCK	1
panelbox.net	empoderarsv.sv	1
AMAZON-02	360.sv	1
SECURITYSERVICES	hostedemail.com	3
perf1.com	nameshield.com	4
AMAZON-02	signal.sv	1
awsdns-23.net	GOOGLE	1
dominiando.asia	dominiando.it	2
volvo.com	SECURITYSERVICES	1
lemarit.de	rayonex.sv	1
CLOUDFLARENET	radio.sv	1
hostgator.com	michofer.sv	1
niveldecalidad.sv	niveldecalidad.sv	1
CLOUDFLARENET	clabo.sv	1
GOOGLE-CLOUD-PLATFORM	GOOGLE	1
servconfig.com	suchilero.sv	1
freehostia.com	freehostia.com	1
webaccountserver.com	totalcleaner.sv	1
looktotheright.com	c0mplex1.sv	1
awsdns-31.com	poxilina.sv	1
fundaungo.sv	fundaungo.sv	1
awsdns-09.net	GOOGLE	1
daniel15.com	d.sb	1
vultr.com	palestra.sv	1
afraid.org	ZOHO-AS	2
mediatemple.net	GOOGLE	1
AMAZON-02	karamba.sv	1
vultr.com	url.sv	1
linode.com	btc.sv	1
mihosting.net	costadelsol.sv	1
CLOUDFLARENET	webinfo.sv	1
CLOUDFLARENET	hub.sv	1
CLOUDFLARENET	airbox.sv	1
gsitio.com	mgp.sv	1
awsdns-02.org	amazonaws.com	1
CLOUDFLARENET	egob.sv	1
repsaonline.com	repsa.sv	1
AMAZON-02	inradio.sv	1
CLOUDFLARENET	bitconsultores.net	1
Host Europe GmbH	mvp.sv	1
CLOUDFLARENET	devops.sv	1
updp-sem.com	trendmicro.eu	1
SERVERCENTRAL	samia.sv	1
awsdns-28.com	lagotita.sv	1
1and1-dns.com	ionos.com	1
cloinse.com	login.sv	1
AMAZON-02	hyundai-mh.sv	1
HVC-AS	GOOGLE	2
CLOUDFLARENET	gana777.sv	1
servinetsa.com	MICROSOFT-CORP-MSN-AS-BLOCK	1
gmsacv.net	GOOGLE	2
hostgator.com	cir.sv	1
mundoclasicaupa.com	GOOGLE	1
ine.sv	ine.sv	1
servicio-online.net	acens.sv	1
cloudgbox.net	transmatic.sv	1
webhostbox.net	suministroscafe.sv	1
1984.is	MICROSOFT-CORP-MSN-AS-BLOCK	1
webhostbox.net	elroble.sv	1
SERVERCENTRAL	chalatenango.sv	1
contabo.net	GOOGLE	1
awsdns-34.com	disney.com	1
CLOUDFLARENET	safie.sv	1
SERVERCENTRAL	faciltravel.sv	1
CLOUDFLARENET	mil.sv	1
AMAZON-02	intex.sv	1
safenames.com	MICROSOFT-CORP-MSN-AS-BLOCK	1
hostgator.com	mossy.sv	1
cloudns.net	GOOGLE	1
hostns.io	adventistas.sv	1
easybroker.com	GOOGLE	1
CLOUDFLARENET	connect.sv	1
GANDI SAS	GOOGLE	1
CLOUDFLARENET	NAMECHEAP-NET	1
com.sv	pangia.biz	1
AMAZON-02	stableserver.net	1
awsdns-05.org	GOOGLE	1
sureserver.com	waps.sv	1
NETWORK-SOLUTIONS-HOSTING	sici.sv	1
MICROSOFT-CORP-MSN-AS-BLOCK	GOOGLE	1
lineadns.com	surfware.sv	1
awsdns-04.com	MICROSOFT-CORP-MSN-AS-BLOCK	1
inmotionhosting.com	GOOGLE	1
com.mx	accutone.sv	1
qualitygrains.sv	qualitygrains.sv	1
trouble-free.net	gh.sv	1
NETWORK-SOLUTIONS-HOSTING	guerreros.sv	1
supremedns.com	supremebox.com	1
Soluciones Corporativas IP, SL	GOOGLE	1
safebrands.com	sncf.sv	1
trouble-free.net	interplastiz.sv	1
neothek.com	qualityimports.sv	1
AMAZON-02	jyrsa.sv	1
register.it	register.it	1
AMAZON-02	perfectos.sv	1
CLOUDFLARENET	koaj.sv	1
CLOUDFLARENET	lvenergysystems.sv	1
AMAZON-02	yevo.sv	1
cprapid.com	medicos.sv	1
AMAZON-02	technocred.sv	1
mihosting.net	consali.sv	1
awsdns-05.org	davivienda.sv	1
ipcom GmbH	merck.de	1
AMAZON-02	moviesshop.sv	1
registrar-servers.com	privateemail.com	1
netfirms.com	mayora.sv	1
AMAZON-02	luki.sv	1
awsdns-23.net	plasticola.sv	1
hostns.io	esperanza.sv	1
awsdns-06.org	GOOGLE	1
kasserver.com	MICROSOFT-CORP-MSN-AS-BLOCK	1
empresaweb.link	ugrow.sv	1
hostgator.com	keeway.sv	1
SERVERCENTRAL	exchanger.sv	1
CLOUDFLARENET	eduapp.sv	1
contecindustrial.com	contecindustrial.sv	1
hostgator.com	rentacamper.sv	1
awsdns-30.org	MICROSOFT-CORP-MSN-AS-BLOCK	1
com.sv	aecid.sv	1
awsdns-05.net	GOOGLE	1
awsdns-08.org	ZOHO-AS	1
inmotionhosting.com	goat.sv	1
AMAZON-02	littlemic.sv	1
ufinetlatam.net	ufinet.sv	1
hostgator.com	grupotropigas.sv	1
exclusivehosting.net	exclusivehosting.net	2
iptwins.com	SECURITYSERVICES	1
contabo.net	tools.sv	1
claro.cr	gp.sv	1
AMAZON-02	imagepeople.sv	1
win-svaef3s0led.	MICROSOFT-CORP-MSN-AS-BLOCK	1
CLOUDFLARENET	hostinger.es	1
rackspace.com	emailsrvr.com	1
AMAZON-02	betway.sv	1
lineadns.com	corazonverde.sv	1
bancoagricola.com	MICROSOFT-CORP-MSN-AS-BLOCK	1
AMAZON-02	dabanco.sv	1
cloudns.net	MICROSOFT-CORP-MSN-AS-BLOCK	1
hostgator.com	503.sv	1
wordpress.com	GOOGLE	1
rdserver.xyz	ZOHO-AS	1
CLOUDFLARENET	acantilados.sv	1
lacasadeinternet.sv	lacasadeinternet.sv	1
CLOUDFLARENET	sophos.com	1
ipcom GmbH	kasserver.com	1
cdns.link	ir.sv	1
hostgator.mx	podologosespecializados.sv	1
afraid.org	GOOGLE	2
mihosting.net	factured.sv	1
ngninfra.net	ngninfra.net	1
AMAZON-02	yulala.sv	1
CLOUDFLARENET	simplelogin.co	1
CLOUDFLARENET	hostingnacional.sv	1
Akamai International B.V.	iphmx.com	1
hostpapavps.net	habitat.sv	1
SECURITYSERVICES	nutricia.sv	1
CLOUDFLARENET	amazonaws.com	1
CLOUDFLARENET	daviplata.sv	1
vultr.com	sinapsis.sv	1
portalauranet.cl	GOOGLE	1
ipage.com	MICROSOFT-CORP-MSN-AS-BLOCK	1
CLOUDFLARENET	silvergoldbull.com	1
awsdns-15.com	MICROSOFT-CORP-MSN-AS-BLOCK	1
supremepanel.com	odoo.sv	1
servconfig.com	drivers.sv	1
awsdns-16.org	MICROSOFT-CORP-MSN-AS-BLOCK	1
contabo.net	mys.sv	1
CLOUDFLARENET	futswap.sv	1
NSONE	Proton AG	1
SERVERCENTRAL	uanataca.sv	1
CLOUDFLARENET	telsuppliers.sv	1
nameshield.net	te-dns.net	1
CLOUDFLARENET	mailgun.org	1
CLOUDFLARENET	hostinger.mx	1
Akamai International B.V.	SECURITYSERVICES	1
SERVERCENTRAL	helium.sv	1
alidns.com	feishu.cn	1
awsdns-22.com	GOOGLE	1
AMAZON-02	clubpass.sv	1
NUCDN	ebrandservices.com	1
netfirms.com	cofal.sv	1
netfirms.com	vinoteca.sv	1
AMAZON-02	nanoleaf.sv	1
hostpoint.ch	hostpoint.ch	1
gsitio.com	GOOGLE	1
AMAZON-02	maryruthorganics.sv	1
tunalkan.net	tunalkan.net	1
Host Europe GmbH	ispgateway.de	1
lineadns.com	genetica.sv	1
CLOUDFLARENET	INFB2-AS	1
AMAZON-02	ciosa.sv	1
f5clouddns.com	bancatlan.sv	1
lineadns.com	witz.sv	1
ingesoft.net	ingesoft.net	1
lineadns.com	hackfest.sv	1
awsdns-25.net	GOOGLE	1
lineadns.com	mascotas.sv	1
awsdns-07.net	GOOGLE	1
hostgator.com	centromedicodeoriente.sv	1
GOOGLE	mailprotect.be	1
AMAZON-02	davibanco.sv	1
CLOUDFLARENET	GOOGLE-CLOUD-PLATFORM	1
CLOUDFLARENET	todoturismo.sv	1
mihosting.net	redabierta.sv	1
AMAZON-02	argento.sv	1
NETWORK-SOLUTIONS-HOSTING	MICROSOFT-CORP-MSN-AS-BLOCK	1
servicio-online.net	lactourea.sv	1
lineadns.com	organismo.sv	1
IONOS SE	serviciodecorreo.es	1
he.net	proitsv.com	1
rdserver.xyz	tacology.sv	1
hostgator.com	asociacionprovida.sv	1
CLOUDFLARENET	diarioelsalvador.com	1
ipage.com	GOOGLE	1
misganancias.net	misganancias.sv	1
hostilimitado.com	fe.sv	1
vivawebhost.com	construexpress.sv	1
awsdns-17.net	GOOGLE	1
AMAZON-02	tag.sv	1
CLOUDFLARENET	fruugo.net	1
CLOUDFLARENET	premium.sv	1
CLOUDFLARENET	privateemail.com	1
dns-principal-24.com	optimus.sv	1
latinoamericahosting.com	xeducation.sv	1
awsdns-02.org	GOOGLE	1
CLOUDFLARENET	fees.sv	1
AMAZON-02	andersenlegal.sv	1
Host Europe GmbH	live.sv	1
AMAZON-02	smartcoach.sv	1
CLOUDFLARENET	imperquimia.sv	1
AMAZON-02	biocryst.sv	1
CLOUDFLARENET	otc.sv	1
CLOUDFLARENET	aldea.sv	1
main-hosting.eu	algoritmia.sv	1
CLOUDFLARENET	disalco.sv	1
