SERVICIO DI TELECOMUNICACION DI ARUBA SETAR N.V.	SERVICIO DI TELECOMUNICACION DI ARUBA SETAR N.V.	113
ovh.net	GOOGLE	1
CLOUDFLARENET	iphmx.com	6
CLOUDFLARENET	bna.aw	1
DIMENOC	GOOGLE	2
awsdns-26.com	MICROSOFT-CORP-MSN-AS-BLOCK	2
argewebhosting.com	argewebhosting.nl	4
vultr.com	MICROSOFT-CORP-MSN-AS-BLOCK	1
registrar-servers.com	MICROSOFT-CORP-MSN-AS-BLOCK	2
dreamhost.com	ZOHO-AS	1
MICROSOFT-CORP-MSN-AS-BLOCK	MICROSOFT-CORP-MSN-AS-BLOCK	10
DIMENOC	payless.aw	1
CLOUDFLARENET	MICROSOFT-CORP-MSN-AS-BLOCK	40
CLOUDFLARENET	GOOGLE	20
SERVICIO DI TELECOMUNICACION DI ARUBA SETAR N.V.	accountservergroup.com	2
CLOUDFLARENET	CLOUDFLARENET	5
SERVICIO DI TELECOMUNICACION DI ARUBA SETAR N.V.	cloudpbx.aw	2
CLOUDFLARENET	yandex.net	4
SOFTLAYER	jmc.aw	1
Cloud DNS Ltd	aruba.com	2
SERVICIO DI TELECOMUNICACION DI ARUBA SETAR N.V.	MICROSOFT-CORP-MSN-AS-BLOCK	26
CLOUDFLARENET	hostedemail.com	3
bhosted.nl	MICROSOFT-CORP-MSN-AS-BLOCK	2
a2dns.com	clearlyrealty.aw	1
arubasearch.com	expocas.aw	1
siteground.net	MICROSOFT-CORP-MSN-AS-BLOCK	1
CLOUDFLARENET	ZOHO-AS	3
SECURITYSERVICES	SECURITYSERVICES	15
Host Europe GmbH	secureserver.net	2
CLOUDFLARENET	ppe-hosted.com	4
Cloud DNS Ltd	MICROSOFT-CORP-MSN-AS-BLOCK	6
DIGICERT	MICROSOFT-CORP-MSN-AS-BLOCK	2
DIMENOC	partyboutique.aw	1
Host Europe GmbH	easyfm.aw	1
inmotionhosting.com	GOOGLE	1
SOFTLAYER	MICROSOFT-CORP-MSN-AS-BLOCK	1
SOFTLAYER	byd.aw	1
SOFTLAYER	131.aw	1
iptwins.com	iptwins.com	1
registrar-servers.com	GOOGLE	2
qdc.nl	MICROSOFT-CORP-MSN-AS-BLOCK	2
vultr.com	GOOGLE	1
trueserver.nl	MICROSOFT-CORP-MSN-AS-BLOCK	1
hostgator.com	MICROSOFT-CORP-MSN-AS-BLOCK	1
digitalocean.com	GOOGLE	1
wixdns.net	GOOGLE	3
awmail.email	listingsaruba.aw	1
awsdns-21.net	MICROSOFT-CORP-MSN-AS-BLOCK	1
SERVICIO DI TELECOMUNICACION DI ARUBA SETAR N.V.	metacorp.aw	5
CLOUDFLARENET	idea.aw	1
SERVICIO DI TELECOMUNICACION DI ARUBA SETAR N.V.	GOOGLE	4
AMAZON-02	MICROSOFT-CORP-MSN-AS-BLOCK	3
Host Europe GmbH	MICROSOFT-CORP-MSN-AS-BLOCK	2
Akamai International B.V.	iphmx.com	2
123-hostingserver.net	avondhavoaruba.aw	1
SERVICIO DI TELECOMUNICACION DI ARUBA SETAR N.V.	ekvandoorne.aw	1
wendys.com	ZOHO-AS	1
digitalocean.com	catalystglobal.com	1
CLOUDFLARENET	SERVICIO DI TELECOMUNICACION DI ARUBA SETAR N.V.	1
awsdns-01.net	GOOGLE	1
SERVICIO DI TELECOMUNICACION DI ARUBA SETAR N.V.	ppe-hosted.com	1
CLOUDFLARENET	bitcoin.aw	1
SERVICIO DI TELECOMUNICACION DI ARUBA SETAR N.V.	hbk.aw	1
CLOUDFLARENET	pro.aw	1
krystal.io	krystal.io	1
CLOUDFLARENET	bloedbankaruba.aw	1
SOFTLAYER	daihatsu.aw	1
SERVICIO DI TELECOMUNICACION DI ARUBA SETAR N.V.	iphmx.com	4
azure-dns.com	MICROSOFT-CORP-MSN-AS-BLOCK	1
1984.is	1984.is	1
SERVICIO DI TELECOMUNICACION DI ARUBA SETAR N.V.	mimecast.com	1
SERVICIO DI TELECOMUNICACION DI ARUBA SETAR N.V.	depalmtours.aw	1
SOFTLAYER	toyota.aw	1
CLOUDFLARENET	101domain.com	3
SERVICIO DI TELECOMUNICACION DI ARUBA SETAR N.V.	douane.aw	1
aruba-host.net	emailsrvr.com	1
hostmar.com	rentahouse.aw	1
dreamhost.com	mailchannels.net	1
SERVICIO DI TELECOMUNICACION DI ARUBA SETAR N.V.	messagelabs.com	2
DIMENOC	ZOHO-AS	1
CLOUDFLARENET	messagelabs.com	1
sedoparking.com	localhost	2
host2wow.com	cxpay.aw	1
ascio.com	jmascaro.com	1
Host Europe GmbH	koolman.aw	1
dns-parking.com	hostinger.com	1
SERVICIO DI TELECOMUNICACION DI ARUBA SETAR N.V.	barracudanetworks.com	1
AMAZON-02	megacar.aw	1
CLOUDFLARENET	share.aw	1
AMAZON-02	hostlinq.nl	1
sureserver.com	avis.aw	1
SERVICIO DI TELECOMUNICACION DI ARUBA SETAR N.V.	arubadag.aw	1
webempresa.eu	GOOGLE	1
wordpress.com	wordpress.com	1
DIMENOC	vda.aw	1
SERVICIO DI TELECOMUNICACION DI ARUBA SETAR N.V.	omaruba.aw	1
CLOUDFLARENET	papiamento.aw	1
SERVICIO DI TELECOMUNICACION DI ARUBA SETAR N.V.	fortimailcloud.com	1
awsdns-17.net	merrell.com	1
theplanet.com	caribmedia.aw	1
SERVICIO DI TELECOMUNICACION DI ARUBA SETAR N.V.	antracoaruba.com	1
SERVICIO DI TELECOMUNICACION DI ARUBA SETAR N.V.	dgwa.aw	1
dns-parking.com	titan.email	1
SERVICIO DI TELECOMUNICACION DI ARUBA SETAR N.V.	it-nubia.com	1
sedgwick.com	sedgwick.aw	1
CLOUDFLARENET	aqs.aw	1
softmetrixgroup.com	MICROSOFT-CORP-MSN-AS-BLOCK	1
entorno.com	entorno.es	1
domainnetwork.se	nutriciababy.aw	1
dreamhost.com	MICROSOFT-CORP-MSN-AS-BLOCK	1
SERVICIO DI TELECOMUNICACION DI ARUBA SETAR N.V.	belastingdienst.aw	1
SERVICIO DI TELECOMUNICACION DI ARUBA SETAR N.V.	dimasaruba.aw	1
awmail.email	arubarealestate.aw	1
webhostbox.net	jcconstruction.aw	1
arubasearch.com	GOOGLE	1
SERVICIO DI TELECOMUNICACION DI ARUBA SETAR N.V.	siad.aw	1
SERVICIO DI TELECOMUNICACION DI ARUBA SETAR N.V.	bsl-laundry.aw	1
mota-engil.pt	MICROSOFT-CORP-MSN-AS-BLOCK	1
awsdns-02.net	MICROSOFT-CORP-MSN-AS-BLOCK	1
host2wow.com	sen.aw	1
CLOUDFLARENET	nissan.aw	1
awmail.email	emailsrvr.com	1
register.it	register.it	1
CLOUDFLARENET	censo.aw	1
Akamai International B.V.	klm.com	1
hostmonster.com	MICROSOFT-CORP-MSN-AS-BLOCK	1
