ne.jp	door.pm	1
CLOUDFLARENET	OVH SAS	23
netim.net	Eurofiber France SAS	36
nameshield.net	Nameshield SAS	11
CLOUDFLARENET	Eurofiber France SAS	5
GANDI SAS	GANDI SAS	135
one.com	One.com A/S	274
intellyhosting.be	intellyhosting.be	1
CLOUDFLARENET	CLOUDFLARENET	121
1984.is	runbox.com	1
SERVERSTACK-ASN	safebox.pm	1
CLOUDFLARENET	rune.pm	4
alwaysdata.com	alwaysdata.com	1
sedoparking.com	localhost	37
ab stract ltd	affordableseo.pm	1
seohost.pl	aksamit.pm	1
dns-h.com	rookie.pm	1
OVH SAS	OVH SAS	536
ipcom GmbH	AUTOMATTIC	1
realtor.pm	realtor.pm	1
one.com	sendgrid.net	1
pal.pm	pal.pm	1
aquaray.com	aquaray.com	1
ab stract ltd	Proton AG	50
CLOUDFLARENET	co.uk	3
CLOUDFLARENET	postmark.pm	1
register.it	Register S.p.A.	21
ailair.fr	ailair.net	1
CLOUDFLARENET	GOOGLE-CLOUD-PLATFORM	2
ScaleUp Technologies GmbH & Co. KG	ScaleUp Technologies GmbH & Co. KG	39
AMAZON-02	GOOGLE	5
Infomaniak Network SA	GOOGLE	2
IONOS SE	NorthC Deutschland GmbH	19
dnsv2.com	ZOHO-AS	1
CLOUDFLARENET	Proton AG	70
globaldomaingroup.com	bodis.com	1
ch-meta.net	schweizer.pm	1
BUNNYWAY, informacijske storitve d.o.o.	OVH SAS	3
Neue Medien Muennich GmbH	kasserver.com	5
lwsdns.com	chevalier.pm	1
Hostpoint AG	Proton AG	1
goneo.de	goneo.de	1
OVH SAS	runbox.com	2
CLOUDFLARENET	GOOGLE	87
xundns.com	buyusdt.me	5
awsdns-33.org	GOOGLE	1
Scaleway S.a.s.	Scaleway S.a.s.	19
ui-dns.biz	co.uk	2
celya.fr	GANDI SAS	2
Signet B.V.	Proton AG	6
NSONE	CLOUDFLARENET	5
Infomaniak Network SA	Infomaniak Network SA	56
Soluciones Corporativas IP, SL	dondominio.com	2
CLOUDFLARENET	gamepoint.net	1
one.com	MICROSOFT-CORP-MSN-AS-BLOCK	3
lwsdns.com	Proton AG	1
ipcom GmbH	MICROSOFT-CORP-MSN-AS-BLOCK	4
OVH SAS	ellohcs.de	1
CLOUDFLARENET	x0.pm	1
Infomaniak Network SA	OVH SAS	1
Host Europe GmbH	versicherung.pm	1
CLOUDFLARENET	APPLE-ENGINEERING	28
CLOUDFLARENET	single.pm	1
SECURITYSERVICES	SECURITYSERVICES	28
OVH SAS	GOOGLE	38
OVH SAS	hirtzfr.eu	1
CLOUDFLARENET	soverin.net	1
ipcom GmbH	Proton AG	5
Scaleway S.a.s.	Proton AG	10
Infomaniak Network SA	mcginn.pm	1
MICROSOFT-CORP-MSN-AS-BLOCK	MICROSOFT-CORP-MSN-AS-BLOCK	15
NSONE	Proton AG	3
iwantmyname.net	GOOGLE	2
GANDI SAS	MICROSOFT-CORP-MSN-AS-BLOCK	5
GANDI SAS	nereys.fr	1
CLOUDFLARENET	MICROSOFT-CORP-MSN-AS-BLOCK	23
HURRICANE	GOOGLE	4
CLOUDFLARENET	noscope.it	1
planethoster.net	planethoster.pm	1
GANDI SAS	Proton AG	15
GANDI SAS	APPLE-ENGINEERING	7
Signet B.V.	GOOGLE	7
dns.com	111tt.icu	1
webglobe.sk	mx-hub.cz	2
Infomaniak Network SA	ZOHO Corporation B.V	2
clausweb.ro	atl.pm	1
CLOUDFLARENET	GANDI SAS	7
AMAZON-02	Delta HighTech Ltd.	7
Host Europe GmbH	wette.pm	1
tweet.pm	tweet.pm	1
dnsdomene.net	Proton AG	1
cloudpit.com	wos.is	1
hyp.net	Domeneshop AS	16
awsdns-03.net	milfneuken.pm	1
OVH SAS	keo.pm	1
SEDO GmbH	localhost	9
dnsip.com	hyl90.com	2
dnspod.net	domainparking-dnspod.cn	1
xundns.com	xmocloud02.com	7
Knipp Medien und Kommunikation GmbH	variomedia.de	5
NForce Entertainment B.V.	ZOHO Corporation B.V	2
parklogic.com	plingest.com	1
xundns.com	2bhxcdn.com	5
dnsip.com	img999.cc	3
Host Europe GmbH	MICROSOFT-CORP-MSN-AS-BLOCK	17
serveriai.lt	serveriai.lt	1
Host Europe GmbH	podcast.pm	1
one.com	APPLE-ENGINEERING	2
O2switch SAS	achart.pm	1
ab stract ltd	1p.pm	1
perf1.com	planeteplus.pm	1
ipcom GmbH	john.pm	1
Scaleway S.a.s.	drd.pm	1
CLOUDFLARENET	mailchannels.net	6
tina.pm	tina.pm	1
AMAZON-02	bliss.pm	1
awsdns-01.net	secureserver.net	1
Infomaniak Network SA	Proton AG	26
Hetzner Online GmbH	rtsrvr.de	4
perf1.com	piwi-plus.pm	1
euro-space.net	ebinger.pm	1
Signet B.V.	wur.pm	1
CLOUDFLARENET	privateemail.com	1
leaseweb.nl	Proton AG	1
routing.net	routing.net	2
NUCDN	co.uk	1
smile.hosting	smile-server.de	1
OVH SAS	Proton AG	49
AMAZON-02	leader.pm	1
NForce Entertainment B.V.	YANDEX LLC	6
one.com	Proton AG	5
CLOUDFLARENET	Tutao GmbH	2
communicampserver.eu	marco.pm	1
jimdo.com	jimdo.com	2
GANDI SAS	ZOHO Corporation B.V	3
webd.pl	winiarski.pm	1
Hetzner Online GmbH	MICROSOFT-CORP-MSN-AS-BLOCK	2
CLOUDFLARENET	ZOHO Corporation B.V	12
dns.services	MICROSOFT-CORP-MSN-AS-BLOCK	1
ab stract ltd	Tutao GmbH	4
NUCDN	eurodns.com	8
Hetzner Online GmbH	Bastiaan Mathijs Brink	8
ipcom GmbH	nodoj.de	1
supercp.com	apply.pm	1
indomco.com	netnames.net	2
NSONE	AUTOMATTIC	6
CLOUDFLARENET	amazonaws.com	1
xcuse.me	upnext.pm	1
NUCDN	ecloudpanel.com	2
OVH SAS	masson.pm	1
NForce Entertainment B.V.	topdns.com	19
SERVERSTACK-ASN	xvideos.pm	1
Trellian Pty. Limited	Delta HighTech Ltd.	10
GANDI SAS	Fastmail Pty Ltd	3
mythic-beasts.com	mythic-beasts.com	1
hostnet.nl	hostnet.nl	2
CLOUDFLARENET	Fastmail Pty Ltd	34
ns14.net	MICROSOFT-CORP-MSN-AS-BLOCK	2
CLOUDFLARENET	blm.pm	1
GOOGLE	MICROSOFT-CORP-MSN-AS-BLOCK	1
tmt.de	maisel.net	2
NForce Entertainment B.V.	ddd.pm	1
AMAZON-02	demandflow.pm	1
mijn.host	mijn.host	2
GOOGLE	flockmail.com	1
AMAZON-02	ZOHO-AS	1
ns0.nl	earthtoday.pm	1
Hetzner Online GmbH	regery.net	2
ipcom GmbH	trendmicro.eu	1
NForce Entertainment B.V.	Datacamp Limited	2
ns01.nl	mailport.nl	1
CLOUDFLARENET	101domain.com	8
CLOUDFLARENET	eriksen.pm	1
CLOUDFLARENET	zx770.com	11
OVH SAS	GOOGLE-CLOUD-PLATFORM	1
1233dns.com	outgedns770.com	6
lwsdns.com	marenostrum.pm	1
O2switch SAS	linksnap.pm	1
awsdns-08.org	Proton AG	1
HURRICANE	ZOHO-AS	1
serverworld.uk	fax.pm	1
Yelles AB	l-h.pm	1
second-ns.com	your-server.de	5
netcup GmbH	huth.pm	1
OVH SAS	0h00.pm	1
ab stract ltd	Fastmail Pty Ltd	1
O2switch SAS	higo.pm	1
mvmnet.com	MICROSOFT-CORP-MSN-AS-BLOCK	1
OVH SAS	lassalle.pm	1
co.uk	memail.com	1
epik.com	unify.pm	1
acens.net	acens.pm	1
levix.nl	MICROSOFT-CORP-MSN-AS-BLOCK	1
Signet B.V.	nssen.pm	1
awsdns-08.com	neukertjes.pm	1
HURRICANE	OVH SAS	1
greenshiftnetworks.com	greenshift.eu	1
NSONE	yluyou.com	1
GANDI SAS	GOOGLE	14
OVH SAS	Datacamp Limited	1
CLOUDFLARENET	mxfilter.net	1
OVH SAS	APPLE-ENGINEERING	10
ab stract ltd	postale.io	4
one.com	ums.pm	1
lwsdns.com	agir.pm	1
netim.net	amazonaws.com	2
CLOUDFLARENET	told.im	1
egensajt.se	Proton AG	1
NForce Entertainment B.V.	Proton AG	14
NForce Entertainment B.V.	cat.pm	1
Signet B.V.	transip.email	6
Signet B.V.	teal.pm	1
awsdns-04.org	amazonaws.com	1
bb-online.biz	co.uk	4
O2switch SAS	mcia.pm	1
Hostpoint AG	Hostpoint AG	13
iptwins.com	iptwins.com	3
AMAZON-02	GOOGLE-CLOUD-PLATFORM	7
ab stract ltd	YANDEX LLC	3
Host Europe GmbH	GOOGLE	3
inforoutes.fr	numerian.fr	1
ab stract ltd	Heinlein-Support GmbH	3
NetActuate, Inc	pilsfree.net	1
OVH SAS	npserv.de	2
OVH SAS	ping.pm	3
AMAZON-02	theexample.pm	1
Infomaniak Network SA	Tutao GmbH	1
CLOUDFLARENET	tiktok.pm	1
CLOUDFLARENET	3b.pm	2
nicns.net	asset.pm	1
CLOUDFLARENET	jellyfish.systems	2
ab stract ltd	owl.pm	1
e-studio.dk	spamfri.dk	2
OVH SAS	MICROSOFT-CORP-MSN-AS-BLOCK	10
AMAZON-02	ism.pm	1
OVH SAS	todo.pm	1
gransy.com	onlineshop.pm	1
zoneedit.com	rapid.pm	1
CLOUDFLARENET	zoho.in	2
CLOUDFLARENET	staffing.pm	1
IONOS SE	ms4support.de	1
PLANETHOSTER-8	omnia.pm	1
bb-online.biz	skiff.com	1
lexsynergy.info	GOOGLE	1
SERVERSTACK-ASN	ant.pm	1
Scaleway S.a.s.	aude.pm	1
O2switch SAS	kanten.pm	1
AMAZON-02	h-email.net	6
Signet B.V.	casper.pm	1
awsdns-15.org	GOOGLE	1
O2switch SAS	overseas.pm	1
proceau.net	proceau.net	1
Infomaniak Network SA	MICROSOFT-CORP-MSN-AS-BLOCK	9
easy-hebergement.net	easy-hebergement.net	1
CLOUDFLARENET	play.pm	1
ab stract ltd	komp.pm	1
CLOUDFLARENET	dynadot.com	6
easyname.eu	easyname.eu	1
OVH SAS	ZOHO-AS	4
Host Europe GmbH	jared.pm	1
ipcom GmbH	martini.pm	1
Host Europe GmbH	geld.pm	1
hyp.net	rolfs.no	1
Signet B.V.	magna.pm	1
O2switch SAS	APPLE-ENGINEERING	1
xundns.com	zx770.com	5
GOOGLE	privateemail.com	1
lwsdns.com	cristals.pm	1
linode.com	GOOGLE	1
Host Europe GmbH	secureserver.net	2
gransy.com	hybrid.pm	1
hyp.net	fast.pm	1
CLOUDFLARENET	purelymail.com	5
CLOUDFLARENET	AUTOMATTIC	9
hostup.se	xnet.pm	1
iwantmyname.net	pobox.com	1
NUCDN	mailinblack.com	1
castle.pm	castle.pm	1
mijn.host	wichers.net	1
planet-work.com	planet-work.com	1
CLOUDFLARENET	One.com A/S	1
indomco.com	monop.pm	1
O2switch SAS	balise.pm	1
CLOUDFLARENET	ZOHO-AS	9
NSONE	phx-digi.com	1
awsdns-22.com	instasex.pm	1
Host Europe GmbH	b2s.pm	1
lwsdns.com	gsi.pm	1
CLOUDFLARENET	pmail.pm	2
NETWORK-SOLUTIONS-HOSTING	world.pm	1
booth.pm	GOOGLE	1
CLOUDFLARENET	star.pm	1
NForce Entertainment B.V.	APPLE-ENGINEERING	1
Signet B.V.	exact.pm	1
NETWORK-SOLUTIONS-HOSTING	sale.pm	1
first-ns.de	linuxia.pm	1
manitu.net	obermeier.pm	1
CLOUDFLARENET	Infomaniak Network SA	8
splio.name	splio.fr	1
CLOUDFLARENET	ams.pm	1
1and1-dns.biz	kundenserver.de	1
Groupe LWS SARL	dordogne.pm	1
lwsdns.com	terrescreatives.pm	1
OVH SAS	protectedservice.net	1
OVH SAS	QUICKPACKET	2
auth-nameserver.com	ghostingbit.io	1
sqr.cloud	antispam-login.net	3
lws-hosting.biz	andrieu.pm	1
Host Europe GmbH	thai.pm	1
Infomaniak Network SA	oof.pm	1
selectel.ru	YANDEX LLC	1
NForce Entertainment B.V.	OVH SAS	5
slaskdatacenter.pl	michal.pm	1
Signet B.V.	jarvis.pm	1
mydevil.net	mydevil.net	2
francedns.com	Eurofiber France SAS	1
a2dns.com	realestatematching24.pm	1
inwx.ch	Proton AG	2
Signet B.V.	dejager.nu	1
afraid.org	genua.fr	1
azure-dns.com	MICROSOFT-CORP-MSN-AS-BLOCK	3
CLOUDFLARENET	tot.pm	1
Scaleway S.a.s.	Infomaniak Network SA	1
register.pm	letsbrand.com	1
brandshelter.com	nakedwines.pm	1
NUCDN	x-ion GmbH	3
CLOUDFLARENET	zgt.pm	1
dnspod.net	4uo.cn	2
BUNNYWAY, informacijske storitve d.o.o.	Heinlein-Support GmbH	1
dodns.net	Proton AG	1
AMAZON-02	lounge.pm	1
Scaleway S.a.s.	raymon.pm	1
one.com	singh.pm	1
NetActuate, Inc	Heinlein-Support GmbH	1
awsdns-14.net	leukesexcontacten.pm	1
CLOUDFLARENET	ari.pm	1
NUCDN	CLOUDFLARENET	1
ui-dns.biz	MICROSOFT-CORP-MSN-AS-BLOCK	1
CLOUDFLARENET	vipclub.pm	1
AMAZON-02	symphonic.pm	1
GANDI SAS	strom.pm	1
CLOUDFLARENET	YANDEX LLC	3
Host Europe GmbH	mursoft.at	1
inhostedns.com	mx.services	2
ab stract ltd	GOOGLE-CLOUD-PLATFORM	1
Groupe LWS SARL	wpms.pm	1
internetdomainnameregistrar.org	Heinlein-Support GmbH	1
GOOGLE-CLOUD-PLATFORM	stackmail.com	3
houtworm.name	houtworm.email	1
OVH SAS	pscv.de	1
Signet B.V.	MICROSOFT-CORP-MSN-AS-BLOCK	2
ab stract ltd	startmail.com	1
mail.ru	mail.ru	1
AMAZON-02	utah.pm	1
AMAZON-02	fero.pm	1
manitu.net	manitu.net	1
Scaleway S.a.s.	dude.pm	1
domserver.de	pomelo.pm	1
kunze.pm	kunze.pm	1
Hetzner Online GmbH	purelymail.com	1
komput.net	ields.net	1
thundercloud.uk	MICROSOFT-CORP-MSN-AS-BLOCK	1
OVH SAS	Heinlein-Support GmbH	5
valuehost.ru	yandex.ru	1
NSONE	hey.com	1
pavietnam.vn	Cloudflare London, LLC	1
NUCDN	Proton AG	3
hyp.net	APPLE-ENGINEERING	1
darkserv.net	darkserv.net	1
agenturserver.co	MICROSOFT-CORP-MSN-AS-BLOCK	1
NETWORK-SOLUTIONS-HOSTING	sujoy.pm	1
GANDI SAS	code.pm	1
gruyereheberge.ch	cluster.pm	1
netim.net	Tutao GmbH	1
je-eigen-domein.nl	je-eigen-domein.nl	4
layer6.net	karas.pm	1
bertin.pm	MICROSOFT-CORP-MSN-AS-BLOCK	1
CLOUDFLARENET	marcaria.com	1
lwsdns.com	mediauniversel.pm	1
CLOUDFLARENET	yuk.pm	1
OVH SAS	Tutao GmbH	1
bb-online.info	MICROSOFT-CORP-MSN-AS-BLOCK	1
NUCDN	GOOGLE	3
perf1.com	Nameshield SAS	2
netim.net	GOOGLE	1
poliman.net	poli.pm	1
ab stract ltd	nessuent.net	1
lwsdns.com	moretti.pm	1
CLOUDFLARENET	lavate.ch	3
wilco3d.com	archer.pm	1
AMAZON-02	cmd.pm	1
CLOUDFLARENET	anime.pm	1
webspeciaal.nl	matthew.pm	1
Signet B.V.	nol.pm	1
han-solo.net	createyourlife.pm	1
dnszi.com	GOOGLE	1
AMAZON-02	miro.pm	1
dnsip.com	cdnfast.net	1
Host Europe GmbH	sonntag.pm	1
yourdomainprovider.net	kpn.net	1
NSONE	YANDEX LLC	1
netim.net	Heinlein-Support GmbH	1
OVH SAS	Infomaniak Network SA	4
CLOUDFLARENET	mxhichina.com	2
netim.net	Proton AG	3
O2switch SAS	numerique.pm	1
SECURITYSERVICES	hostedemail.com	2
Infomaniak Network SA	APPLE-ENGINEERING	1
netim.net	APPLE-ENGINEERING	2
ab stract ltd	am747.pm	1
safeguard-dns.com	wolken.pm	1
GOOGLE	kurumsaleposta.com	1
CLOUDFLARENET	theflyingbear.net	1
IONOS SE	Proton AG	2
CLOUDFLARENET	ppe-hosted.com	1
O2switch SAS	peltier.pm	1
CLOUDFLARENET	pravdapro.pm	1
OVH SAS	rough.pm	1
antani.cc	lucy.pm	1
O2switch SAS	sophie.pm	1
CLOUDFLARENET	enprive.pm	1
parktons.com	parktons.com	2
O2switch SAS	aiia.pm	1
mein-webdienst.de	hostedoffice.ag	1
Infomaniak Network SA	paymail.pm	1
agenturserver.co	Mittwald CM Service GmbH & Co. KG	3
mydomainprovider.com	localhost	2
netim.net	QUICKPACKET	2
blacknightdns.com	AUTOMATTIC	1
vpn4dc.pm	vpn4dc.pm	1
CLOUDFLARENET	owo.pm	1
NForce Entertainment B.V.	ip-tv.pm	1
dnshost.net	MICROSOFT-CORP-MSN-AS-BLOCK	1
scw.cloud	iran.pm	1
awsdns-27.org	GOOGLE	1
uk-noc.com	mimecast.com	1
Host Europe GmbH	pride.pm	1
awsdns-47.com	spamhero.net	1
OVH SAS	pulsarsites.com	1
OVH SAS	ZOHO Corporation B.V	2
hyp.net	mygel.org	1
domainoo.fr	milkana.pm	1
NForce Entertainment B.V.	GOOGLE	9
OVH SAS	datamix.dev	1
ab stract ltd	UpCloud Ltd	5
mijnhostingpartner.nl	mijnhostingpartner.nl	1
CLOUDFLARENET	ssk.pm	1
AMAZON-02	cocreate.pm	1
Cloud DNS Ltd	Proton AG	6
OVH SAS	mailo.com	1
Host Europe GmbH	girl.pm	1
ch-dns.net	din.pm	1
domserver.de	ocelot.pm	1
one2net.net	one2net.net	1
OVH SAS	o74.net	4
CLOUDFLARENET	mvld.eu	4
Host Europe GmbH	unterholzner.pm	1
ipcom GmbH	fotografie.pm	1
AMAZON-02	roadmap.pm	1
volvo.com	volvo.com	1
awsdns-20.com	Datacamp Limited	1
O2switch SAS	petrovic.pm	1
OVH SAS	lawi.fr	1
Hetzner Online GmbH	YANDEX LLC	1
webd.pl	poznan.pm	1
Scaleway S.a.s.	rossi.pm	1
pmurdoch.com	p-m.pm	1
hyp.net	ZOHO-AS	1
Host Europe GmbH	tps-net.de	1
1and1-dns.biz	1and1.fr	3
NETWORK-SOLUTIONS-HOSTING	forsale.pm	1
Signet B.V.	detail.pm	1
one.com	hornetsecurity.com	1
ipcom GmbH	blancheporte.pm	1
AMAZON-02	psychology.pm	1
ab stract ltd	ajoke.eu	1
managed-vps.net	boing.pm	1
hyp.net	nordgreen.no	1
bisping.de	pphosted.com	2
NetActuate, Inc	OVH SAS	1
ab stract ltd	purelymail.com	1
CLOUDFLARENET	caio.pm	1
CLOUDFLARENET	icgo.co	1
CLOUDFLARENET	shopee.pm	1
AMAZON-02	non.pm	1
Infomaniak Network SA	4n0ny.me	1
AMAZON-02	cpo.pm	1
NSONE	GOOGLE	16
Signet B.V.	APPLE-ENGINEERING	1
mijn.host	Proton AG	1
awsdns-27.net	GOOGLE	1
gigatux.com	bitcoin.pm	1
Signet B.V.	serviceplus.pm	1
dnsimple.com	GOOGLE	2
vultr.com	rand.pm	1
Signet B.V.	weloveprojects.pm	1
ipcom GmbH	webspace.bz	5
kvchosting.com	cooptic.pm	1
sigtermdns.net	sigterm.no	1
Signet B.V.	save.pm	1
CLOUDFLARENET	rte.pm	1
CLOUDFLARENET	x3u.de	1
Signet B.V.	transip.pm	1
iwantmyname.net	APPLE-ENGINEERING	1
Host Europe GmbH	grossmann.pm	1
potager.org	potager.org	1
portsdns.net	houseoffraser.pm	1
emubox.ch	emubox.ch	1
mediahost.gr	unibook.pm	1
amx.pm	Proton AG	1
hostup.se	noc.pm	1
ipcom GmbH	mail-forwarder.io	3
lwsdns.com	aviavis.pm	1
AMAZON-02	tato.pm	1
OVH SAS	clip.pm	1
AMAZON-02	rest.pm	1
awsdns-14.net	trannyzoekt.pm	1
PLANETHOSTER-8	env.ms	1
OVH SAS	seopt.pm	1
routing.net	Eurofiber France SAS	2
cedgetec.com	cedgetec.com	1
CLOUDFLARENET	Heinlein-Support GmbH	2
OVH SAS	jdsoft.de	2
AMAZON-02	mailerhost.net	5
awsdns-06.net	ZOHO-AS	1
CLOUDFLARENET	thomassen.pm	1
Hetzner Online GmbH	APPLE-ENGINEERING	1
OVH SAS	ailesse.info	1
CLOUDFLARENET	astrom.pm	1
awsdns-26.com	turner.com	1
ab stract ltd	vvv.pm	1
DIGICERT	oceaniacruises.pm	1
csof.net	specialblue.pm	1
ipcom GmbH	lablanche-porte.pm	1
secureserver.net	emailconfig.com	1
mbox.lu	mbox.lu	1
dodns.net	mop.pm	1
O2switch SAS	alexeo.pm	1
Host Europe GmbH	Fastmail Pty Ltd	1
CLOUDFLARENET	dreamhost.com	2
Scaleway S.a.s.	agartha.pm	1
romarg.com	GOOGLE	1
Signet B.V.	cron.pm	1
markmonitor.zone	markmonitor.com	1
co.uk	weare.pm	1
CLOUDFLARENET	Datacamp Limited	1
nom-domaine.fr	eu.com	1
AMAZON-02	koto.pm	1
ipcom GmbH	uberspace.de	2
HURRICANE	Fastmail Pty Ltd	1
NETWORK-SOLUTIONS-HOSTING	homes.pm	1
Host Europe GmbH	slnk.pm	1
ab stract ltd	dawn.pm	1
CLOUDFLARENET	damsum.pm	1
dnspod.net	qq.com	2
ab stract ltd	joga.pm	1
Cloud DNS Ltd	soverin.net	2
cyberfolks.pl	wos.pm	1
CLOUDFLARENET	bik.pm	1
lwsdns.com	phil.pm	1
404.name	404.name	3
OVH SAS	Cloudflare London, LLC	2
sarbacane-dns.com	sarbacane.com	1
lwsdns.com	emu.pm	1
NForce Entertainment B.V.	Heinlein-Support GmbH	2
OVH SAS	Fastmail Pty Ltd	1
awsdns-28.net	seksn.pm	1
hostia.name	aloevera.pm	1
wallgrind.be	devi.pm	1
rapidomaine.biz	rapidomaine.com	1
awsdns-05.net	amazonaws.com	2
everymanhosting.com	dad.pm	1
Host Europe GmbH	xtra5.pm	1
wood.pm	wood.pm	1
Signet B.V.	bloomprojects.pm	1
one.com	GOOGLE	5
AMAZON-02	datasolutions.pm	1
CLOUDFLARENET	goo.pm	1
Scaleway S.a.s.	GOOGLE	2
O2switch SAS	snip.pm	1
NSONE	ZOHO Corporation B.V	1
awsdns-02.org	flirto.pm	1
behostings.net	bastion.pm	1
ab stract ltd	hold.pm	1
webglobe.cz	seznam.cz	1
Host Europe GmbH	hoppe.pm	1
GANDI SAS	mongueurs.net	2
AMAZON-02	learning.pm	1
OVH SAS	dhooghe.pm	1
OVH SAS	brouwer.network	1
webhosting4.me	usa.pm	1
SERVERSTACK-ASN	legalporn.pm	1
1984.is	afk.pm	1
NUCDN	MICROSOFT-CORP-MSN-AS-BLOCK	2
cloudhost.id	GOOGLE	1
AMAZON-02	YANDEX LLC	1
dnspod.net	miku.pm	1
NForce Entertainment B.V.	global-mail.cn	1
huaweicloud-dns.cn	MICROSOFT-CORP-MSN-AS-BLOCK	1
xsw.bz	your-web.ch	1
CLOUDFLARENET	hostinger.es	2
NSONE	APPLE-ENGINEERING	2
yoursrs.com	yoursrs.com	1
CLOUDFLARENET	serv00.com	1
lwsdns.com	168.pm	1
O2switch SAS	trip.pm	1
wobdns.de	wobdns.de	1
ipcom GmbH	GOOGLE	7
lwsdns.com	perigord.pm	1
CLOUDFLARENET	QUICKPACKET	8
CLOUDFLARENET	sites.pm	1
ipcom GmbH	tgv.pm	1
inddee.com	stackmail.com	1
O2switch SAS	aai.pm	1
Host Europe GmbH	eberhardt.pm	1
cal.pl	uki.pm	1
CLOUDFLARENET	ittf.pl	1
CLOUDFLARENET	hostinger.se	1
OVH SAS	ouvaton.coop	1
stone.pm	stone.pm	1
idp365.net	idp365.net	2
CLOUDFLARENET	krmail.dev	1
hyp.net	Proton AG	7
Scaleway S.a.s.	Cloudflare London, LLC	3
norplex-communications.com	rupprecht.pm	1
ipcom GmbH	la-blancheporte.pm	1
O2switch SAS	untest.pm	1
Cloud DNS Ltd	cloudns.net	2
ui-dns.biz	ionos.fr	1
ipcom GmbH	blanche-porte.pm	1
parspack.co	rouzbeh.pm	1
bb0.nl	APPLE-ENGINEERING	1
GANDI SAS	ready.pm	1
websitewelcome.com	construction.pm	1
ipcom GmbH	lablancheporte.pm	1
CLOUDFLARENET	rhys.pm	1
awsdns-08.com	sexytoo.pm	1
lwsdns.com	belfiore.pm	1
O2switch SAS	burdin.pm	1
netcup GmbH	fms.pm	1
CLOUDFLARENET	ncloud.pm	1
migadu.com	OVH SAS	1
wwdh.hu	mailserver.hu	1
ipcom GmbH	behnke.pm	1
CLOUDFLARENET	freeyouremail.com	1
NETWORK-SOLUTIONS-HOSTING	england.pm	1
Host Europe GmbH	content.pm	1
NForce Entertainment B.V.	yandex.ru	1
hyp.net	GOOGLE	1
GANDI SAS	bianchi.pm	1
eleven2.com	senior.pm	1
O2switch SAS	rodriguez.pm	1
dominiok.it	gino.pm	1
GANDI SAS	message-business.com	1
yoncu.com	yoncu.com	1
awsdns-06.net	GOOGLE	1
Hetzner Online GmbH	your-server.de	1
NForce Entertainment B.V.	cpv.pm	1
NETWORK-SOLUTIONS-HOSTING	auto.pm	1
quantumhosting.cloud	llc.pm	1
OVH SAS	phoenix-ind.net	1
ab stract ltd	till5.pm	1
Host Europe GmbH	primus.pm	1
Scaleway S.a.s.	after6.pm	1
Host Europe GmbH	hornetsecurity.com	1
31dos.eu	jeroen.pm	1
Scaleway S.a.s.	Heinlein-Support GmbH	3
CLOUDFLARENET	o2switch.net	1
NSONE	moesrv.de	1
cba.pl	cba.pl	1
lwsdns.com	larevuedesarchers.pm	1
NETWORK-SOLUTIONS-HOSTING	decor.pm	1
Host Europe GmbH	encrypted.pm	1
CLOUDFLARENET	singled.pm	1
CLOUDFLARENET	log.pm	1
ipcom GmbH	Heinlein-Support GmbH	4
superhost.pl	super-host.pl	1
OVH SAS	postal.pm	1
francedns.com	Proton AG	1
linuxpl.com	muj.pm	1
lwsdns.com	schimp.pm	1
hostland.ru	YANDEX LLC	1
CLOUDFLARENET	dd24.net	1
CLOUDFLARENET	spaceship.net	1
O2switch SAS	unityx.pm	1
OVH SAS	startmail.com	1
managed-vps.net	snap.pm	1
OVH SAS	tubes.pm	1
nic.fr	nic.fr	2
site5.com	blackbox.pm	1
CLOUDFLARENET	cmp.pm	1
Hostpoint AG	APPLE-ENGINEERING	1
O2switch SAS	prz.pm	1
Scaleway S.a.s.	echo.pm	1
malik.pm	Proton AG	1
GOOGLE	GOOGLE	2
com.au	com.au	1
Scaleway S.a.s.	myhome.pm	1
OVH SAS	niedermeier.pm	1
Host Europe GmbH	defnull.net	1
OVH SAS	gh.ht	1
Hetzner Online GmbH	busch.pm	1
NForce Entertainment B.V.	MICROSOFT-CORP-MSN-AS-BLOCK	1
NETWORK-SOLUTIONS-HOSTING	arte.pm	1
Host Europe GmbH	autoversicherung.pm	1
NForce Entertainment B.V.	m0.pm	1
NETWORK-SOLUTIONS-HOSTING	russia.pm	1
expada.net	crm.pm	1
AMAZON-02	tombola.pm	1
techweb.ro	warp.pm	1
CLOUDFLARENET	lite.pm	1
AMAZON-02	criari.pm	1
Host Europe GmbH	ama.pm	1
CLOUDFLARENET	hostinger.pt	1
planethoster.net	acreoo.pm	1
NetActuate, Inc	netz.tf	1
O2switch SAS	champ.pm	1
CLOUDFLARENET	social.pm	1
AMAZON-02	canna.pm	1
co.uk	co.uk	1
hoasted.com	Proton AG	2
first-ns.de	cart.pm	1
NETWORK-SOLUTIONS-HOSTING	london.pm	1
hosting-linux.it	GOOGLE	1
Hetzner Online GmbH	Proton AG	5
Infomaniak Network SA	Heinlein-Support GmbH	1
O2switch SAS	bip.pm	1
O2switch SAS	changement.pm	1
first-ns.de	cobolt.net	1
hostup.se	Proton AG	1
CLOUDFLARENET	sox.pm	1
OVH SAS	webapp.pm	2
lwsdns.com	vpv.pm	1
ab stract ltd	utxo.pm	1
AMAZON-02	questions.pm	1
AMAZON-02	delicious.pm	1
ipcom GmbH	pluto.pm	1
NForce Entertainment B.V.	dune.yt	1
driftshotellet.com	driftshotellet.com	1
com.ua	aeneas.pm	1
webglobe.cz	GOOGLE	1
CLOUDFLARENET	ptp.pm	1
awsdns-20.net	eenmatch.pm	1
home.pl	home.pl	1
NETWORK-SOLUTIONS-HOSTING	market.pm	1
O2switch SAS	muller.pm	1
NSONE	substack-custom-domains.com	1
O2switch SAS	Proton AG	1
ipcom GmbH	pero.pm	1
GOOGLE	mateco.pm	1
CLOUDFLARENET	projectmidnight.pm	1
CLOUDFLARENET	project.pm	1
yandex.net	YANDEX LLC	1
OVH SAS	exec.pm	1
schlundtech.de	domain-robot.org	1
BUNNYWAY, informacijske storitve d.o.o.	GOOGLE-CLOUD-PLATFORM	1
zxcs.be	zxcs.nl	1
CLOUDFLARENET	ogo.pm	1
first-ns.de	fail.pm	1
netcup GmbH	netcup.net	1
Signet B.V.	now.pm	1
Cloud DNS Ltd	attotech.com	1
ipcom GmbH	grossmann.nexus	1
CLOUDFLARENET	yandex.ru	1
bhosted.nl	bhosted.nl	1
serverworld.uk	beer.pm	1
SERVERSTACK-ASN	legalporno.pm	1
behostings.net	afcompressors.pm	1
GOOGLE	One.com A/S	1
AMAZON-02	masterfile.pm	1
Host Europe GmbH	vcrd.pm	1
reg.ru	reg.ru	1
CLOUDFLARENET	8k.pm	1
OVH SAS	helpdesk.pm	1
ipcom GmbH	johannes.pm	1
quicns.cloud	CLOUDFLARENET	1
AMAZON-02	penmodding.pm	1
Host Europe GmbH	ink.pm	1
OVH SAS	poczta.it	1
ab stract ltd	baboum.org	1
hostedzone.net	oneill.pm	1
IONOS SE	MICROSOFT-CORP-MSN-AS-BLOCK	2
awsdns-09.org	GOOGLE-CLOUD-PLATFORM	1
NETWORK-SOLUTIONS-HOSTING	tokyo.pm	1
indomco.com	monoprix.pm	1
Host Europe GmbH	allianz-mueller.pm	1
Host Europe GmbH	hosteurope.pm	1
Hetzner Online GmbH	menio.pm	1
egensajt.se	Tutao GmbH	1
AMAZON-02	AUTOMATTIC	1
yoursrs.com	Cloudflare London, LLC	1
ui-dns.biz	ionos.de	2
CLOUDFLARENET	solun.pm	1
SPM-TELECOM-1	pphosted.com	1
small.pl	small.pl	1
abcserver.eu	spamexperts.com	1
01.pm	Proton AG	1
CLOUDFLARENET	punjwani.pm	1
easydns.ca	heropm.com	1
lwsdns.com	hypercrate.pm	1
netcup GmbH	Heinlein-Support GmbH	1
AMAZON-02	appfolio.pm	1
OVH SAS	boxes.pm	1
Host Europe GmbH	biro.pm	1
managed-vps.net	foto.pm	1
O2switch SAS	promail.pm	1
OVH SAS	hotmail.com	1
nscluster.eu	nameweb.biz	1
leleu.pm	leleu.pm	1
CLOUDFLARENET	justin.pm	1
Hetzner Online GmbH	hotmail.com	1
Signet B.V.	gomibo.pm	1
CLOUDFLARENET	gmail.pm	1
SERVERSTACK-ASN	pog.pm	1
octopuce.fr	heberge.info	1
AMAZON-02	zapzap.pm	1
magiiic.com	magiiic.com	2
DIGICERT	smtp.dev	1
alwaysdata.com	Proton AG	1
CLOUDFLARENET	ultraviolet.pm	1
GANDI SAS	co.uk	1
ab stract ltd	anderson.pm	1
SERVERSTACK-ASN	pornbox.pm	1
Host Europe GmbH	made-by.pm	1
lwsdns.com	mediavers.pm	1
kei.pl	GOOGLE	1
AMAZON-02	mic.pm	1
CLOUDFLARENET	era.pm	1
ab stract ltd	dukosa.pm	1
peaknetworks.net	peaknetworks.net	1
NetActuate, Inc	GOOGLE	1
ipcom GmbH	foosion.org	1
azehosting.net	meyer.pm	1
CLOUDFLARENET	zephyr.pm	1
hoster.kz	MICROSOFT-CORP-MSN-AS-BLOCK	1
GANDI SAS	mail.ru	1
awsdns-44.org	GOOGLE	1
Hangzhou Alibaba Advertising Co.,Ltd.	larksuite.com	1
afraid.org	boerde.de	1
CLOUDFLARENET	zenbox.pl	1
icedns.is	Proton AG	1
zenbox.pl	zenbox.pl	2
webdir.today	4life.pm	1
cyon.ch	rpms.pm	1
domenomania.pl	zion.pm	1
Cloud DNS Ltd	Fastmail Pty Ltd	1
OVH SAS	tran.pm	1
lwsdns.com	crookedreality.com	1
CLOUDFLARENET	olsen.pm	1
dnsmaster.io	nunames.net	1
CLOUDFLARENET	Scaleway S.a.s.	1
bfd.pm	bfd.pm	1
awsdns-22.net	GOOGLE	1
CLOUDFLARENET	topdns.com	1
mijn.host	Heinlein-Support GmbH	1
AMAZON-02	ubf.pm	1
Signet B.V.	heyy.pm	1
Host Europe GmbH	olt.pm	1
NSONE	GOOGLE-CLOUD-PLATFORM	1
OVH SAS	pphosted.com	1
seohost.pl	koziol.pm	1
CLOUDFLARENET	UpCloud Ltd	1
Scaleway S.a.s.	leclair.pm	1
AMAZON-02	symphony.pm	1
iqhs.eu	gazeta.pm	1
hyp.net	Heinlein-Support GmbH	1
linode.com	mine.pm	1
CLOUDFLARENET	chaoswit.ch	1
NSONE	t-msedge.net	1
cluster-team.net	cluster-team.com	1
host2vps.com	mailfence.com	1
Cloud DNS Ltd	Tutao GmbH	1
ab stract ltd	runbox.com	1
Hetzner Online GmbH	GOOGLE	2
CLOUDFLARENET	mtm.pm	1
woima.fi	GOOGLE	1
inmotionhosting.com	europeanstudios.pm	1
O2switch SAS	sns.pm	1
O2switch SAS	hypnose.pm	1
Infomaniak Network SA	soverin.net	1
Host Europe GmbH	weller.pm	1
OVH SAS	netcup.net	2
CLOUDFLARENET	mydevil.net	1
NUCDN	APPLE-ENGINEERING	1
ideabits.com	ideabits.com	1
ab stract ltd	colorado.pm	1
NForce Entertainment B.V.	riga.pm	1
NSONE	ZOHO-AS	2
site5.com	secretsessions.pm	1
O2switch SAS	networking.pm	1
AMAZON-02	playbook.pm	1
audi.de	audi.de	1
Host Europe GmbH	blumenbecker.pm	1
O2switch SAS	cohen.pm	1
timeweb.org	timeweb.ru	1
DIGICERT	demo.pm	1
ipcom GmbH	petitbateau.pm	1
Scaleway S.a.s.	emma.pm	1
CLOUDFLARENET	exe.pm	1
bluehost.com	pem.pm	1
NETWORK-SOLUTIONS-HOSTING	Proton AG	1
simply.com	MICROSOFT-CORP-MSN-AS-BLOCK	1
OVH SAS	simplito.com	1
Trellian Pty. Limited	above.com	4
AMAZON-02	rich.pm	1
NETWORK-SOLUTIONS-HOSTING	auction.pm	1
O2switch SAS	design.pm	1
NForce Entertainment B.V.	sir.pm	1
NSONE	MICROSOFT-CORP-MSN-AS-BLOCK	1
O2switch SAS	ricky.pm	1
Signet B.V.	pmbootcamp.pm	1
CLOUDFLARENET	ip-37-187-75.eu	1
host.am	GOOGLE	1
O2switch SAS	vcorps.pm	1
ouvaton.coop	ouvaton.coop	1
netim.net	kovacs.pm	1
OVH SAS	lukic.pm	1
Infomaniak Network SA	mailfence.com	1
n8n.pm	n8n.pm	1
alfahosting.info	secure-mailgate.com	1
alter.pm	Proton AG	1
AMAZON-02	ZOHO Corporation B.V	1
CLOUDFLARENET	edu.pm	1
CLOUDFLARENET	nom.pm	1
perf1.com	teletoonplus.pm	1
CLOUDFLARENET	trashpanda.pm	1
excedodns.com	posteo.de	1
O2switch SAS	izzi.pm	1
1984.is	Proton AG	1
endora.cz	seznam.cz	1
webfundament.com	records.pm	1
NSONE	Fastmail Pty Ltd	2
NForce Entertainment B.V.	mymailcheap.com	1
AMAZON-02	demoday.pm	1
AMAZON-02	builtwith.pm	1
OVH SAS	alexandre.pm	1
20dragons.com	c0m.pm	1
Hetzner Online GmbH	QUICKPACKET	1
egensajt.se	egensajt.se	2
Hetzner Online GmbH	Fastmail Pty Ltd	2
whitehostlabel.com	harmony.pm	1
NETWORK-SOLUTIONS-HOSTING	style.pm	1
ipcom GmbH	GOOGLE-CLOUD-PLATFORM	1
Signet B.V.	pieter.pm	1
Scaleway S.a.s.	carisma.fr	2
AMAZON-02	demaree.pm	1
CLOUDFLARENET	cloudhost.id	1
awsdns-04.org	chatflirts.pm	1
Host Europe GmbH	aws.pm	1
Host Europe GmbH	kopp.pm	1
inwx.com	runbox.com	1
safenames.com	idp365.net	1
AMAZON-02	arnott-europe.pm	1
Host Europe GmbH	buxte-web.de	1
hostingww.com	kenny.pm	1
scw.cloud	abba.pm	1
webglobe.cz	webglobe.cz	2
NetActuate, Inc	kritis.ru	1
Groupe LWS SARL	radionet.pm	1
Groupe LWS SARL	medias.pm	1
AMAZON-02	vibecoding.pm	1
GANDI SAS	OVH SAS	2
markmonitor.com	markmonitor.com	1
Signet B.V.	leaf.pm	1
websupport.sk	mike.pm	1
Host Europe GmbH	rental.pm	1
CLOUDFLARENET	flex.pm	1
AMAZON-02	sinbo.pm	1
phade.de	regiobus.pm	1
limenet.de	Cloudflare London, LLC	1
ipcom GmbH	21.78	1
AMAZON-02	hired.pm	1
AMAZON-02	productfaculty.pm	1
O2switch SAS	geolink-hub.pm	1
curanet.dk	mailsecuritygateway.com	1
CLOUDFLARENET	contractor.pm	1
Signet B.V.	direction.pm	1
ipcom GmbH	netcup.net	1
O2switch SAS	evonet.pm	1
iwantmyname.net	Proton AG	1
CLOUDFLARENET	hostinger.in	1
PLANETHOSTER-8	plante.pm	1
OVH SAS	petit.pm	1
driedexotics.us	fei.pm	1
NForce Entertainment B.V.	Tutao GmbH	1
Cloud DNS Ltd	rssc.pm	1
mijn.host	APPLE-ENGINEERING	1
dns-servers.cloud	rep.pm	1
OVH SAS	younea.tech	1
teodns.com	CLOUDFLARENET	1
gigatux.com	btc.pm	1
OVH SAS	hydrasolutions.it	1
ipcom GmbH	djt.pm	1
ipcom GmbH	bei.pm	1
AMAZON-02	englishhome.pm	1
ns01.nl	u64.pm	1
AMAZON-02	valuemap.pm	1
ab stract ltd	trymailme.pm	1
intel.com	intel.com	1
GOOGLE	Proton AG	1
yum.pl	vipserv.org	1
dns1.de	mehr-zukunft.pm	1
schlundtech.de	unionright.com	1
Signet B.V.	mah.pm	1
NSONE	lot.pm	1
CLOUDFLARENET	siberien.tf	1
NETWORK-SOLUTIONS-HOSTING	bid.pm	1
ipcom GmbH	fred.pm	1
AMAZON-02	greet.pm	1
AMAZON-02	smartmore.pm	1
GANDI SAS	Heinlein-Support GmbH	2
ns14.net	domain-robot.org	1
ab stract ltd	GOOGLE	1
NETWORK-SOLUTIONS-HOSTING	photos.pm	1
NetActuate, Inc	postale.io	1
example.com	my-am.pm	1
OVH SAS	tsa-dhi.com	1
AMAZON-02	hotmail.com	1
seohost.pl	praz.pm	1
dns26.net	garnier.pm	1
PLANETHOSTER-8	armenia.pm	1
CLOUDFLARENET	throttlehq.com	1
lwsdns.com	gaia.pm	1
hyp.net	amazonaws.com	1
CLOUDFLARENET	kingmailer.org	1
Signet B.V.	baco.pm	1
Host Europe GmbH	aka.pm	1
antani.cc	antani.pm	1
NForce Entertainment B.V.	QUICKPACKET	1
net.pl	prv.pm	1
axc.nl	fritz.pm	1
hostinginterface.eu	ZOHO-AS	1
clausweb.ro	vitalis.pm	1
lwsdns.com	paca.pm	1
CLOUDFLARENET	emailconfig.com	1
Signet B.V.	bitosis.nl	1
Signet B.V.	msgw.pm	1
CLOUDFLARENET	bobor.pm	1
mellor.pm	mellor.pm	1
NetActuate, Inc	kern.pm	1
dnsdomene.net	GOOGLE	1
contabo.net	adz.pm	1
awsdns-07.net	GOOGLE	1
awsdns-17.com	omadaten.pm	1
AMAZON-02	mastery.pm	1
Scaleway S.a.s.	proxad.net	1
OVH SAS	datamix.pm	1
23t.pm	23t.pm	1
iwantmyname.net	Fastmail Pty Ltd	1
AMAZON-02	chb.pm	1
AMAZON-02	frameworks.pm	1
Signet B.V.	sendgrid.net	1
iwantmyname.com	OVH SAS	1
soverin.net	soverin.net	1
ipcom GmbH	foo.pm	1
webhost.pm	webhost.pm	1
ns14.net	serverzeugs.email	1
ipcom GmbH	APPLE-ENGINEERING	1
ab stract ltd	Infomaniak Network SA	1
AMAZON-02	quantumcomputing.pm	1
ab stract ltd	APPLE-ENGINEERING	1
Signet B.V.	spartan.pm	1
smartape.ru	aff.pm	1
ab stract ltd	swain.pm	1
wordpress.com	GANDI SAS	1
CLOUDFLARENET	xidera.com	1
CLOUDFLARENET	aliyun.com	1
ip-37-187-151.eu	semperpax.com	1
AMAZON-02	productstrategy.pm	1
AMAZON-02	groupproject.pm	1
run.pm	she.pm	1
CLOUDFLARENET	hire.pm	1
register.ch	mailprotect.be	1
NForce Entertainment B.V.	ZOHO-AS	1
ab stract ltd	breadgloves.pm	1
nameservers.pm	Proton AG	1
loopiagroup.com	GOOGLE	1
nsdns.info	mail-forwarder.io	1
namecheaphosting.com	jellyfish.systems	1
serviciodns.es	parque.pm	1
NETWORK-SOLUTIONS-HOSTING	life.pm	1
xenoblade.pm	geocoucou.eu	1
Host Europe GmbH	success.pm	1
CLOUDFLARENET	staff.pm	1
OVH SAS	breizh.pm	1
AMAZON-02	onetwotrip.pm	1
ipcom GmbH	v6.lv	1
AMAZON-02	dreams.pm	1
gcdn.services	ZOHO Corporation B.V	1
Yelles AB	ifk.pm	1
lwsdns.com	gazettes.pm	1
fullhosting.eu	GOOGLE	1
dnshostnetwork.com	asp.pm	1
AMAZON-02	blueocean.pm	1
webh.cloud	webh.email	1
nordicway.dk	figo.pm	1
AMAZON-02	storymap.pm	1
proisp.no	tri.pm	1
wedos.com	wedos.net	1
awsdns-10.org	CLOUDFLARENET	1
GANDI SAS	antoine.pm	1
nameservers.pm	palmasolutions.email	1
CLOUDFLARENET	bien.pm	1
OVH SAS	sharops.io	1
NetActuate, Inc	Proton AG	1
NUCDN	mindset.pm	1
cihat.pm	Proton AG	1
NETWORK-SOLUTIONS-HOSTING	lease.pm	1
registrar-servers.com	pamphlets.me	1
domainesia.net	veto.pm	1
CLOUDFLARENET	cvs.io	1
CLOUDFLARENET	research.pm	1
Host Europe GmbH	fleschner.pm	1
lwsdns.com	adt.pm	1
awsdns-18.org	AUTOMATTIC	1
beget.com	YANDEX LLC	1
Host Europe GmbH	einfach-erfolgreich.pm	1
first-ns.de	interchange.pm	1
awsdns-18.net	GOOGLE	1
dnstools.nl	codesk.nl	1
GANDI SAS	sattler.pm	1
nsd.ovh	badsi.info	1
fedotov.pm	fedotov.pm	1
hyp.net	QUICKPACKET	1
GANDI SAS	clement.pm	1
dnsv2.com	MICROSOFT-CORP-MSN-AS-BLOCK	1
franceserv.fr	franceserv.fr	1
hostinginterface.eu	secureserver.net	1
in-berlin.de	in-berlin.de	1
O2switch SAS	accuracy.pm	1
lwsdns.com	vrx.pm	1
i69.pl	waw.pl	1
CLOUDFLARENET	horizon.pm	1
CLOUDFLARENET	url.pm	1
GOOGLE	GANDI SAS	1
routing.net	mio.pm	1
zapiff.de	zapiff.de	1
O2switch SAS	pastest.pm	1
redirect.host	redirect.host	1
out.pm	out.pm	1
CLOUDFLARENET	lastrei.com	1
linuxpl.com	xn--mj-5ja.pm	1
NETWORK-SOLUTIONS-HOSTING	gift.pm	1
NForce Entertainment B.V.	mail.ru	1
ab stract ltd	QUICKPACKET	1
ipcom GmbH	sncf.pm	1
cloudgusto.com	stackmail.com	1
interdata.vn	dang.pm	1
run.pm	bill.pm	1
linuxpl.com	moj.pm	1
buho.pm	GOOGLE	1
OVH SAS	cli.pm	1
O2switch SAS	linkify.pm	1
hostup.se	Heinlein-Support GmbH	1
AMAZON-02	Cloudflare London, LLC	1
ipcom GmbH	digitalmemex.com	1
stabletransit.com	GOOGLE	1
ipcom GmbH	dd24.net	1
OVH SAS	ip-5-135-155.eu	1
hostup.se	naturligtvis.pm	1
own.pm	ownprovider.com	1
CLOUDFLARENET	jmp.pm	1
42.pl	null.pm	1
Host Europe GmbH	baufinanzierung.pm	1
Host Europe GmbH	brome.pm	1
AMAZON-02	every.pm	1
indomco.com	miss-france.pm	1
ip-176-31-84.eu	lll.pm	1
123-vpsserver.com	iii.pm	1
HURRICANE	inet.pm	1
byteland.de	MICROSOFT-CORP-MSN-AS-BLOCK	1
NetActuate, Inc	fortifymail.com	1
NETWORK-SOLUTIONS-HOSTING	artist.pm	1
AMAZON-02	itisfive.pm	1
